order_id,order_date,category,product_price,quantity,discount_pct,revenue,region,payment_method,customer_age,is_returned,rating,month,month_name,day_of_week,quarter
ORD100000,2023-02-27 00:47:00,Beauty,1049.01,2,5,1993.13,East,UPI,56,0,2,2,Feb,Monday,1
ORD100001,2023-02-22 21:47:00,Clothing,1130.87,1,0,1130.87,Central,UPI,57,0,1,2,Feb,Wednesday,1
ORD100002,2023-01-17 00:05:00,Home & Kitchen,1735.3,1,0,1735.3,South,UPI,39,0,1,1,Jan,Tuesday,1
ORD100003,2023-01-14 17:12:00,Sports,1432.38,1,0,1432.38,Central,Credit Card,45,1,3,1,Jan,Saturday,1
ORD100004,2023-10-29 08:51:00,Home & Kitchen,2377.66,1,20,1902.13,North,Debit Card,20,0,4,10,Oct,Sunday,4
ORD100005,2023-12-24 13:21:00,Clothing,816.01,1,0,816.01,East,UPI,42,1,5,12,Dec,Sunday,4
ORD100006,2023-02-22 02:24:00,Books,309.9,2,5,588.82,North,UPI,24,0,5,2,Feb,Wednesday,1
ORD100007,2023-11-06 08:51:00,Books,356.25,1,0,356.25,North,Debit Card,57,0,4,11,Nov,Monday,4
ORD100008,2023-03-05 12:05:00,Sports,2026.1,1,10,1823.49,Central,UPI,61,1,5,3,Mar,Sunday,1
ORD100009,2023-11-13 11:36:00,Beauty,481.97,2,15,819.36,South,Debit Card,25,0,4,11,Nov,Monday,4
ORD100010,2023-12-05 07:49:00,Electronics,9290.46,2,20,14864.73,East,COD,62,0,5,12,Dec,Tuesday,4
ORD100011,2023-02-21 12:17:00,Clothing,2020.89,1,20,1616.71,West,Debit Card,41,0,3,2,Feb,Tuesday,1
ORD100012,2023-03-25 11:22:00,Books,539.59,2,15,917.3,South,Debit Card,58,0,5,3,Mar,Saturday,1
ORD100013,2023-12-16 20:04:00,Beauty,1103.33,1,0,1103.33,Central,Debit Card,40,0,4,12,Dec,Saturday,4
ORD100014,2023-05-06 05:29:00,Sports,698.09,2,0,1396.18,West,UPI,64,0,5,5,May,Saturday,2
ORD100015,2023-12-19 17:14:00,Beauty,1091.39,2,10,1964.49,East,Net Banking,56,0,5,12,Dec,Tuesday,4
ORD100016,2023-04-28 01:51:00,Electronics,8048.4,1,15,6841.14,East,Credit Card,49,0,3,4,Apr,Friday,2
ORD100017,2023-04-19 18:56:00,Electronics,5603.33,2,5,10646.32,East,UPI,46,0,2,4,Apr,Wednesday,2
ORD100018,2023-07-22 20:29:00,Home & Kitchen,1553.21,4,10,5591.54,South,UPI,23,0,3,7,Jul,Saturday,3
ORD100019,2023-10-15 17:16:00,Clothing,949.12,1,15,806.75,Central,Credit Card,45,0,5,10,Oct,Sunday,4
ORD100020,2023-07-24 11:14:00,Sports,2394.94,1,0,2394.94,South,Credit Card,20,0,4,7,Jul,Monday,3
ORD100021,2023-01-25 03:09:00,Electronics,4566.03,1,0,4566.03,South,Debit Card,59,0,5,1,Jan,Wednesday,1
ORD100022,2023-11-02 02:24:00,Home & Kitchen,2371.95,2,0,4743.9,West,Credit Card,29,0,4,11,Nov,Thursday,4
ORD100023,2023-09-28 08:35:00,Home & Kitchen,582.15,1,0,582.15,North,Debit Card,34,0,5,9,Sep,Thursday,3
ORD100024,2023-12-16 17:48:00,Electronics,7174.7,1,5,6815.97,East,Debit Card,19,0,4,12,Dec,Saturday,4
ORD100025,2023-02-27 09:27:00,Books,387.38,2,5,736.01,South,Credit Card,28,0,3,2,Feb,Monday,1
ORD100026,2023-05-15 16:48:00,Beauty,858.81,5,0,4294.06,South,Credit Card,33,0,4,5,May,Monday,2
ORD100027,2023-11-17 09:53:00,Electronics,12703.96,1,0,12703.96,Central,Credit Card,37,0,3,11,Nov,Friday,4
ORD100028,2023-07-11 05:34:00,Clothing,1643.76,1,0,1643.76,Central,COD,58,0,4,7,Jul,Tuesday,3
ORD100029,2023-06-15 15:01:00,Sports,2223.84,4,0,8895.35,North,COD,45,0,3,6,Jun,Thursday,2
ORD100030,2023-05-03 01:15:00,Books,680.85,1,0,680.85,Central,COD,19,1,5,5,May,Wednesday,2
ORD100031,2023-09-06 02:48:00,Electronics,9689.12,2,15,16471.51,Central,Debit Card,26,0,5,9,Sep,Wednesday,3
ORD100032,2023-12-04 15:35:00,Clothing,1254.36,1,15,1066.2,South,UPI,28,1,5,12,Dec,Monday,4
ORD100033,2023-08-05 06:59:00,Sports,1874.03,2,5,3560.67,Central,Debit Card,42,0,1,8,Aug,Saturday,3
ORD100034,2023-04-13 22:19:00,Beauty,952.45,2,10,1714.41,West,COD,58,0,1,4,Apr,Thursday,2
ORD100035,2023-07-11 14:57:00,Beauty,534.94,1,0,534.94,Central,Credit Card,25,0,4,7,Jul,Tuesday,3
ORD100036,2023-04-26 02:21:00,Clothing,766.18,1,0,766.18,North,Credit Card,63,0,5,4,Apr,Wednesday,2
ORD100037,2023-10-29 07:00:00,Clothing,1272.93,1,15,1081.99,North,Debit Card,44,0,4,10,Oct,Sunday,4
ORD100038,2023-04-28 02:57:00,Electronics,7706.03,1,10,6935.43,North,Net Banking,36,0,5,4,Apr,Friday,2
ORD100039,2023-09-21 07:17:00,Electronics,16660.51,1,20,13328.41,West,UPI,47,1,5,9,Sep,Thursday,3
ORD100040,2023-10-20 18:30:00,Clothing,1137.93,5,20,4551.74,South,Debit Card,50,0,4,10,Oct,Friday,4
ORD100041,2023-04-08 03:06:00,Home & Kitchen,2792.27,1,0,2792.27,West,UPI,20,0,4,4,Apr,Saturday,2
ORD100042,2023-08-28 23:03:00,Home & Kitchen,2338.54,2,0,4677.09,North,UPI,49,0,4,8,Aug,Monday,3
ORD100043,2023-06-23 03:15:00,Beauty,1015.6,1,0,1015.6,South,UPI,43,0,4,6,Jun,Friday,2
ORD100044,2023-03-13 13:11:00,Home & Kitchen,1432.79,1,10,1289.51,East,Credit Card,52,0,4,3,Mar,Monday,1
ORD100045,2023-08-15 17:06:00,Electronics,12646.01,1,0,12646.01,North,Debit Card,53,0,4,8,Aug,Tuesday,3
ORD100046,2023-01-08 02:59:00,Sports,2467.8,3,0,7403.4,South,UPI,45,0,4,1,Jan,Sunday,1
ORD100047,2023-09-04 06:55:00,Home & Kitchen,2721.11,2,0,5442.23,West,COD,39,0,1,9,Sep,Monday,3
ORD100048,2023-07-14 00:24:00,Clothing,753.44,1,10,678.1,East,COD,61,1,4,7,Jul,Friday,3
ORD100049,2023-05-27 13:44:00,Home & Kitchen,1932.15,3,0,5796.44,Central,Debit Card,47,0,4,5,May,Saturday,2
ORD100050,2023-03-21 06:18:00,Home & Kitchen,579.89,2,0,1159.77,South,COD,45,0,3,3,Mar,Tuesday,1
ORD100051,2023-10-05 01:47:00,Sports,1930.52,1,0,1930.52,East,UPI,26,0,2,10,Oct,Thursday,4
ORD100052,2023-09-02 16:58:00,Sports,1719.17,1,0,1719.17,Central,UPI,42,0,3,9,Sep,Saturday,3
ORD100053,2023-02-11 05:04:00,Sports,2382.2,4,10,8575.91,Central,UPI,22,0,4,2,Feb,Saturday,1
ORD100054,2023-07-26 03:56:00,Clothing,834.63,2,0,1669.26,Central,UPI,31,0,2,7,Jul,Wednesday,3
ORD100055,2023-01-21 19:05:00,Sports,904.06,1,20,723.24,West,Debit Card,22,0,2,1,Jan,Saturday,1
ORD100056,2023-09-25 10:59:00,Sports,100.0,1,5,95.0,East,UPI,40,0,5,9,Sep,Monday,3
ORD100057,2023-06-10 07:16:00,Beauty,592.68,3,0,1778.05,West,UPI,27,0,4,6,Jun,Saturday,2
ORD100058,2023-06-03 14:20:00,Beauty,1021.49,1,0,1021.49,North,UPI,19,0,4,6,Jun,Saturday,2
ORD100059,2023-10-16 03:04:00,Sports,2436.82,4,5,9259.9,Central,UPI,52,0,4,10,Oct,Monday,4
ORD100060,2023-03-09 11:56:00,Books,503.03,1,20,402.42,North,Net Banking,27,0,3,3,Mar,Thursday,1
ORD100061,2023-05-26 05:28:00,Books,410.65,1,0,410.65,Central,Debit Card,52,0,4,5,May,Friday,2
ORD100062,2023-12-01 16:00:00,Sports,2888.45,1,0,2888.45,Central,UPI,24,0,4,12,Dec,Friday,4
ORD100063,2023-02-23 04:16:00,Beauty,605.64,2,15,1029.59,North,Net Banking,53,0,5,2,Feb,Thursday,1
ORD100064,2023-10-11 04:17:00,Beauty,234.97,2,5,446.45,East,Credit Card,52,0,4,10,Oct,Wednesday,4
ORD100065,2023-06-25 06:43:00,Beauty,1316.87,2,0,2633.74,East,Credit Card,49,0,4,6,Jun,Sunday,2
ORD100066,2023-01-27 02:40:00,Books,523.81,1,15,445.24,West,Net Banking,37,0,4,1,Jan,Friday,1
ORD100067,2023-01-02 10:49:00,Electronics,10940.53,3,0,32821.59,South,Debit Card,29,1,5,1,Jan,Monday,1
ORD100068,2023-03-24 23:28:00,Books,458.81,2,5,871.73,Central,Debit Card,64,0,2,3,Mar,Friday,1
ORD100069,2023-01-05 03:04:00,Sports,1712.83,2,5,3254.38,South,Credit Card,38,0,5,1,Jan,Thursday,1
ORD100070,2023-10-26 17:09:00,Books,295.13,1,5,280.37,West,UPI,40,0,5,10,Oct,Thursday,4
ORD100071,2023-07-06 01:57:00,Books,398.68,5,10,1794.05,East,UPI,61,0,5,7,Jul,Thursday,3
ORD100072,2023-12-08 03:22:00,Clothing,480.27,1,15,408.23,Central,Net Banking,19,0,2,12,Dec,Friday,4
ORD100073,2023-11-14 23:09:00,Home & Kitchen,1893.21,5,0,9466.05,South,Net Banking,18,0,3,11,Nov,Tuesday,4
ORD100074,2023-07-31 00:11:00,Clothing,1293.11,1,10,1163.8,East,Debit Card,36,0,4,7,Jul,Monday,3
ORD100075,2023-12-09 23:51:00,Home & Kitchen,2860.95,1,15,2431.81,South,UPI,56,0,3,12,Dec,Saturday,4
ORD100076,2023-02-25 12:55:00,Beauty,1333.12,2,10,2399.62,North,Net Banking,58,0,4,2,Feb,Saturday,1
ORD100077,2023-04-13 14:22:00,Clothing,242.55,1,5,230.42,East,Net Banking,42,0,3,4,Apr,Thursday,2
ORD100078,2023-04-25 00:42:00,Clothing,1234.83,5,0,6174.13,South,UPI,52,0,2,4,Apr,Tuesday,2
ORD100079,2023-02-05 08:22:00,Books,547.53,1,0,547.53,Central,UPI,32,0,4,2,Feb,Sunday,1
ORD100080,2023-06-19 00:07:00,Sports,2410.62,1,0,2410.62,East,UPI,49,0,4,6,Jun,Monday,2
ORD100081,2023-01-20 03:38:00,Books,427.5,1,0,427.5,West,UPI,45,0,4,1,Jan,Friday,1
ORD100082,2023-08-12 19:32:00,Books,286.46,1,0,286.46,North,UPI,44,0,4,8,Aug,Saturday,3
ORD100083,2023-04-08 08:02:00,Sports,1187.44,1,10,1068.7,West,UPI,45,0,3,4,Apr,Saturday,2
ORD100084,2023-12-18 23:47:00,Sports,2979.28,4,0,11917.12,South,UPI,47,0,1,12,Dec,Monday,4
ORD100085,2023-12-07 10:39:00,Electronics,3309.05,1,0,3309.05,East,Debit Card,18,0,5,12,Dec,Thursday,4
ORD100086,2023-06-03 16:19:00,Electronics,12617.13,1,10,11355.42,West,UPI,30,0,1,6,Jun,Saturday,2
ORD100087,2023-06-01 17:08:00,Beauty,696.66,1,0,696.66,South,Credit Card,23,0,4,6,Jun,Thursday,2
ORD100088,2023-12-13 23:57:00,Home & Kitchen,2455.63,2,10,4420.13,South,Credit Card,27,0,3,12,Dec,Wednesday,4
ORD100089,2023-07-27 17:53:00,Books,428.99,1,0,428.99,North,UPI,62,0,3,7,Jul,Thursday,3
ORD100090,2023-08-09 18:38:00,Clothing,1730.22,1,0,1730.22,East,Credit Card,43,0,4,8,Aug,Wednesday,3
ORD100091,2023-12-12 06:32:00,Home & Kitchen,3433.1,3,0,10299.29,West,Debit Card,18,0,4,12,Dec,Tuesday,4
ORD100092,2023-03-28 21:05:00,Beauty,825.31,1,0,825.31,East,Credit Card,32,0,4,3,Mar,Tuesday,1
ORD100093,2023-11-14 10:05:00,Beauty,1191.47,3,15,3038.25,South,Debit Card,51,0,4,11,Nov,Tuesday,4
ORD100094,2023-04-12 04:01:00,Clothing,608.37,4,0,2433.48,North,UPI,55,0,5,4,Apr,Wednesday,2
ORD100095,2023-11-09 02:29:00,Home & Kitchen,568.61,1,5,540.18,West,Net Banking,34,1,3,11,Nov,Thursday,4
ORD100096,2023-04-10 22:44:00,Sports,1789.7,1,5,1700.21,West,Credit Card,51,0,4,4,Apr,Monday,2
ORD100097,2023-03-17 20:44:00,Clothing,1598.2,1,5,1518.29,North,Net Banking,28,0,2,3,Mar,Friday,1
ORD100098,2023-08-06 07:11:00,Electronics,9599.79,1,0,9599.79,Central,Credit Card,20,0,4,8,Aug,Sunday,3
ORD100099,2023-05-08 03:29:00,Sports,1142.08,5,5,5424.9,South,Net Banking,36,0,4,5,May,Monday,2
ORD100100,2023-09-29 17:38:00,Beauty,829.24,1,5,787.78,East,COD,29,0,4,9,Sep,Friday,3
ORD100101,2023-11-10 23:57:00,Home & Kitchen,2138.59,1,10,1924.73,Central,Credit Card,26,0,4,11,Nov,Friday,4
ORD100102,2023-08-17 05:47:00,Sports,1885.75,1,0,1885.75,West,Credit Card,34,0,5,8,Aug,Thursday,3
ORD100103,2023-11-23 08:49:00,Clothing,2186.73,2,0,4373.46,Central,Credit Card,32,0,5,11,Nov,Thursday,4
ORD100104,2023-05-21 14:04:00,Clothing,1584.36,1,10,1425.93,East,UPI,43,0,3,5,May,Sunday,2
ORD100105,2023-06-13 17:05:00,Books,282.95,2,15,481.01,South,UPI,63,0,1,6,Jun,Tuesday,2
ORD100106,2023-12-22 04:45:00,Home & Kitchen,1913.43,1,0,1913.43,South,UPI,54,0,4,12,Dec,Friday,4
ORD100107,2023-06-19 17:29:00,Home & Kitchen,2921.49,3,0,8764.47,West,UPI,61,0,4,6,Jun,Monday,2
ORD100108,2023-07-19 18:44:00,Home & Kitchen,458.65,2,5,871.44,North,Net Banking,53,0,4,7,Jul,Wednesday,3
ORD100109,2023-07-14 15:00:00,Sports,1526.28,2,5,2899.92,East,UPI,36,0,4,7,Jul,Friday,3
ORD100110,2023-08-03 17:47:00,Home & Kitchen,2380.8,1,5,2261.76,Central,Debit Card,23,0,3,8,Aug,Thursday,3
ORD100111,2023-09-07 07:17:00,Clothing,1619.87,1,0,1619.87,West,Credit Card,21,0,2,9,Sep,Thursday,3
ORD100112,2023-06-22 21:43:00,Home & Kitchen,2837.99,1,20,2270.39,West,Debit Card,47,0,4,6,Jun,Thursday,2
ORD100113,2023-03-07 19:34:00,Home & Kitchen,2316.16,4,5,8801.42,North,COD,25,0,5,3,Mar,Tuesday,1
ORD100114,2023-10-16 21:01:00,Sports,1163.21,2,5,2210.11,North,Debit Card,18,0,3,10,Oct,Monday,4
ORD100115,2023-08-25 05:03:00,Clothing,1519.31,2,0,3038.62,East,UPI,53,0,4,8,Aug,Friday,3
ORD100116,2023-08-21 10:21:00,Clothing,826.02,1,5,784.71,West,UPI,19,0,5,8,Aug,Monday,3
ORD100117,2023-05-10 02:30:00,Home & Kitchen,488.96,1,10,440.06,North,Debit Card,34,0,4,5,May,Wednesday,2
ORD100118,2023-06-29 07:41:00,Electronics,12365.22,1,15,10510.44,North,Debit Card,61,0,5,6,Jun,Thursday,2
ORD100119,2023-01-21 00:15:00,Beauty,1039.35,5,0,5196.77,South,Net Banking,52,0,5,1,Jan,Saturday,1
ORD100120,2023-03-20 07:08:00,Sports,2617.45,1,10,2355.7,West,Debit Card,31,0,5,3,Mar,Monday,1
ORD100121,2023-04-22 14:44:00,Sports,1978.09,1,0,1978.09,East,Debit Card,31,0,4,4,Apr,Saturday,2
ORD100122,2023-11-07 19:47:00,Clothing,1064.9,3,5,3034.96,North,Debit Card,31,0,4,11,Nov,Tuesday,4
ORD100123,2023-06-09 03:37:00,Clothing,1673.81,1,5,1590.12,North,COD,50,0,5,6,Jun,Friday,2
ORD100124,2023-12-13 12:25:00,Sports,2380.58,4,5,9046.22,South,UPI,23,1,4,12,Dec,Wednesday,4
ORD100125,2023-11-18 07:06:00,Beauty,236.66,1,0,236.66,East,Net Banking,32,0,4,11,Nov,Saturday,4
ORD100126,2023-03-03 18:50:00,Sports,2135.71,5,10,9610.68,North,UPI,54,0,3,3,Mar,Friday,1
ORD100127,2023-12-05 11:04:00,Home & Kitchen,3466.42,1,10,3119.78,Central,Debit Card,22,0,4,12,Dec,Tuesday,4
ORD100128,2023-08-04 15:06:00,Electronics,12360.92,1,0,12360.92,West,COD,29,0,1,8,Aug,Friday,3
ORD100129,2023-08-24 22:09:00,Beauty,766.61,2,5,1456.56,West,UPI,43,0,4,8,Aug,Thursday,3
ORD100130,2023-11-30 08:39:00,Sports,554.9,1,15,471.66,Central,Debit Card,29,0,3,11,Nov,Thursday,4
ORD100131,2023-08-12 23:37:00,Home & Kitchen,3396.84,1,0,3396.84,East,UPI,57,0,5,8,Aug,Saturday,3
ORD100132,2023-02-14 08:56:00,Clothing,2091.08,4,10,7527.89,West,UPI,59,0,4,2,Feb,Tuesday,1
ORD100133,2023-10-19 19:42:00,Home & Kitchen,2672.22,1,0,2672.22,West,UPI,31,1,5,10,Oct,Thursday,4
ORD100134,2023-06-16 05:31:00,Home & Kitchen,1408.32,5,10,6337.42,South,UPI,40,1,5,6,Jun,Friday,2
ORD100135,2023-06-24 08:56:00,Books,381.13,1,5,362.08,Central,Debit Card,38,0,5,6,Jun,Saturday,2
ORD100136,2023-10-12 00:33:00,Books,492.43,2,0,984.86,South,UPI,42,0,5,10,Oct,Thursday,4
ORD100137,2023-07-28 15:35:00,Beauty,710.88,1,5,675.33,South,Debit Card,44,0,3,7,Jul,Friday,3
ORD100138,2023-12-31 15:28:00,Beauty,562.37,1,5,534.26,North,UPI,23,0,4,12,Dec,Sunday,4
ORD100139,2023-07-27 22:15:00,Clothing,1125.48,2,0,2250.96,East,Debit Card,43,0,4,7,Jul,Thursday,3
ORD100140,2023-08-31 17:33:00,Books,359.67,1,20,287.73,East,Credit Card,24,0,2,8,Aug,Thursday,3
ORD100141,2023-10-09 10:22:00,Beauty,568.04,2,0,1136.08,West,UPI,36,0,4,10,Oct,Monday,4
ORD100142,2023-04-29 03:46:00,Books,184.94,3,5,527.09,South,UPI,18,0,4,4,Apr,Saturday,2
ORD100143,2023-10-02 22:11:00,Beauty,1339.62,1,5,1272.64,South,UPI,47,0,3,10,Oct,Monday,4
ORD100144,2023-05-22 23:37:00,Home & Kitchen,2431.87,4,0,9727.5,Central,Credit Card,27,0,4,5,May,Monday,2
ORD100145,2023-04-10 09:14:00,Electronics,7735.54,3,20,18565.29,East,UPI,49,0,4,4,Apr,Monday,2
ORD100146,2023-12-29 17:08:00,Electronics,10665.02,1,0,10665.02,East,UPI,64,0,5,12,Dec,Friday,4
ORD100147,2023-10-11 09:44:00,Electronics,5112.84,2,10,9203.12,South,Debit Card,52,0,5,10,Oct,Wednesday,4
ORD100148,2023-02-22 00:36:00,Home & Kitchen,2387.72,1,10,2148.95,East,Credit Card,38,0,4,2,Feb,Wednesday,1
ORD100149,2023-06-24 05:03:00,Home & Kitchen,2402.2,1,5,2282.09,East,COD,50,0,1,6,Jun,Saturday,2
ORD100150,2023-02-28 02:25:00,Home & Kitchen,2460.91,1,15,2091.77,West,UPI,64,0,4,2,Feb,Tuesday,1
ORD100151,2023-12-18 01:09:00,Beauty,524.67,3,0,1574.0,South,Net Banking,29,0,4,12,Dec,Monday,4
ORD100152,2023-02-13 07:07:00,Books,305.9,3,0,917.71,Central,Debit Card,39,0,2,2,Feb,Monday,1
ORD100153,2023-11-02 19:14:00,Sports,2676.16,2,20,4281.85,Central,UPI,40,0,4,11,Nov,Thursday,4
ORD100154,2023-06-02 18:27:00,Home & Kitchen,3924.19,1,0,3924.19,East,Credit Card,60,0,3,6,Jun,Friday,2
ORD100155,2023-11-09 23:06:00,Electronics,10516.77,4,10,37860.38,South,Debit Card,54,0,5,11,Nov,Thursday,4
ORD100156,2023-12-05 02:10:00,Books,429.38,1,5,407.91,South,UPI,42,0,5,12,Dec,Tuesday,4
ORD100157,2023-03-22 00:26:00,Electronics,5564.88,1,0,5564.88,West,Debit Card,44,0,5,3,Mar,Wednesday,1
ORD100158,2023-05-30 01:14:00,Home & Kitchen,3496.43,2,0,6992.85,East,Debit Card,62,0,4,5,May,Tuesday,2
ORD100159,2023-08-21 02:43:00,Beauty,1371.15,2,5,2605.18,South,COD,19,0,5,8,Aug,Monday,3
ORD100160,2023-10-29 21:51:00,Beauty,956.03,1,0,956.03,South,Credit Card,57,0,5,10,Oct,Sunday,4
ORD100161,2023-04-26 20:09:00,Sports,1271.23,2,5,2415.34,East,Net Banking,51,0,5,4,Apr,Wednesday,2
ORD100162,2023-01-31 05:50:00,Electronics,8350.57,1,5,7933.05,East,Credit Card,36,0,2,1,Jan,Tuesday,1
ORD100163,2023-05-28 14:07:00,Sports,1016.62,1,5,965.79,West,Debit Card,51,0,4,5,May,Sunday,2
ORD100164,2023-07-26 08:32:00,Beauty,519.59,1,10,467.63,Central,Credit Card,57,0,3,7,Jul,Wednesday,3
ORD100165,2023-11-03 01:56:00,Electronics,4512.56,3,10,12183.92,West,Debit Card,61,1,1,11,Nov,Friday,4
ORD100166,2023-05-09 00:05:00,Sports,1584.55,3,20,3802.92,South,COD,34,1,4,5,May,Tuesday,2
ORD100167,2023-10-28 00:48:00,Sports,1338.77,1,5,1271.83,East,Credit Card,41,0,4,10,Oct,Saturday,4
ORD100168,2023-08-29 16:41:00,Clothing,1602.4,2,20,2563.84,West,COD,35,0,3,8,Aug,Tuesday,3
ORD100169,2023-10-27 13:40:00,Clothing,1665.13,5,15,7076.79,West,COD,64,0,4,10,Oct,Friday,4
ORD100170,2023-06-28 13:21:00,Home & Kitchen,638.01,1,10,574.21,East,Debit Card,25,1,5,6,Jun,Wednesday,2
ORD100171,2023-06-18 13:44:00,Clothing,1060.25,1,15,901.21,West,UPI,56,0,4,6,Jun,Sunday,2
ORD100172,2023-10-09 01:29:00,Home & Kitchen,3278.28,1,5,3114.37,North,UPI,62,0,4,10,Oct,Monday,4
ORD100173,2023-03-01 12:55:00,Books,594.61,1,10,535.15,Central,Net Banking,61,0,5,3,Mar,Wednesday,1
ORD100174,2023-12-03 17:29:00,Electronics,14627.19,2,5,27791.66,West,UPI,62,0,3,12,Dec,Sunday,4
ORD100175,2023-07-05 19:48:00,Sports,2139.62,1,15,1818.68,West,Debit Card,47,0,3,7,Jul,Wednesday,3
ORD100176,2023-04-15 08:35:00,Electronics,10422.71,1,0,10422.71,South,COD,46,0,4,4,Apr,Saturday,2
ORD100177,2023-12-24 15:07:00,Home & Kitchen,2062.47,1,5,1959.35,North,COD,61,1,5,12,Dec,Sunday,4
ORD100178,2023-05-03 22:10:00,Sports,622.73,2,0,1245.45,East,Credit Card,20,0,3,5,May,Wednesday,2
ORD100179,2023-07-28 02:14:00,Sports,568.98,3,10,1536.25,North,Credit Card,54,0,1,7,Jul,Friday,3
ORD100180,2023-11-28 04:31:00,Electronics,8395.95,1,10,7556.35,East,Credit Card,29,1,5,11,Nov,Tuesday,4
ORD100181,2023-08-01 15:30:00,Books,435.13,1,5,413.38,South,Credit Card,56,0,5,8,Aug,Tuesday,3
ORD100182,2023-07-16 06:58:00,Clothing,2354.86,1,20,1883.89,Central,Credit Card,25,1,4,7,Jul,Sunday,3
ORD100183,2023-02-05 08:49:00,Clothing,868.05,2,5,1649.3,West,UPI,27,0,4,2,Feb,Sunday,1
ORD100184,2023-05-17 00:18:00,Sports,2127.99,2,0,4255.99,East,Net Banking,26,1,5,5,May,Wednesday,2
ORD100185,2023-12-04 15:55:00,Sports,2155.73,1,0,2155.73,South,Credit Card,35,0,3,12,Dec,Monday,4
ORD100186,2023-06-26 10:35:00,Home & Kitchen,1758.22,1,5,1670.31,Central,UPI,26,0,5,6,Jun,Monday,2
ORD100187,2023-04-07 22:15:00,Books,494.94,1,0,494.94,Central,UPI,45,0,1,4,Apr,Friday,2
ORD100188,2023-01-23 10:47:00,Home & Kitchen,2605.39,2,0,5210.78,West,Debit Card,32,0,4,1,Jan,Monday,1
ORD100189,2023-07-17 21:50:00,Home & Kitchen,2039.43,1,5,1937.46,South,Credit Card,54,0,4,7,Jul,Monday,3
ORD100190,2023-03-06 16:37:00,Electronics,100.0,2,10,180.0,East,Net Banking,57,0,4,3,Mar,Monday,1
ORD100191,2023-02-21 16:58:00,Home & Kitchen,1503.82,1,15,1278.25,West,UPI,36,0,3,2,Feb,Tuesday,1
ORD100192,2023-07-29 20:09:00,Clothing,1066.88,1,0,1066.88,North,Credit Card,59,0,4,7,Jul,Saturday,3
ORD100193,2023-06-23 19:44:00,Books,359.7,1,15,305.75,West,Debit Card,62,0,1,6,Jun,Friday,2
ORD100194,2023-12-12 17:24:00,Books,374.93,1,10,337.44,East,Debit Card,48,0,4,12,Dec,Tuesday,4
ORD100195,2023-10-05 01:39:00,Home & Kitchen,2317.37,2,0,4634.74,North,UPI,19,0,4,10,Oct,Thursday,4
ORD100196,2023-05-28 07:47:00,Beauty,907.39,1,5,862.02,North,Credit Card,41,0,2,5,May,Sunday,2
ORD100197,2023-11-21 22:55:00,Electronics,8769.87,1,0,8769.87,North,Credit Card,58,1,4,11,Nov,Tuesday,4
ORD100198,2023-06-03 00:02:00,Beauty,1082.37,1,15,920.01,East,Debit Card,49,0,5,6,Jun,Saturday,2
ORD100199,2023-07-03 11:27:00,Books,427.99,1,10,385.19,South,UPI,34,0,4,7,Jul,Monday,3
ORD100200,2023-10-17 21:50:00,Home & Kitchen,1815.89,3,20,4358.15,South,UPI,46,0,4,10,Oct,Tuesday,4
ORD100201,2023-11-09 12:39:00,Electronics,8883.41,2,0,17766.82,South,Credit Card,46,0,4,11,Nov,Thursday,4
ORD100202,2023-03-15 07:29:00,Sports,2895.87,2,5,5502.15,East,Credit Card,63,0,5,3,Mar,Wednesday,1
ORD100203,2023-01-05 14:57:00,Beauty,880.27,1,15,748.23,East,Debit Card,32,0,4,1,Jan,Thursday,1
ORD100204,2023-02-07 14:22:00,Clothing,1760.93,1,20,1408.74,Central,UPI,61,0,5,2,Feb,Tuesday,1
ORD100205,2023-12-20 08:29:00,Home & Kitchen,3248.44,4,15,11044.68,East,UPI,37,0,3,12,Dec,Wednesday,4
ORD100206,2023-09-05 03:15:00,Home & Kitchen,2163.53,3,0,6490.59,West,Credit Card,52,0,4,9,Sep,Tuesday,3
ORD100207,2023-06-01 22:18:00,Sports,1970.34,1,15,1674.79,North,COD,33,0,3,6,Jun,Thursday,2
ORD100208,2023-07-22 08:00:00,Beauty,852.4,1,0,852.4,Central,Net Banking,46,0,1,7,Jul,Saturday,3
ORD100209,2023-01-26 19:47:00,Beauty,544.01,4,5,2067.23,West,Net Banking,63,0,1,1,Jan,Thursday,1
ORD100210,2023-04-28 19:51:00,Books,645.72,1,5,613.43,East,UPI,39,0,3,4,Apr,Friday,2
ORD100211,2023-11-14 08:43:00,Clothing,1950.52,2,0,3901.04,South,Debit Card,30,0,4,11,Nov,Tuesday,4
ORD100212,2023-11-27 01:19:00,Beauty,618.89,5,10,2785.02,West,UPI,28,0,5,11,Nov,Monday,4
ORD100213,2023-03-09 02:58:00,Books,642.82,2,0,1285.64,East,UPI,39,0,3,3,Mar,Thursday,1
ORD100214,2023-03-31 06:08:00,Home & Kitchen,2330.21,1,5,2213.7,Central,Net Banking,45,0,4,3,Mar,Friday,1
ORD100215,2023-09-29 16:58:00,Books,263.23,1,0,263.23,East,Net Banking,19,0,5,9,Sep,Friday,3
ORD100216,2023-09-04 09:47:00,Books,192.19,5,0,960.97,East,Net Banking,32,0,3,9,Sep,Monday,3
ORD100217,2023-02-08 04:48:00,Home & Kitchen,1314.14,1,5,1248.44,South,Net Banking,20,0,4,2,Feb,Wednesday,1
ORD100218,2023-12-12 12:54:00,Beauty,1342.76,1,15,1141.34,Central,UPI,25,0,5,12,Dec,Tuesday,4
ORD100219,2023-01-08 08:34:00,Home & Kitchen,3418.95,1,10,3077.05,North,Credit Card,24,0,4,1,Jan,Sunday,1
ORD100220,2023-12-11 08:37:00,Beauty,1305.44,1,0,1305.44,West,Net Banking,59,0,5,12,Dec,Monday,4
ORD100221,2023-02-25 21:14:00,Books,469.62,2,10,845.32,West,UPI,42,0,3,2,Feb,Saturday,1
ORD100222,2023-06-17 19:14:00,Sports,2165.98,2,5,4115.37,North,Debit Card,35,0,4,6,Jun,Saturday,2
ORD100223,2023-12-25 09:41:00,Home & Kitchen,1741.04,1,5,1653.99,West,UPI,20,0,4,12,Dec,Monday,4
ORD100224,2023-01-20 09:31:00,Electronics,7263.06,1,10,6536.75,North,UPI,47,1,4,1,Jan,Friday,1
ORD100225,2023-03-11 12:29:00,Sports,811.63,3,5,2313.14,East,Debit Card,45,0,5,3,Mar,Saturday,1
ORD100226,2023-12-23 17:26:00,Beauty,431.46,2,5,819.77,Central,Debit Card,19,0,5,12,Dec,Saturday,4
ORD100227,2023-08-01 20:06:00,Clothing,2200.87,2,20,3521.39,West,Credit Card,29,0,4,8,Aug,Tuesday,3
ORD100228,2023-01-17 22:23:00,Books,326.57,2,5,620.48,South,Credit Card,47,0,3,1,Jan,Tuesday,1
ORD100229,2023-07-05 03:43:00,Clothing,1511.28,5,0,7556.39,East,Credit Card,22,0,4,7,Jul,Wednesday,3
ORD100230,2023-07-03 01:25:00,Beauty,840.02,2,5,1596.03,East,UPI,37,0,3,7,Jul,Monday,3
ORD100231,2023-08-21 02:42:00,Electronics,5957.43,1,20,4765.94,South,Debit Card,19,0,1,8,Aug,Monday,3
ORD100232,2023-01-11 01:50:00,Sports,3001.74,1,0,3001.74,East,UPI,48,0,2,1,Jan,Wednesday,1
ORD100233,2023-10-17 06:04:00,Clothing,1968.81,1,5,1870.37,Central,UPI,27,0,3,10,Oct,Tuesday,4
ORD100234,2023-04-30 10:49:00,Clothing,2294.88,4,0,9179.5,South,Debit Card,37,0,4,4,Apr,Sunday,2
ORD100235,2023-01-02 08:54:00,Sports,918.06,1,5,872.15,South,COD,61,0,5,1,Jan,Monday,1
ORD100236,2023-05-09 05:07:00,Sports,2908.8,1,20,2327.04,North,UPI,26,0,5,5,May,Tuesday,2
ORD100237,2023-05-02 18:20:00,Books,746.17,1,0,746.17,North,UPI,23,0,2,5,May,Tuesday,2
ORD100238,2023-03-06 23:26:00,Electronics,9072.81,2,0,18145.63,Central,UPI,41,0,1,3,Mar,Monday,1
ORD100239,2023-09-01 14:49:00,Electronics,5816.31,1,20,4653.05,East,Credit Card,56,0,4,9,Sep,Friday,3
ORD100240,2023-08-20 16:14:00,Electronics,14765.12,1,0,14765.12,Central,UPI,62,0,5,8,Aug,Sunday,3
ORD100241,2023-09-24 09:29:00,Beauty,858.12,2,0,1716.25,North,UPI,38,0,4,9,Sep,Sunday,3
ORD100242,2023-07-25 13:43:00,Home & Kitchen,3058.47,1,10,2752.62,North,Credit Card,43,0,1,7,Jul,Tuesday,3
ORD100243,2023-02-07 02:20:00,Home & Kitchen,2068.83,1,10,1861.95,Central,UPI,64,0,1,2,Feb,Tuesday,1
ORD100244,2023-05-21 19:40:00,Clothing,1298.78,2,0,2597.57,Central,Credit Card,33,0,4,5,May,Sunday,2
ORD100245,2023-07-15 19:33:00,Books,467.38,2,0,934.77,East,Credit Card,19,1,1,7,Jul,Saturday,3
ORD100246,2023-08-09 03:50:00,Sports,1755.1,3,10,4738.78,North,Net Banking,30,0,2,8,Aug,Wednesday,3
ORD100247,2023-10-10 23:55:00,Beauty,998.63,2,10,1797.53,South,Credit Card,21,0,5,10,Oct,Tuesday,4
ORD100248,2023-07-31 10:52:00,Clothing,1560.73,1,10,1404.66,West,UPI,41,0,4,7,Jul,Monday,3
ORD100249,2023-02-18 10:27:00,Beauty,1090.62,1,5,1036.09,East,Debit Card,24,0,4,2,Feb,Saturday,1
ORD100250,2023-03-20 21:59:00,Books,731.83,1,5,695.24,West,UPI,55,0,4,3,Mar,Monday,1
ORD100251,2023-02-17 13:06:00,Electronics,11835.96,2,5,22488.33,East,Net Banking,63,0,4,2,Feb,Friday,1
ORD100252,2023-01-31 18:35:00,Sports,658.53,1,0,658.53,Central,UPI,40,0,5,1,Jan,Tuesday,1
ORD100253,2023-07-30 11:55:00,Electronics,9012.91,4,0,36051.65,West,Net Banking,40,0,5,7,Jul,Sunday,3
ORD100254,2023-01-27 09:38:00,Beauty,543.99,1,5,516.79,East,UPI,36,0,4,1,Jan,Friday,1
ORD100255,2023-09-17 06:09:00,Sports,2871.51,1,0,2871.51,West,UPI,44,1,4,9,Sep,Sunday,3
ORD100256,2023-06-29 17:23:00,Electronics,6013.22,2,0,12026.43,North,Debit Card,30,0,2,6,Jun,Thursday,2
ORD100257,2023-04-26 13:54:00,Sports,1914.43,1,10,1722.99,Central,COD,27,0,3,4,Apr,Wednesday,2
ORD100258,2023-11-11 21:41:00,Sports,2464.26,1,15,2094.62,Central,UPI,37,0,5,11,Nov,Saturday,4
ORD100259,2023-12-22 08:01:00,Beauty,701.37,2,0,1402.73,South,UPI,59,0,1,12,Dec,Friday,4
ORD100260,2023-06-23 11:00:00,Books,437.12,2,10,786.82,South,Net Banking,32,0,4,6,Jun,Friday,2
ORD100261,2023-12-03 12:04:00,Sports,3375.32,3,15,8607.06,South,Debit Card,33,0,3,12,Dec,Sunday,4
ORD100262,2023-02-16 23:33:00,Electronics,11709.55,3,10,31615.79,South,UPI,42,0,4,2,Feb,Thursday,1
ORD100263,2023-06-24 05:23:00,Home & Kitchen,1469.64,1,5,1396.16,East,Debit Card,64,0,5,6,Jun,Saturday,2
ORD100264,2023-11-02 02:56:00,Sports,3527.64,1,0,3527.64,North,UPI,52,0,4,11,Nov,Thursday,4
ORD100265,2023-01-26 21:05:00,Sports,475.47,1,0,475.47,East,Credit Card,42,1,3,1,Jan,Thursday,1
ORD100266,2023-09-06 19:28:00,Home & Kitchen,1557.06,1,10,1401.35,West,UPI,28,1,2,9,Sep,Wednesday,3
ORD100267,2023-02-28 11:27:00,Sports,2947.38,1,10,2652.64,North,UPI,59,0,5,2,Feb,Tuesday,1
ORD100268,2023-10-31 15:33:00,Beauty,1142.86,2,5,2171.44,East,UPI,50,0,4,10,Oct,Tuesday,4
ORD100269,2023-11-03 01:00:00,Home & Kitchen,1152.02,1,5,1094.42,South,UPI,19,0,2,11,Nov,Friday,4
ORD100270,2023-03-12 08:18:00,Clothing,527.32,2,10,949.17,East,UPI,61,0,4,3,Mar,Sunday,1
ORD100271,2023-08-09 05:08:00,Home & Kitchen,2859.21,2,20,4574.74,West,Credit Card,19,0,5,8,Aug,Wednesday,3
ORD100272,2023-09-14 17:53:00,Clothing,224.44,2,0,448.88,East,UPI,22,0,4,9,Sep,Thursday,3
ORD100273,2023-01-22 13:01:00,Beauty,711.32,1,5,675.76,West,COD,47,0,5,1,Jan,Sunday,1
ORD100274,2023-10-22 13:36:00,Books,597.1,2,15,1015.07,West,Debit Card,62,0,5,10,Oct,Sunday,4
ORD100275,2023-05-29 03:25:00,Home & Kitchen,1228.37,1,10,1105.53,North,COD,61,0,4,5,May,Monday,2
ORD100276,2023-11-13 14:53:00,Clothing,1081.71,2,15,1838.91,East,UPI,33,0,3,11,Nov,Monday,4
ORD100277,2023-05-05 13:37:00,Electronics,7310.82,1,0,7310.82,West,Credit Card,40,0,4,5,May,Friday,2
ORD100278,2023-06-08 23:21:00,Home & Kitchen,731.04,1,5,694.48,South,UPI,21,0,3,6,Jun,Thursday,2
ORD100279,2023-02-09 16:40:00,Clothing,1454.0,2,5,2762.59,North,Credit Card,54,0,4,2,Feb,Thursday,1
ORD100280,2023-06-28 11:46:00,Clothing,1643.22,2,10,2957.8,South,UPI,59,0,5,6,Jun,Wednesday,2
ORD100281,2023-05-12 06:11:00,Clothing,100.0,2,0,200.0,Central,UPI,26,0,1,5,May,Friday,2
ORD100282,2023-02-08 05:49:00,Beauty,769.77,4,5,2925.11,West,Credit Card,27,0,3,2,Feb,Wednesday,1
ORD100283,2023-10-24 14:43:00,Sports,1419.35,3,15,3619.35,Central,Debit Card,31,0,5,10,Oct,Tuesday,4
ORD100284,2023-06-15 20:20:00,Sports,1438.62,4,10,5179.03,South,Credit Card,30,0,2,6,Jun,Thursday,2
ORD100285,2023-08-15 20:19:00,Home & Kitchen,2945.42,1,0,2945.42,East,Credit Card,21,0,5,8,Aug,Tuesday,3
ORD100286,2023-09-17 02:19:00,Books,436.28,4,15,1483.35,West,Credit Card,46,0,4,9,Sep,Sunday,3
ORD100287,2023-07-08 09:04:00,Electronics,5591.43,1,5,5311.86,North,Credit Card,40,0,2,7,Jul,Saturday,3
ORD100288,2023-07-16 14:37:00,Sports,1650.59,1,20,1320.47,Central,COD,48,0,5,7,Jul,Sunday,3
ORD100289,2023-01-22 14:58:00,Beauty,1347.22,1,0,1347.22,Central,Debit Card,26,0,3,1,Jan,Sunday,1
ORD100290,2023-11-06 15:32:00,Books,482.28,2,5,916.33,South,COD,57,0,4,11,Nov,Monday,4
ORD100291,2023-02-22 10:45:00,Home & Kitchen,1462.05,1,5,1388.95,North,Credit Card,55,0,3,2,Feb,Wednesday,1
ORD100292,2023-01-21 07:45:00,Clothing,1135.75,1,0,1135.75,West,COD,45,0,3,1,Jan,Saturday,1
ORD100293,2023-09-25 19:10:00,Sports,2492.56,1,20,1994.05,East,UPI,19,0,4,9,Sep,Monday,3
ORD100294,2023-07-18 13:49:00,Books,458.04,2,0,916.09,East,Debit Card,22,0,1,7,Jul,Tuesday,3
ORD100295,2023-11-20 20:21:00,Electronics,12602.97,1,20,10082.38,North,UPI,35,0,1,11,Nov,Monday,4
ORD100296,2023-12-14 12:18:00,Sports,828.44,2,5,1574.03,East,Debit Card,43,0,5,12,Dec,Thursday,4
ORD100297,2023-11-05 04:21:00,Beauty,671.33,1,10,604.19,North,Credit Card,52,0,4,11,Nov,Sunday,4
ORD100298,2023-06-29 09:41:00,Clothing,1935.59,3,20,4645.4,West,UPI,34,0,5,6,Jun,Thursday,2
ORD100299,2023-02-13 09:35:00,Beauty,837.2,3,0,2511.61,West,Debit Card,50,0,1,2,Feb,Monday,1
ORD100300,2023-03-07 21:44:00,Books,386.75,2,10,696.15,Central,UPI,39,0,4,3,Mar,Tuesday,1
ORD100301,2023-08-05 16:23:00,Beauty,1176.4,1,5,1117.58,North,UPI,36,0,5,8,Aug,Saturday,3
ORD100302,2023-04-20 10:49:00,Clothing,897.83,1,10,808.05,West,UPI,18,0,2,4,Apr,Thursday,2
ORD100303,2023-03-21 02:18:00,Clothing,1162.09,1,20,929.67,North,Credit Card,38,0,4,3,Mar,Tuesday,1
ORD100304,2023-09-27 01:42:00,Sports,1046.34,1,10,941.7,East,Net Banking,25,0,1,9,Sep,Wednesday,3
ORD100305,2023-03-09 19:24:00,Sports,554.96,1,20,443.97,South,UPI,48,0,3,3,Mar,Thursday,1
ORD100306,2023-11-16 05:46:00,Beauty,836.6,4,5,3179.08,West,UPI,27,0,3,11,Nov,Thursday,4
ORD100307,2023-12-13 23:15:00,Books,382.39,5,5,1816.35,West,Credit Card,49,0,5,12,Dec,Wednesday,4
ORD100308,2023-08-18 07:34:00,Beauty,643.88,1,15,547.3,South,UPI,26,0,4,8,Aug,Friday,3
ORD100309,2023-04-10 11:43:00,Home & Kitchen,2487.37,1,5,2363.0,Central,COD,39,0,5,4,Apr,Monday,2
ORD100310,2023-05-25 12:32:00,Home & Kitchen,2163.3,1,20,1730.64,Central,Credit Card,49,0,5,5,May,Thursday,2
ORD100311,2023-04-13 19:08:00,Clothing,2221.49,1,5,2110.42,East,UPI,38,0,4,4,Apr,Thursday,2
ORD100312,2023-07-10 17:59:00,Home & Kitchen,2592.78,2,10,4667.0,North,Debit Card,28,0,5,7,Jul,Monday,3
ORD100313,2023-03-05 09:05:00,Sports,2314.41,1,5,2198.69,South,UPI,30,0,3,3,Mar,Sunday,1
ORD100314,2023-03-17 13:05:00,Sports,2368.88,1,5,2250.44,South,Net Banking,41,0,4,3,Mar,Friday,1
ORD100315,2023-01-14 13:03:00,Books,486.69,2,10,876.04,West,Credit Card,20,0,4,1,Jan,Saturday,1
ORD100316,2023-07-17 02:23:00,Clothing,1576.67,2,10,2838.01,South,UPI,64,0,4,7,Jul,Monday,3
ORD100317,2023-11-29 10:50:00,Electronics,9643.48,3,10,26037.38,South,UPI,20,1,2,11,Nov,Wednesday,4
ORD100318,2023-08-30 22:53:00,Books,593.2,1,5,563.54,South,Debit Card,63,0,3,8,Aug,Wednesday,3
ORD100319,2023-08-18 19:00:00,Home & Kitchen,1861.75,1,10,1675.58,North,UPI,53,0,5,8,Aug,Friday,3
ORD100320,2023-03-18 17:46:00,Clothing,475.07,1,0,475.07,Central,Credit Card,36,1,4,3,Mar,Saturday,1
ORD100321,2023-05-28 07:19:00,Electronics,5181.08,1,10,4662.97,North,UPI,41,0,3,5,May,Sunday,2
ORD100322,2023-11-24 19:29:00,Home & Kitchen,1884.81,1,5,1790.57,North,UPI,24,0,4,11,Nov,Friday,4
ORD100323,2023-11-02 17:01:00,Home & Kitchen,1870.54,1,5,1777.01,Central,Credit Card,21,0,4,11,Nov,Thursday,4
ORD100324,2023-03-15 09:27:00,Beauty,1381.84,1,0,1381.84,North,Credit Card,63,0,4,3,Mar,Wednesday,1
ORD100325,2023-10-20 13:11:00,Clothing,1981.23,2,20,3169.97,North,Credit Card,48,0,4,10,Oct,Friday,4
ORD100326,2023-02-04 16:34:00,Books,264.32,2,0,528.65,Central,Debit Card,45,0,5,2,Feb,Saturday,1
ORD100327,2023-10-11 00:24:00,Sports,1587.83,4,5,6033.77,West,UPI,34,0,4,10,Oct,Wednesday,4
ORD100328,2023-07-11 08:47:00,Home & Kitchen,2636.1,5,10,11862.44,North,UPI,56,0,4,7,Jul,Tuesday,3
ORD100329,2023-06-26 07:46:00,Electronics,5669.75,1,0,5669.75,North,Debit Card,20,0,1,6,Jun,Monday,2
ORD100330,2023-06-20 04:02:00,Beauty,741.67,1,0,741.67,East,Credit Card,36,0,4,6,Jun,Tuesday,2
ORD100331,2023-03-31 21:29:00,Beauty,1131.43,3,10,3054.87,West,Debit Card,54,0,4,3,Mar,Friday,1
ORD100332,2023-02-02 22:49:00,Clothing,1278.19,2,0,2556.38,West,UPI,56,0,4,2,Feb,Thursday,1
ORD100333,2023-01-23 06:56:00,Clothing,1365.99,2,10,2458.77,North,UPI,63,0,3,1,Jan,Monday,1
ORD100334,2023-09-21 12:52:00,Books,514.91,4,0,2059.65,Central,Credit Card,61,0,1,9,Sep,Thursday,3
ORD100335,2023-11-28 06:18:00,Electronics,12180.8,1,0,12180.8,East,Net Banking,31,0,3,11,Nov,Tuesday,4
ORD100336,2023-12-02 10:17:00,Electronics,7588.51,2,0,15177.01,North,Debit Card,62,0,1,12,Dec,Saturday,4
ORD100337,2023-07-24 23:28:00,Home & Kitchen,3454.48,2,5,6563.52,West,UPI,38,0,4,7,Jul,Monday,3
ORD100338,2023-09-12 22:31:00,Clothing,1568.42,1,10,1411.58,East,COD,37,0,5,9,Sep,Tuesday,3
ORD100339,2023-05-17 02:46:00,Sports,1603.07,1,10,1442.76,West,UPI,31,0,5,5,May,Wednesday,2
ORD100340,2023-04-03 17:18:00,Sports,2355.99,1,5,2238.19,East,UPI,36,0,5,4,Apr,Monday,2
ORD100341,2023-12-05 09:19:00,Books,211.86,5,0,1059.28,West,Credit Card,50,0,3,12,Dec,Tuesday,4
ORD100342,2023-03-27 22:28:00,Home & Kitchen,2706.37,2,5,5142.1,East,Credit Card,51,0,4,3,Mar,Monday,1
ORD100343,2023-06-30 19:27:00,Beauty,765.13,2,5,1453.74,East,Debit Card,51,0,4,6,Jun,Friday,2
ORD100344,2023-02-08 21:40:00,Electronics,4700.98,4,10,16923.52,West,UPI,19,0,5,2,Feb,Wednesday,1
ORD100345,2023-12-14 05:01:00,Beauty,882.6,1,10,794.34,South,Net Banking,29,0,4,12,Dec,Thursday,4
ORD100346,2023-08-13 01:08:00,Beauty,845.13,1,10,760.62,North,UPI,49,0,3,8,Aug,Sunday,3
ORD100347,2023-07-07 11:24:00,Beauty,1312.46,1,10,1181.22,Central,UPI,39,0,2,7,Jul,Friday,3
ORD100348,2023-12-14 14:23:00,Clothing,712.98,1,15,606.03,East,Credit Card,57,1,5,12,Dec,Thursday,4
ORD100349,2023-10-21 04:33:00,Electronics,9878.49,1,0,9878.49,East,UPI,20,0,4,10,Oct,Saturday,4
ORD100350,2023-05-23 07:07:00,Beauty,607.97,2,10,1094.34,North,Debit Card,60,0,5,5,May,Tuesday,2
ORD100351,2023-09-23 12:58:00,Home & Kitchen,2195.68,1,5,2085.9,Central,UPI,41,0,5,9,Sep,Saturday,3
ORD100352,2023-12-27 14:13:00,Books,258.49,2,0,516.99,Central,UPI,63,0,3,12,Dec,Wednesday,4
ORD100353,2023-04-13 03:08:00,Home & Kitchen,1300.88,2,10,2341.58,North,Credit Card,24,0,4,4,Apr,Thursday,2
ORD100354,2023-08-16 02:51:00,Beauty,1663.1,1,0,1663.1,East,Debit Card,49,0,3,8,Aug,Wednesday,3
ORD100355,2023-02-03 17:34:00,Beauty,954.84,1,5,907.1,East,Net Banking,36,0,5,2,Feb,Friday,1
ORD100356,2023-12-31 22:59:00,Clothing,1460.65,1,20,1168.52,South,Debit Card,38,0,4,12,Dec,Sunday,4
ORD100357,2023-04-25 03:12:00,Sports,1804.07,5,20,7216.27,South,UPI,44,0,2,4,Apr,Tuesday,2
ORD100358,2023-01-14 11:35:00,Home & Kitchen,1780.8,5,0,8904.01,Central,UPI,26,0,4,1,Jan,Saturday,1
ORD100359,2023-03-08 19:56:00,Sports,919.95,2,0,1839.9,North,UPI,28,0,4,3,Mar,Wednesday,1
ORD100360,2023-09-03 16:26:00,Home & Kitchen,1312.28,3,15,3346.32,West,Net Banking,47,0,5,9,Sep,Sunday,3
ORD100361,2023-03-06 10:41:00,Electronics,5980.52,3,0,17941.57,North,Credit Card,38,0,5,3,Mar,Monday,1
ORD100362,2023-09-22 11:08:00,Beauty,664.79,2,5,1263.1,Central,Debit Card,39,0,5,9,Sep,Friday,3
ORD100363,2023-03-08 13:32:00,Clothing,1504.32,3,0,4512.96,North,Net Banking,50,0,4,3,Mar,Wednesday,1
ORD100364,2023-03-20 09:10:00,Sports,2636.27,1,0,2636.27,South,UPI,26,0,5,3,Mar,Monday,1
ORD100365,2023-04-26 11:33:00,Beauty,563.59,1,0,563.59,East,Net Banking,20,0,4,4,Apr,Wednesday,2
ORD100366,2023-04-11 20:35:00,Books,249.95,1,0,249.95,East,UPI,63,0,5,4,Apr,Tuesday,2
ORD100367,2023-11-11 17:05:00,Books,298.34,1,10,268.5,Central,Debit Card,30,0,4,11,Nov,Saturday,4
ORD100368,2023-10-25 04:10:00,Sports,1534.47,1,0,1534.47,Central,Debit Card,25,0,4,10,Oct,Wednesday,4
ORD100369,2023-06-22 18:02:00,Sports,1002.93,3,5,2858.36,North,UPI,42,0,1,6,Jun,Thursday,2
ORD100370,2023-10-23 08:41:00,Beauty,1062.26,3,20,2549.43,South,Debit Card,31,0,4,10,Oct,Monday,4
ORD100371,2023-11-13 20:01:00,Home & Kitchen,2907.8,3,0,8723.4,West,Net Banking,64,0,3,11,Nov,Monday,4
ORD100372,2023-05-29 20:19:00,Sports,609.86,3,0,1829.57,West,UPI,58,0,5,5,May,Monday,2
ORD100373,2023-07-27 09:29:00,Beauty,1058.49,1,15,899.72,North,Debit Card,25,0,4,7,Jul,Thursday,3
ORD100374,2023-08-14 13:30:00,Clothing,1479.58,3,0,4438.74,West,UPI,29,0,5,8,Aug,Monday,3
ORD100375,2023-03-15 10:55:00,Sports,3377.02,3,5,9624.51,East,Debit Card,22,0,3,3,Mar,Wednesday,1
ORD100376,2023-07-24 04:48:00,Books,658.28,1,0,658.28,East,Credit Card,52,0,5,7,Jul,Monday,3
ORD100377,2023-06-13 07:29:00,Electronics,8247.22,2,5,15669.72,North,UPI,64,0,5,6,Jun,Tuesday,2
ORD100378,2023-03-14 03:03:00,Clothing,639.79,1,0,639.79,East,COD,39,0,4,3,Mar,Tuesday,1
ORD100379,2023-08-03 07:55:00,Sports,1723.04,2,10,3101.48,South,Net Banking,21,0,3,8,Aug,Thursday,3
ORD100380,2023-06-10 06:48:00,Sports,2309.12,5,0,11545.62,South,Credit Card,41,0,5,6,Jun,Saturday,2
ORD100381,2023-08-28 15:56:00,Sports,1328.05,1,5,1261.64,East,Credit Card,23,0,1,8,Aug,Monday,3
ORD100382,2023-07-21 16:29:00,Electronics,8818.54,4,0,35274.15,South,UPI,59,1,4,7,Jul,Friday,3
ORD100383,2023-01-25 01:18:00,Books,329.57,1,0,329.57,West,Credit Card,52,0,4,1,Jan,Wednesday,1
ORD100384,2023-12-11 15:18:00,Beauty,1188.8,3,0,3566.4,Central,UPI,25,0,2,12,Dec,Monday,4
ORD100385,2023-08-09 04:56:00,Electronics,15591.15,1,10,14032.04,East,Debit Card,59,0,5,8,Aug,Wednesday,3
ORD100386,2023-07-07 01:25:00,Home & Kitchen,1576.68,2,0,3153.36,North,Credit Card,56,0,1,7,Jul,Friday,3
ORD100387,2023-07-05 17:18:00,Clothing,1102.83,2,0,2205.67,North,UPI,28,0,3,7,Jul,Wednesday,3
ORD100388,2023-10-09 08:52:00,Home & Kitchen,1097.84,1,15,933.16,Central,Debit Card,62,0,4,10,Oct,Monday,4
ORD100389,2023-03-07 03:25:00,Electronics,2926.02,3,20,7022.46,East,Debit Card,22,0,4,3,Mar,Tuesday,1
ORD100390,2023-10-13 11:48:00,Books,421.73,2,0,843.46,South,UPI,47,0,4,10,Oct,Friday,4
ORD100391,2023-07-25 16:02:00,Sports,1369.66,1,5,1301.18,North,UPI,57,0,2,7,Jul,Tuesday,3
ORD100392,2023-06-20 15:33:00,Beauty,832.54,4,10,2997.16,West,UPI,58,0,5,6,Jun,Tuesday,2
ORD100393,2023-03-13 10:59:00,Sports,1345.0,2,5,2555.5,Central,UPI,26,0,5,3,Mar,Monday,1
ORD100394,2023-11-12 23:53:00,Home & Kitchen,1710.05,4,0,6840.2,East,Credit Card,33,1,5,11,Nov,Sunday,4
ORD100395,2023-09-18 17:31:00,Sports,2053.05,2,5,3900.8,Central,UPI,60,0,4,9,Sep,Monday,3
ORD100396,2023-07-08 10:43:00,Electronics,2621.83,2,10,4719.29,North,COD,45,0,5,7,Jul,Saturday,3
ORD100397,2023-06-07 23:55:00,Sports,2312.85,1,0,2312.85,North,Credit Card,26,0,5,6,Jun,Wednesday,2
ORD100398,2023-12-02 18:36:00,Books,608.87,3,15,1552.62,South,Debit Card,32,0,2,12,Dec,Saturday,4
ORD100399,2023-09-03 05:33:00,Sports,1624.97,3,0,4874.9,Central,Debit Card,53,0,4,9,Sep,Sunday,3
ORD100400,2023-03-17 21:15:00,Home & Kitchen,1186.48,2,0,2372.97,North,Credit Card,18,0,3,3,Mar,Friday,1
ORD100401,2023-02-26 06:01:00,Beauty,913.28,1,5,867.61,West,UPI,45,0,4,2,Feb,Sunday,1
ORD100402,2023-07-31 22:13:00,Clothing,1418.21,1,10,1276.39,West,Credit Card,25,0,3,7,Jul,Monday,3
ORD100403,2023-08-30 23:46:00,Sports,2728.44,5,5,12960.09,North,Debit Card,21,0,5,8,Aug,Wednesday,3
ORD100404,2023-04-17 17:20:00,Sports,1019.68,1,0,1019.68,West,Credit Card,60,0,3,4,Apr,Monday,2
ORD100405,2023-03-30 14:58:00,Books,414.65,1,10,373.19,Central,UPI,32,0,3,3,Mar,Thursday,1
ORD100406,2023-12-13 23:43:00,Books,337.94,1,5,321.05,East,Credit Card,23,0,5,12,Dec,Wednesday,4
ORD100407,2023-05-07 08:35:00,Clothing,1735.45,5,0,8677.24,East,UPI,64,0,1,5,May,Sunday,2
ORD100408,2023-05-28 22:13:00,Books,397.25,1,0,397.25,West,UPI,40,0,4,5,May,Sunday,2
ORD100409,2023-10-14 23:17:00,Books,459.59,1,0,459.59,East,UPI,38,0,3,10,Oct,Saturday,4
ORD100410,2023-10-06 12:57:00,Beauty,918.33,1,5,872.42,West,Net Banking,41,1,3,10,Oct,Friday,4
ORD100411,2023-05-29 01:18:00,Clothing,1446.98,3,0,4340.93,North,UPI,34,0,4,5,May,Monday,2
ORD100412,2023-12-02 08:47:00,Home & Kitchen,3052.28,1,10,2747.05,West,UPI,25,0,4,12,Dec,Saturday,4
ORD100413,2023-05-19 17:44:00,Sports,1355.96,1,0,1355.96,East,UPI,44,0,5,5,May,Friday,2
ORD100414,2023-10-28 07:15:00,Sports,2560.05,1,10,2304.05,North,Debit Card,45,0,4,10,Oct,Saturday,4
ORD100415,2023-04-26 20:14:00,Sports,1868.59,1,0,1868.59,North,UPI,23,0,4,4,Apr,Wednesday,2
ORD100416,2023-08-30 03:43:00,Books,397.98,3,5,1134.24,South,UPI,53,0,3,8,Aug,Wednesday,3
ORD100417,2023-03-22 13:41:00,Sports,2073.37,2,0,4146.73,West,Credit Card,28,0,4,3,Mar,Wednesday,1
ORD100418,2023-05-28 10:18:00,Clothing,1468.2,1,5,1394.79,North,COD,64,0,4,5,May,Sunday,2
ORD100419,2023-11-30 18:14:00,Electronics,9420.81,4,0,37683.25,Central,Debit Card,26,0,1,11,Nov,Thursday,4
ORD100420,2023-03-31 13:56:00,Electronics,4346.06,1,0,4346.06,South,COD,20,0,4,3,Mar,Friday,1
ORD100421,2023-07-23 15:11:00,Electronics,11389.27,2,15,19361.75,East,Net Banking,33,0,5,7,Jul,Sunday,3
ORD100422,2023-06-02 18:38:00,Electronics,15219.23,2,10,27394.61,North,COD,58,0,3,6,Jun,Friday,2
ORD100423,2023-05-26 14:41:00,Books,469.01,4,0,1876.04,Central,Credit Card,36,0,5,5,May,Friday,2
ORD100424,2023-09-16 14:17:00,Clothing,1138.14,2,0,2276.27,South,Net Banking,30,0,5,9,Sep,Saturday,3
ORD100425,2023-03-25 23:29:00,Books,346.53,2,10,623.75,East,Debit Card,53,0,2,3,Mar,Saturday,1
ORD100426,2023-06-22 09:36:00,Electronics,13118.82,1,10,11806.94,South,UPI,48,0,4,6,Jun,Thursday,2
ORD100427,2023-07-27 13:32:00,Beauty,691.15,1,10,622.04,East,UPI,62,0,1,7,Jul,Thursday,3
ORD100428,2023-02-18 05:08:00,Beauty,685.22,3,0,2055.67,West,UPI,55,0,2,2,Feb,Saturday,1
ORD100429,2023-01-04 08:24:00,Clothing,1368.08,1,0,1368.08,South,Credit Card,51,0,5,1,Jan,Wednesday,1
ORD100430,2023-06-18 09:37:00,Books,376.76,4,0,1507.05,Central,UPI,56,0,4,6,Jun,Sunday,2
ORD100431,2023-07-04 22:15:00,Beauty,1110.22,5,5,5273.55,North,Debit Card,36,0,2,7,Jul,Tuesday,3
ORD100432,2023-06-07 05:25:00,Home & Kitchen,2206.37,1,5,2096.05,Central,COD,25,0,4,6,Jun,Wednesday,2
ORD100433,2023-06-09 22:07:00,Beauty,1201.11,1,5,1141.06,East,UPI,63,0,5,6,Jun,Friday,2
ORD100434,2023-04-23 04:30:00,Clothing,1730.1,1,10,1557.09,South,Credit Card,35,0,3,4,Apr,Sunday,2
ORD100435,2023-07-11 13:44:00,Sports,3731.76,3,10,10075.76,Central,COD,28,0,4,7,Jul,Tuesday,3
ORD100436,2023-12-07 06:48:00,Sports,2294.77,2,15,3901.11,South,Debit Card,41,0,1,12,Dec,Thursday,4
ORD100437,2023-02-11 16:28:00,Sports,2451.18,1,10,2206.06,Central,Debit Card,46,1,5,2,Feb,Saturday,1
ORD100438,2023-10-16 03:03:00,Electronics,9054.7,3,5,25805.9,Central,COD,35,0,4,10,Oct,Monday,4
ORD100439,2023-10-21 17:09:00,Clothing,673.52,4,0,2694.07,South,UPI,29,0,2,10,Oct,Saturday,4
ORD100440,2023-08-15 03:43:00,Sports,1854.84,4,10,6677.44,South,Debit Card,27,0,3,8,Aug,Tuesday,3
ORD100441,2023-02-16 16:28:00,Home & Kitchen,1756.1,3,0,5268.31,North,Credit Card,41,0,5,2,Feb,Thursday,1
ORD100442,2023-08-01 14:36:00,Sports,1061.23,1,10,955.11,North,Credit Card,29,1,2,8,Aug,Tuesday,3
ORD100443,2023-06-07 23:01:00,Beauty,1217.55,1,0,1217.55,West,UPI,58,0,2,6,Jun,Wednesday,2
ORD100444,2023-04-22 18:04:00,Electronics,12312.1,1,15,10465.28,North,Credit Card,30,0,5,4,Apr,Saturday,2
ORD100445,2023-02-02 17:03:00,Beauty,1089.24,3,0,3267.73,North,COD,26,0,5,2,Feb,Thursday,1
ORD100446,2023-01-17 09:26:00,Home & Kitchen,3119.54,2,0,6239.08,South,Debit Card,26,0,4,1,Jan,Tuesday,1
ORD100447,2023-11-27 13:23:00,Beauty,1071.94,2,0,2143.88,West,Credit Card,61,0,4,11,Nov,Monday,4
ORD100448,2023-07-12 02:43:00,Home & Kitchen,4173.76,1,0,4173.76,Central,UPI,30,0,2,7,Jul,Wednesday,3
ORD100449,2023-03-02 05:34:00,Books,251.15,1,0,251.15,West,Credit Card,27,0,4,3,Mar,Thursday,1
ORD100450,2023-04-25 00:48:00,Beauty,831.42,1,5,789.85,North,COD,34,0,3,4,Apr,Tuesday,2
ORD100451,2023-12-11 23:34:00,Home & Kitchen,1404.52,2,15,2387.68,West,Credit Card,43,0,4,12,Dec,Monday,4
ORD100452,2023-05-07 14:22:00,Clothing,1557.69,1,20,1246.15,South,UPI,44,0,2,5,May,Sunday,2
ORD100453,2023-02-27 01:51:00,Beauty,1115.46,1,0,1115.46,West,Credit Card,54,0,1,2,Feb,Monday,1
ORD100454,2023-05-04 06:04:00,Electronics,11442.56,1,0,11442.56,North,Credit Card,29,0,3,5,May,Thursday,2
ORD100455,2023-11-03 21:45:00,Home & Kitchen,1606.22,2,20,2569.95,North,UPI,64,0,4,11,Nov,Friday,4
ORD100456,2023-07-25 14:14:00,Electronics,9613.64,1,0,9613.64,Central,UPI,21,0,5,7,Jul,Tuesday,3
ORD100457,2023-03-13 16:18:00,Electronics,11959.72,4,5,45446.92,South,Net Banking,30,0,4,3,Mar,Monday,1
ORD100458,2023-10-22 10:36:00,Beauty,906.27,5,0,4531.33,Central,Debit Card,58,0,5,10,Oct,Sunday,4
ORD100459,2023-05-02 09:56:00,Books,434.61,2,15,738.83,South,COD,42,0,4,5,May,Tuesday,2
ORD100460,2023-04-24 13:19:00,Sports,2028.0,2,0,4055.99,East,UPI,45,0,5,4,Apr,Monday,2
ORD100461,2023-03-31 20:43:00,Sports,1541.29,4,0,6165.16,West,Credit Card,64,0,4,3,Mar,Friday,1
ORD100462,2023-06-26 20:42:00,Electronics,9848.83,1,0,9848.83,West,Debit Card,50,1,4,6,Jun,Monday,2
ORD100463,2023-12-23 13:26:00,Books,429.77,1,5,408.28,South,UPI,38,1,4,12,Dec,Saturday,4
ORD100464,2023-10-03 15:15:00,Clothing,546.21,1,5,518.9,South,UPI,23,0,3,10,Oct,Tuesday,4
ORD100465,2023-03-15 14:58:00,Beauty,957.5,1,10,861.75,North,Credit Card,28,0,5,3,Mar,Wednesday,1
ORD100466,2023-10-13 16:08:00,Home & Kitchen,2238.37,1,5,2126.45,West,UPI,36,0,3,10,Oct,Friday,4
ORD100467,2023-06-19 20:05:00,Clothing,1365.92,1,0,1365.92,West,Net Banking,61,0,5,6,Jun,Monday,2
ORD100468,2023-10-02 23:53:00,Electronics,9777.66,2,0,19555.32,South,UPI,25,0,4,10,Oct,Monday,4
ORD100469,2023-12-11 19:38:00,Home & Kitchen,2215.32,1,5,2104.55,North,Net Banking,34,0,4,12,Dec,Monday,4
ORD100470,2023-10-28 23:42:00,Clothing,1196.82,1,0,1196.82,Central,UPI,54,0,4,10,Oct,Saturday,4
ORD100471,2023-06-20 09:58:00,Clothing,1981.13,3,0,5943.38,North,UPI,59,0,5,6,Jun,Tuesday,2
ORD100472,2023-03-02 23:48:00,Clothing,964.98,1,0,964.98,West,COD,20,0,1,3,Mar,Thursday,1
ORD100473,2023-11-06 22:13:00,Beauty,979.76,4,0,3919.05,West,COD,44,1,4,11,Nov,Monday,4
ORD100474,2023-06-14 09:24:00,Sports,100.0,2,0,200.0,West,Credit Card,47,0,5,6,Jun,Wednesday,2
ORD100475,2023-06-07 08:23:00,Books,700.06,2,0,1400.11,Central,Net Banking,35,1,4,6,Jun,Wednesday,2
ORD100476,2023-02-20 23:30:00,Home & Kitchen,727.74,3,15,1855.73,East,COD,43,0,2,2,Feb,Monday,1
ORD100477,2023-06-10 13:02:00,Books,641.53,1,0,641.53,Central,Net Banking,58,0,5,6,Jun,Saturday,2
ORD100478,2023-03-16 00:16:00,Beauty,1032.43,1,5,980.81,Central,COD,28,0,4,3,Mar,Thursday,1
ORD100479,2023-08-02 09:09:00,Sports,1194.53,1,10,1075.08,South,UPI,62,0,5,8,Aug,Wednesday,3
ORD100480,2023-10-19 07:31:00,Home & Kitchen,3328.84,1,5,3162.4,Central,Debit Card,62,0,3,10,Oct,Thursday,4
ORD100481,2023-06-22 08:48:00,Beauty,778.38,1,15,661.62,West,COD,45,0,4,6,Jun,Thursday,2
ORD100482,2023-09-09 14:10:00,Beauty,1103.15,1,0,1103.15,East,UPI,44,0,4,9,Sep,Saturday,3
ORD100483,2023-10-07 15:11:00,Beauty,790.39,2,10,1422.7,Central,COD,59,0,4,10,Oct,Saturday,4
ORD100484,2023-09-26 01:53:00,Electronics,6686.53,1,15,5683.55,North,COD,48,0,5,9,Sep,Tuesday,3
ORD100485,2023-01-25 00:26:00,Beauty,885.36,1,5,841.09,South,Net Banking,23,0,5,1,Jan,Wednesday,1
ORD100486,2023-02-04 22:09:00,Clothing,834.24,1,0,834.24,North,UPI,39,0,5,2,Feb,Saturday,1
ORD100487,2023-07-11 01:39:00,Home & Kitchen,1381.44,1,10,1243.3,Central,COD,64,0,5,7,Jul,Tuesday,3
ORD100488,2023-09-07 00:00:00,Beauty,1156.12,3,0,3468.35,Central,Credit Card,31,0,4,9,Sep,Thursday,3
ORD100489,2023-01-09 16:46:00,Electronics,9208.98,5,5,43742.64,East,Credit Card,33,0,4,1,Jan,Monday,1
ORD100490,2023-01-09 16:52:00,Books,660.83,1,5,627.79,West,Net Banking,27,0,3,1,Jan,Monday,1
ORD100491,2023-02-24 03:33:00,Clothing,1689.43,1,0,1689.43,South,UPI,49,0,3,2,Feb,Friday,1
ORD100492,2023-09-27 08:52:00,Sports,688.07,2,10,1238.53,East,UPI,55,0,5,9,Sep,Wednesday,3
ORD100493,2023-02-10 11:25:00,Home & Kitchen,2834.35,1,20,2267.48,West,Credit Card,41,0,3,2,Feb,Friday,1
ORD100494,2023-04-26 09:43:00,Beauty,774.67,1,0,774.67,North,Debit Card,26,0,4,4,Apr,Wednesday,2
ORD100495,2023-01-17 02:25:00,Beauty,1182.67,5,15,5026.35,West,UPI,29,0,4,1,Jan,Tuesday,1
ORD100496,2023-01-29 20:00:00,Home & Kitchen,695.65,1,5,660.86,South,UPI,49,0,4,1,Jan,Sunday,1
ORD100497,2023-11-27 10:36:00,Home & Kitchen,2594.54,1,10,2335.08,North,Net Banking,57,0,4,11,Nov,Monday,4
ORD100498,2023-04-28 06:57:00,Electronics,8661.76,2,5,16457.35,Central,Credit Card,57,0,4,4,Apr,Friday,2
ORD100499,2023-02-08 21:59:00,Electronics,17270.07,2,15,29359.11,East,Net Banking,30,1,5,2,Feb,Wednesday,1
ORD100500,2023-12-03 01:11:00,Sports,1931.01,2,5,3668.93,East,UPI,19,0,4,12,Dec,Sunday,4
ORD100501,2023-10-28 04:48:00,Clothing,1314.96,2,0,2629.93,West,COD,20,0,5,10,Oct,Saturday,4
ORD100502,2023-03-25 18:15:00,Books,198.18,1,0,198.18,Central,Net Banking,29,0,4,3,Mar,Saturday,1
ORD100503,2023-12-13 17:21:00,Home & Kitchen,2745.65,1,5,2608.37,West,Debit Card,50,0,5,12,Dec,Wednesday,4
ORD100504,2023-12-19 23:05:00,Clothing,484.24,1,0,484.24,Central,Debit Card,58,0,4,12,Dec,Tuesday,4
ORD100505,2023-01-28 03:27:00,Books,489.59,1,0,489.59,South,Net Banking,21,1,5,1,Jan,Saturday,1
ORD100506,2023-11-06 19:38:00,Books,316.15,2,10,569.07,West,COD,46,0,3,11,Nov,Monday,4
ORD100507,2023-01-16 20:17:00,Books,451.01,1,5,428.46,West,Credit Card,25,0,4,1,Jan,Monday,1
ORD100508,2023-10-11 12:27:00,Books,365.44,2,10,657.79,South,Debit Card,58,0,4,10,Oct,Wednesday,4
ORD100509,2023-07-14 02:49:00,Beauty,622.73,1,5,591.59,Central,UPI,51,0,3,7,Jul,Friday,3
ORD100510,2023-02-07 02:17:00,Clothing,1674.22,5,5,7952.56,South,UPI,56,0,5,2,Feb,Tuesday,1
ORD100511,2023-03-20 23:24:00,Beauty,514.21,1,5,488.5,East,UPI,37,0,4,3,Mar,Monday,1
ORD100512,2023-01-03 09:28:00,Electronics,4601.26,1,20,3681.01,East,Debit Card,32,0,4,1,Jan,Tuesday,1
ORD100513,2023-03-09 02:11:00,Electronics,10989.2,2,5,20879.47,West,Credit Card,53,0,1,3,Mar,Thursday,1
ORD100514,2023-09-20 13:06:00,Sports,3308.73,1,15,2812.42,North,UPI,38,0,4,9,Sep,Wednesday,3
ORD100515,2023-02-17 19:38:00,Sports,1115.71,2,10,2008.27,East,Net Banking,45,0,4,2,Feb,Friday,1
ORD100516,2023-05-30 13:24:00,Electronics,8708.64,4,0,34834.58,North,Debit Card,26,0,3,5,May,Tuesday,2
ORD100517,2023-05-05 18:33:00,Sports,2305.81,2,20,3689.3,South,Debit Card,34,0,5,5,May,Friday,2
ORD100518,2023-03-13 08:19:00,Clothing,1564.02,1,10,1407.62,East,Credit Card,64,0,4,3,Mar,Monday,1
ORD100519,2023-03-27 13:17:00,Electronics,7531.53,2,0,15063.05,West,UPI,45,0,4,3,Mar,Monday,1
ORD100520,2023-07-04 08:15:00,Electronics,10922.59,1,0,10922.59,West,Credit Card,40,0,5,7,Jul,Tuesday,3
ORD100521,2023-08-23 03:08:00,Clothing,713.38,1,0,713.38,East,UPI,63,0,3,8,Aug,Wednesday,3
ORD100522,2023-06-20 19:24:00,Home & Kitchen,2146.26,2,5,4077.89,East,Credit Card,28,0,4,6,Jun,Tuesday,2
ORD100523,2023-11-30 19:08:00,Home & Kitchen,1627.39,1,15,1383.28,East,UPI,36,0,3,11,Nov,Thursday,4
ORD100524,2023-04-13 15:20:00,Beauty,757.75,1,0,757.75,South,COD,44,0,2,4,Apr,Thursday,2
ORD100525,2023-05-30 23:44:00,Books,598.89,1,15,509.06,West,COD,23,0,4,5,May,Tuesday,2
ORD100526,2023-06-16 12:17:00,Clothing,989.8,3,5,2820.94,West,UPI,55,0,4,6,Jun,Friday,2
ORD100527,2023-04-13 18:34:00,Sports,2753.83,2,15,4681.51,South,Debit Card,45,0,4,4,Apr,Thursday,2
ORD100528,2023-01-14 23:29:00,Sports,2125.91,1,5,2019.61,South,Credit Card,24,0,4,1,Jan,Saturday,1
ORD100529,2023-12-21 02:52:00,Books,601.43,4,0,2405.72,West,Debit Card,20,0,4,12,Dec,Thursday,4
ORD100530,2023-11-21 09:15:00,Clothing,850.38,1,0,850.38,East,Debit Card,27,1,5,11,Nov,Tuesday,4
ORD100531,2023-08-05 12:04:00,Beauty,752.29,2,10,1354.13,West,COD,36,0,3,8,Aug,Saturday,3
ORD100532,2023-10-26 12:34:00,Home & Kitchen,1331.88,1,5,1265.29,Central,COD,38,0,2,10,Oct,Thursday,4
ORD100533,2023-08-03 17:02:00,Beauty,652.38,3,10,1761.42,East,Debit Card,63,0,5,8,Aug,Thursday,3
ORD100534,2023-11-01 20:58:00,Sports,998.12,1,15,848.4,North,UPI,50,0,5,11,Nov,Wednesday,4
ORD100535,2023-12-03 21:22:00,Clothing,518.31,1,10,466.48,South,Debit Card,56,0,5,12,Dec,Sunday,4
ORD100536,2023-10-16 20:43:00,Electronics,11265.4,3,10,30416.59,West,COD,39,0,4,10,Oct,Monday,4
ORD100537,2023-08-09 03:00:00,Books,472.4,1,10,425.16,North,UPI,64,0,4,8,Aug,Wednesday,3
ORD100538,2023-09-23 17:37:00,Sports,2233.7,1,10,2010.33,Central,UPI,47,0,2,9,Sep,Saturday,3
ORD100539,2023-07-20 14:49:00,Books,461.61,1,0,461.61,Central,Debit Card,59,0,2,7,Jul,Thursday,3
ORD100540,2023-06-26 00:30:00,Clothing,1759.44,1,0,1759.44,North,UPI,28,0,2,6,Jun,Monday,2
ORD100541,2023-03-01 23:09:00,Electronics,14001.77,1,0,14001.77,East,UPI,32,0,4,3,Mar,Wednesday,1
ORD100542,2023-04-16 16:30:00,Home & Kitchen,2168.8,2,15,3686.95,East,Credit Card,20,0,5,4,Apr,Sunday,2
ORD100543,2023-12-23 14:20:00,Home & Kitchen,2377.95,1,5,2259.05,North,UPI,30,0,4,12,Dec,Saturday,4
ORD100544,2023-02-28 00:54:00,Beauty,595.83,2,0,1191.66,East,Debit Card,46,0,5,2,Feb,Tuesday,1
ORD100545,2023-03-26 23:15:00,Beauty,925.71,1,0,925.71,Central,UPI,43,0,3,3,Mar,Sunday,1
ORD100546,2023-06-19 17:27:00,Clothing,100.0,1,10,90.0,West,UPI,42,0,4,6,Jun,Monday,2
ORD100547,2023-11-19 05:11:00,Home & Kitchen,2407.66,3,0,7222.98,West,UPI,43,0,1,11,Nov,Sunday,4
ORD100548,2023-11-11 06:28:00,Beauty,984.19,3,10,2657.32,Central,Credit Card,33,0,2,11,Nov,Saturday,4
ORD100549,2023-12-27 06:13:00,Electronics,13775.86,1,5,13087.07,East,Debit Card,46,0,5,12,Dec,Wednesday,4
ORD100550,2023-10-23 03:51:00,Electronics,8229.63,1,0,8229.63,Central,UPI,57,0,3,10,Oct,Monday,4
ORD100551,2023-04-11 14:07:00,Books,553.51,1,0,553.51,East,Debit Card,23,0,4,4,Apr,Tuesday,2
ORD100552,2023-09-28 20:20:00,Home & Kitchen,1714.64,1,10,1543.18,Central,UPI,32,0,5,9,Sep,Thursday,3
ORD100553,2023-10-28 03:22:00,Home & Kitchen,2369.03,1,5,2250.58,East,Net Banking,20,0,4,10,Oct,Saturday,4
ORD100554,2023-03-30 21:45:00,Sports,1669.26,1,10,1502.33,East,COD,48,0,1,3,Mar,Thursday,1
ORD100555,2023-02-13 21:08:00,Sports,1367.67,1,10,1230.91,East,UPI,26,0,5,2,Feb,Monday,1
ORD100556,2023-03-01 05:23:00,Books,440.28,1,10,396.25,South,Credit Card,54,0,4,3,Mar,Wednesday,1
ORD100557,2023-11-02 04:36:00,Home & Kitchen,3410.41,2,10,6138.73,West,Credit Card,52,0,4,11,Nov,Thursday,4
ORD100558,2023-11-22 17:44:00,Home & Kitchen,1623.49,1,15,1379.97,South,Credit Card,46,0,3,11,Nov,Wednesday,4
ORD100559,2023-05-28 04:11:00,Home & Kitchen,2623.07,2,5,4983.82,East,Net Banking,43,0,4,5,May,Sunday,2
ORD100560,2023-01-28 11:00:00,Sports,1077.23,1,10,969.51,West,UPI,33,0,4,1,Jan,Saturday,1
ORD100561,2023-10-15 16:41:00,Home & Kitchen,2518.34,1,0,2518.34,West,Credit Card,47,0,5,10,Oct,Sunday,4
ORD100562,2023-08-01 22:53:00,Home & Kitchen,2503.42,2,0,5006.85,West,Credit Card,43,0,5,8,Aug,Tuesday,3
ORD100563,2023-10-17 00:50:00,Electronics,13327.22,1,5,12660.86,South,UPI,64,0,5,10,Oct,Tuesday,4
ORD100564,2023-04-26 17:18:00,Books,423.99,3,5,1208.38,South,Debit Card,63,0,4,4,Apr,Wednesday,2
ORD100565,2023-09-11 17:32:00,Sports,728.14,1,10,655.33,North,Credit Card,32,0,4,9,Sep,Monday,3
ORD100566,2023-10-06 11:34:00,Books,510.9,1,0,510.9,North,Debit Card,54,0,1,10,Oct,Friday,4
ORD100567,2023-10-07 06:27:00,Home & Kitchen,2853.07,3,0,8559.21,North,Debit Card,22,0,5,10,Oct,Saturday,4
ORD100568,2023-05-07 09:55:00,Beauty,793.35,1,5,753.69,North,Credit Card,46,0,4,5,May,Sunday,2
ORD100569,2023-02-14 14:55:00,Books,613.08,1,10,551.77,North,Debit Card,50,0,2,2,Feb,Tuesday,1
ORD100570,2023-04-18 23:37:00,Clothing,1780.7,3,15,4540.78,East,Net Banking,62,0,4,4,Apr,Tuesday,2
ORD100571,2023-11-20 13:10:00,Sports,1232.12,1,0,1232.12,Central,UPI,52,0,4,11,Nov,Monday,4
ORD100572,2023-04-16 01:36:00,Clothing,1366.93,1,10,1230.24,East,Credit Card,52,0,1,4,Apr,Sunday,2
ORD100573,2023-10-03 05:20:00,Sports,2801.96,4,10,10087.04,East,UPI,53,0,5,10,Oct,Tuesday,4
ORD100574,2023-09-21 21:52:00,Books,560.71,2,15,953.21,North,UPI,27,0,2,9,Sep,Thursday,3
ORD100575,2023-01-31 08:55:00,Home & Kitchen,3816.04,2,10,6868.87,South,Debit Card,19,0,4,1,Jan,Tuesday,1
ORD100576,2023-05-08 04:45:00,Clothing,1449.93,4,15,4929.77,East,Net Banking,45,0,3,5,May,Monday,2
ORD100577,2023-07-21 15:09:00,Beauty,480.21,5,20,1920.83,Central,Debit Card,21,0,4,7,Jul,Friday,3
ORD100578,2023-08-01 12:28:00,Beauty,901.95,4,10,3247.03,North,Debit Card,44,0,4,8,Aug,Tuesday,3
ORD100579,2023-07-26 16:47:00,Electronics,10646.09,4,0,42584.37,East,Debit Card,22,0,4,7,Jul,Wednesday,3
ORD100580,2023-08-21 15:20:00,Books,641.26,3,5,1827.59,Central,UPI,57,0,4,8,Aug,Monday,3
ORD100581,2023-02-17 23:29:00,Beauty,1006.49,2,10,1811.68,East,Net Banking,31,0,4,2,Feb,Friday,1
ORD100582,2023-07-23 06:27:00,Sports,404.75,2,15,688.07,South,Credit Card,45,0,4,7,Jul,Sunday,3
ORD100583,2023-05-26 10:35:00,Books,100.0,1,5,95.0,Central,UPI,55,0,2,5,May,Friday,2
ORD100584,2023-06-25 21:48:00,Home & Kitchen,1864.55,2,10,3356.19,North,UPI,46,0,2,6,Jun,Sunday,2
ORD100585,2023-08-24 00:07:00,Beauty,974.7,2,15,1657.0,South,Credit Card,33,0,4,8,Aug,Thursday,3
ORD100586,2023-08-08 06:44:00,Electronics,9825.33,2,0,19650.66,South,Net Banking,40,0,5,8,Aug,Tuesday,3
ORD100587,2023-03-23 08:05:00,Books,400.22,5,0,2001.1,East,UPI,59,0,4,3,Mar,Thursday,1
ORD100588,2023-12-07 20:10:00,Books,487.33,2,0,974.65,North,UPI,56,0,4,12,Dec,Thursday,4
ORD100589,2023-12-25 07:27:00,Books,423.57,2,15,720.08,North,Debit Card,46,0,4,12,Dec,Monday,4
ORD100590,2023-04-20 15:04:00,Electronics,7969.68,1,0,7969.68,South,Credit Card,32,0,5,4,Apr,Thursday,2
ORD100591,2023-12-15 14:00:00,Sports,715.97,2,20,1145.55,North,Debit Card,57,0,3,12,Dec,Friday,4
ORD100592,2023-08-05 22:08:00,Electronics,10129.89,1,0,10129.89,West,UPI,27,0,4,8,Aug,Saturday,3
ORD100593,2023-02-15 23:51:00,Home & Kitchen,1225.66,2,0,2451.32,North,UPI,54,0,5,2,Feb,Wednesday,1
ORD100594,2023-06-03 04:24:00,Books,527.66,1,5,501.28,South,Debit Card,27,0,3,6,Jun,Saturday,2
ORD100595,2023-03-15 02:33:00,Beauty,1350.17,2,0,2700.34,Central,UPI,40,0,4,3,Mar,Wednesday,1
ORD100596,2023-03-26 14:22:00,Beauty,1174.62,1,5,1115.89,South,Debit Card,26,0,4,3,Mar,Sunday,1
ORD100597,2023-07-30 19:43:00,Clothing,925.23,1,20,740.18,West,Net Banking,34,0,4,7,Jul,Sunday,3
ORD100598,2023-02-21 04:48:00,Electronics,12171.56,5,15,51729.13,North,Credit Card,37,0,4,2,Feb,Tuesday,1
ORD100599,2023-06-29 13:20:00,Home & Kitchen,2309.46,1,10,2078.51,South,UPI,29,0,5,6,Jun,Thursday,2
ORD100600,2023-02-13 07:35:00,Beauty,1185.43,1,0,1185.43,Central,Credit Card,21,0,4,2,Feb,Monday,1
ORD100601,2023-05-26 22:01:00,Sports,1543.45,4,15,5247.71,East,UPI,54,0,5,5,May,Friday,2
ORD100602,2023-09-18 06:47:00,Sports,2568.34,1,20,2054.67,West,UPI,25,0,4,9,Sep,Monday,3
ORD100603,2023-05-03 15:24:00,Electronics,8614.9,1,5,8184.16,North,UPI,45,0,5,5,May,Wednesday,2
ORD100604,2023-11-01 02:33:00,Beauty,127.84,4,5,485.77,North,COD,55,1,4,11,Nov,Wednesday,4
ORD100605,2023-03-09 12:55:00,Books,361.84,1,0,361.84,Central,Credit Card,52,1,5,3,Mar,Thursday,1
ORD100606,2023-12-16 05:48:00,Sports,2666.77,2,0,5333.53,West,COD,42,0,3,12,Dec,Saturday,4
ORD100607,2023-01-09 18:04:00,Electronics,5869.02,1,5,5575.57,North,UPI,39,0,4,1,Jan,Monday,1
ORD100608,2023-01-31 12:32:00,Electronics,6757.53,1,0,6757.53,East,Debit Card,53,0,4,1,Jan,Tuesday,1
ORD100609,2023-08-01 13:44:00,Sports,1891.32,1,5,1796.75,West,UPI,44,0,3,8,Aug,Tuesday,3
ORD100610,2023-10-03 19:09:00,Sports,1340.66,4,5,5094.52,East,UPI,45,0,3,10,Oct,Tuesday,4
ORD100611,2023-09-19 06:51:00,Electronics,6301.32,1,5,5986.26,South,Credit Card,34,0,5,9,Sep,Tuesday,3
ORD100612,2023-10-28 20:48:00,Home & Kitchen,3369.22,1,10,3032.3,North,UPI,47,0,4,10,Oct,Saturday,4
ORD100613,2023-05-03 01:15:00,Home & Kitchen,1502.28,1,5,1427.16,North,COD,26,0,5,5,May,Wednesday,2
ORD100614,2023-08-21 19:38:00,Electronics,9415.32,1,15,8003.02,North,UPI,26,0,3,8,Aug,Monday,3
ORD100615,2023-12-03 23:11:00,Beauty,627.12,1,5,595.76,North,UPI,26,0,4,12,Dec,Sunday,4
ORD100616,2023-12-26 00:10:00,Clothing,1265.6,1,15,1075.76,West,COD,29,0,5,12,Dec,Tuesday,4
ORD100617,2023-09-22 23:16:00,Sports,1860.5,1,10,1674.45,South,UPI,60,0,3,9,Sep,Friday,3
ORD100618,2023-05-18 23:56:00,Beauty,1238.31,3,15,3157.7,North,Debit Card,39,0,1,5,May,Thursday,2
ORD100619,2023-06-21 13:17:00,Electronics,9035.77,3,5,25751.95,Central,UPI,58,0,4,6,Jun,Wednesday,2
ORD100620,2023-10-23 20:04:00,Beauty,601.02,1,0,601.02,West,Credit Card,56,0,4,10,Oct,Monday,4
ORD100621,2023-01-29 15:54:00,Books,215.15,2,0,430.3,Central,UPI,19,0,4,1,Jan,Sunday,1
ORD100622,2023-05-11 03:57:00,Clothing,102.88,4,0,411.5,Central,Debit Card,30,0,5,5,May,Thursday,2
ORD100623,2023-04-27 23:32:00,Electronics,8778.57,2,5,16679.29,North,UPI,63,0,3,4,Apr,Thursday,2
ORD100624,2023-05-06 01:30:00,Electronics,7214.5,3,0,21643.5,East,UPI,57,0,5,5,May,Saturday,2
ORD100625,2023-04-02 01:35:00,Clothing,789.77,4,5,3001.11,West,UPI,55,0,2,4,Apr,Sunday,2
ORD100626,2023-08-02 23:20:00,Clothing,1362.03,1,20,1089.62,East,Net Banking,42,0,3,8,Aug,Wednesday,3
ORD100627,2023-07-10 03:32:00,Sports,996.62,1,0,996.62,North,UPI,26,0,5,7,Jul,Monday,3
ORD100628,2023-01-24 12:04:00,Sports,2405.64,3,10,6495.23,West,Net Banking,33,0,4,1,Jan,Tuesday,1
ORD100629,2023-06-17 02:35:00,Books,425.0,3,0,1275.0,West,UPI,64,0,5,6,Jun,Saturday,2
ORD100630,2023-05-30 18:50:00,Clothing,1767.81,1,0,1767.81,East,Debit Card,47,1,4,5,May,Tuesday,2
ORD100631,2023-08-26 11:37:00,Clothing,646.85,3,10,1746.5,West,COD,38,0,4,8,Aug,Saturday,3
ORD100632,2023-10-07 07:09:00,Clothing,1168.67,1,5,1110.23,North,COD,63,0,4,10,Oct,Saturday,4
ORD100633,2023-04-30 17:22:00,Electronics,2948.11,1,0,2948.11,North,COD,60,0,5,4,Apr,Sunday,2
ORD100634,2023-12-03 12:54:00,Electronics,10130.44,3,5,28871.75,East,UPI,40,0,4,12,Dec,Sunday,4
ORD100635,2023-05-02 13:31:00,Sports,1939.87,2,15,3297.77,North,COD,25,0,5,5,May,Tuesday,2
ORD100636,2023-12-31 08:05:00,Clothing,1288.61,1,0,1288.61,North,COD,62,0,3,12,Dec,Sunday,4
ORD100637,2023-07-31 22:57:00,Sports,1161.56,3,10,3136.22,East,Credit Card,57,0,4,7,Jul,Monday,3
ORD100638,2023-02-13 18:06:00,Beauty,614.42,1,5,583.7,Central,UPI,45,1,3,2,Feb,Monday,1
ORD100639,2023-02-08 18:36:00,Home & Kitchen,2261.98,5,5,10744.43,North,Credit Card,64,0,2,2,Feb,Wednesday,1
ORD100640,2023-05-02 09:16:00,Clothing,1211.66,1,20,969.33,East,COD,18,0,4,5,May,Tuesday,2
ORD100641,2023-12-25 23:20:00,Home & Kitchen,1825.92,1,10,1643.33,East,Credit Card,34,0,5,12,Dec,Monday,4
ORD100642,2023-02-08 06:08:00,Clothing,955.8,1,5,908.01,Central,UPI,30,0,4,2,Feb,Wednesday,1
ORD100643,2023-03-26 14:29:00,Electronics,9760.35,1,10,8784.32,East,Credit Card,63,0,3,3,Mar,Sunday,1
ORD100644,2023-07-03 06:28:00,Sports,2845.98,2,0,5691.95,East,Credit Card,52,0,4,7,Jul,Monday,3
ORD100645,2023-02-16 05:51:00,Electronics,9809.01,1,5,9318.56,East,Net Banking,51,0,4,2,Feb,Thursday,1
ORD100646,2023-11-05 01:13:00,Beauty,555.8,2,20,889.29,East,UPI,34,1,5,11,Nov,Sunday,4
ORD100647,2023-05-08 11:25:00,Beauty,806.27,1,0,806.27,Central,UPI,32,0,5,5,May,Monday,2
ORD100648,2023-05-14 05:01:00,Books,312.02,1,5,296.42,West,Net Banking,49,1,1,5,May,Sunday,2
ORD100649,2023-10-09 07:06:00,Sports,1956.95,1,5,1859.1,West,UPI,24,0,2,10,Oct,Monday,4
ORD100650,2023-03-04 00:03:00,Clothing,665.36,2,10,1197.64,South,UPI,32,0,3,3,Mar,Saturday,1
ORD100651,2023-07-10 21:40:00,Home & Kitchen,770.44,1,10,693.4,North,Credit Card,21,0,3,7,Jul,Monday,3
ORD100652,2023-02-08 00:04:00,Books,422.97,1,5,401.82,South,COD,60,0,4,2,Feb,Wednesday,1
ORD100653,2023-03-07 02:57:00,Home & Kitchen,3014.53,3,0,9043.58,East,UPI,61,0,4,3,Mar,Tuesday,1
ORD100654,2023-01-26 05:59:00,Home & Kitchen,1184.54,2,5,2250.62,Central,Credit Card,22,0,4,1,Jan,Thursday,1
ORD100655,2023-07-22 15:01:00,Beauty,1410.75,1,15,1199.14,West,Debit Card,40,0,4,7,Jul,Saturday,3
ORD100656,2023-07-01 06:58:00,Clothing,1083.94,1,15,921.35,South,UPI,49,0,3,7,Jul,Saturday,3
ORD100657,2023-03-18 01:39:00,Home & Kitchen,3131.69,1,0,3131.69,Central,Credit Card,27,0,4,3,Mar,Saturday,1
ORD100658,2023-06-01 15:26:00,Beauty,871.66,2,0,1743.32,Central,Credit Card,39,0,4,6,Jun,Thursday,2
ORD100659,2023-05-24 12:08:00,Electronics,9758.83,1,0,9758.83,West,UPI,28,0,5,5,May,Wednesday,2
ORD100660,2023-05-08 20:51:00,Sports,163.57,1,0,163.57,Central,Debit Card,27,0,3,5,May,Monday,2
ORD100661,2023-07-03 15:34:00,Home & Kitchen,1106.61,1,5,1051.28,West,UPI,47,0,3,7,Jul,Monday,3
ORD100662,2023-09-15 10:24:00,Sports,575.88,2,10,1036.58,East,UPI,63,0,2,9,Sep,Friday,3
ORD100663,2023-11-02 07:01:00,Books,697.16,1,10,627.45,East,UPI,51,0,3,11,Nov,Thursday,4
ORD100664,2023-09-29 11:49:00,Home & Kitchen,1337.17,1,0,1337.17,Central,COD,59,1,3,9,Sep,Friday,3
ORD100665,2023-02-21 07:42:00,Clothing,752.53,1,0,752.53,South,UPI,52,0,4,2,Feb,Tuesday,1
ORD100666,2023-01-29 07:36:00,Beauty,873.23,2,0,1746.46,West,UPI,56,0,2,1,Jan,Sunday,1
ORD100667,2023-04-01 07:37:00,Clothing,1181.21,1,5,1122.15,East,Net Banking,25,0,4,4,Apr,Saturday,2
ORD100668,2023-07-03 18:01:00,Beauty,710.93,1,10,639.84,East,COD,34,0,4,7,Jul,Monday,3
ORD100669,2023-03-14 18:12:00,Sports,1848.95,1,0,1848.95,West,Credit Card,43,0,4,3,Mar,Tuesday,1
ORD100670,2023-09-09 01:05:00,Clothing,1620.99,1,0,1620.99,North,UPI,27,0,5,9,Sep,Saturday,3
ORD100671,2023-01-11 16:30:00,Clothing,1015.4,2,10,1827.71,North,UPI,32,0,4,1,Jan,Wednesday,1
ORD100672,2023-04-14 04:21:00,Sports,1976.52,3,10,5336.6,South,COD,46,0,3,4,Apr,Friday,2
ORD100673,2023-01-31 00:09:00,Books,222.09,1,5,210.99,Central,Debit Card,33,0,5,1,Jan,Tuesday,1
ORD100674,2023-02-26 16:55:00,Clothing,312.0,3,0,936.0,East,COD,46,0,4,2,Feb,Sunday,1
ORD100675,2023-12-27 21:25:00,Books,539.11,1,0,539.11,Central,UPI,36,0,5,12,Dec,Wednesday,4
ORD100676,2023-06-15 04:10:00,Books,334.21,1,0,334.21,West,Debit Card,22,0,5,6,Jun,Thursday,2
ORD100677,2023-11-29 10:11:00,Home & Kitchen,2484.03,1,10,2235.62,Central,Debit Card,46,1,1,11,Nov,Wednesday,4
ORD100678,2023-07-02 07:42:00,Sports,1972.13,1,0,1972.13,Central,Net Banking,48,0,4,7,Jul,Sunday,3
ORD100679,2023-06-07 23:44:00,Home & Kitchen,100.0,3,0,300.0,East,UPI,49,0,4,6,Jun,Wednesday,2
ORD100680,2023-01-01 22:36:00,Beauty,349.18,2,15,593.6,West,Net Banking,63,0,4,1,Jan,Sunday,1
ORD100681,2023-01-17 05:38:00,Sports,1250.86,1,0,1250.86,East,COD,38,0,1,1,Jan,Tuesday,1
ORD100682,2023-04-24 20:36:00,Sports,1133.38,2,0,2266.76,North,COD,41,0,2,4,Apr,Monday,2
ORD100683,2023-06-19 23:04:00,Clothing,861.5,1,0,861.5,South,UPI,28,0,4,6,Jun,Monday,2
ORD100684,2023-03-27 20:56:00,Books,535.24,2,10,963.44,North,Net Banking,47,0,3,3,Mar,Monday,1
ORD100685,2023-11-24 23:56:00,Beauty,1406.53,1,5,1336.21,East,Credit Card,59,0,4,11,Nov,Friday,4
ORD100686,2023-04-18 07:44:00,Books,278.77,1,0,278.77,North,UPI,39,0,5,4,Apr,Tuesday,2
ORD100687,2023-01-01 01:24:00,Electronics,10629.79,1,20,8503.83,West,Debit Card,49,0,5,1,Jan,Sunday,1
ORD100688,2023-07-31 15:56:00,Clothing,991.05,1,0,991.05,West,UPI,51,0,4,7,Jul,Monday,3
ORD100689,2023-02-21 15:50:00,Home & Kitchen,579.35,2,10,1042.84,Central,Debit Card,53,0,3,2,Feb,Tuesday,1
ORD100690,2023-04-26 05:28:00,Beauty,965.73,1,15,820.87,North,Debit Card,45,0,1,4,Apr,Wednesday,2
ORD100691,2023-05-31 00:20:00,Electronics,8731.43,1,5,8294.86,East,COD,54,0,4,5,May,Wednesday,2
ORD100692,2023-06-25 05:56:00,Electronics,7981.59,1,10,7183.44,West,UPI,53,0,5,6,Jun,Sunday,2
ORD100693,2023-10-08 02:21:00,Electronics,10815.76,5,5,51374.86,Central,COD,49,0,4,10,Oct,Sunday,4
ORD100694,2023-12-27 00:27:00,Home & Kitchen,2107.48,1,0,2107.48,South,Credit Card,22,0,4,12,Dec,Wednesday,4
ORD100695,2023-03-22 01:06:00,Home & Kitchen,2402.07,2,0,4804.14,East,UPI,23,0,5,3,Mar,Wednesday,1
ORD100696,2023-07-29 22:35:00,Clothing,1301.14,4,5,4944.35,Central,UPI,61,0,2,7,Jul,Saturday,3
ORD100697,2023-06-02 07:06:00,Books,363.82,1,10,327.44,North,UPI,31,0,1,6,Jun,Friday,2
ORD100698,2023-09-09 04:03:00,Sports,1158.61,1,0,1158.61,East,UPI,40,0,5,9,Sep,Saturday,3
ORD100699,2023-05-31 21:40:00,Electronics,12566.33,3,15,32044.14,Central,Credit Card,46,0,4,5,May,Wednesday,2
ORD100700,2023-01-14 06:10:00,Electronics,12754.72,1,0,12754.72,East,COD,18,0,2,1,Jan,Saturday,1
ORD100701,2023-03-01 09:50:00,Home & Kitchen,928.95,1,20,743.16,West,Credit Card,41,0,2,3,Mar,Wednesday,1
ORD100702,2023-05-16 02:41:00,Beauty,311.19,1,0,311.19,Central,UPI,19,0,4,5,May,Tuesday,2
ORD100703,2023-07-15 11:11:00,Books,340.81,1,0,340.81,West,UPI,20,0,4,7,Jul,Saturday,3
ORD100704,2023-08-27 08:14:00,Home & Kitchen,2351.65,1,10,2116.49,East,Credit Card,36,0,4,8,Aug,Sunday,3
ORD100705,2023-12-23 21:06:00,Clothing,703.62,1,0,703.62,North,Debit Card,39,0,4,12,Dec,Saturday,4
ORD100706,2023-07-31 18:14:00,Sports,1355.34,1,5,1287.57,Central,UPI,43,0,4,7,Jul,Monday,3
ORD100707,2023-09-25 13:34:00,Home & Kitchen,2763.38,2,5,5250.42,West,Credit Card,37,0,5,9,Sep,Monday,3
ORD100708,2023-09-01 09:05:00,Clothing,1188.01,1,0,1188.01,West,COD,59,0,1,9,Sep,Friday,3
ORD100709,2023-01-18 16:36:00,Beauty,1032.38,1,10,929.14,Central,Net Banking,63,0,4,1,Jan,Wednesday,1
ORD100710,2023-11-14 04:07:00,Beauty,568.91,3,0,1706.73,West,UPI,56,0,3,11,Nov,Tuesday,4
ORD100711,2023-04-19 06:08:00,Clothing,1267.82,2,5,2408.85,North,Credit Card,60,1,4,4,Apr,Wednesday,2
ORD100712,2023-08-11 06:52:00,Beauty,996.08,5,10,4482.37,South,Net Banking,21,0,5,8,Aug,Friday,3
ORD100713,2023-06-13 23:58:00,Books,426.32,1,5,405.01,North,UPI,58,0,2,6,Jun,Tuesday,2
ORD100714,2023-07-23 17:20:00,Sports,2099.82,1,0,2099.82,East,Credit Card,36,0,3,7,Jul,Sunday,3
ORD100715,2023-12-25 19:37:00,Electronics,8731.47,1,5,8294.9,Central,Debit Card,20,0,4,12,Dec,Monday,4
ORD100716,2023-08-01 04:09:00,Electronics,5716.65,3,5,16292.45,Central,Credit Card,59,0,4,8,Aug,Tuesday,3
ORD100717,2023-02-24 18:49:00,Electronics,7781.87,1,0,7781.87,North,Debit Card,40,0,5,2,Feb,Friday,1
ORD100718,2023-06-26 13:16:00,Sports,1592.26,1,0,1592.26,West,Debit Card,55,0,3,6,Jun,Monday,2
ORD100719,2023-11-08 15:02:00,Sports,1549.47,1,10,1394.52,South,UPI,21,0,3,11,Nov,Wednesday,4
ORD100720,2023-11-13 19:43:00,Clothing,1240.4,2,15,2108.67,West,UPI,52,0,3,11,Nov,Monday,4
ORD100721,2023-12-20 07:03:00,Books,297.84,1,5,282.95,West,COD,60,0,5,12,Dec,Wednesday,4
ORD100722,2023-01-11 10:52:00,Books,163.45,1,0,163.45,East,UPI,48,0,2,1,Jan,Wednesday,1
ORD100723,2023-12-23 21:06:00,Home & Kitchen,1557.74,4,10,5607.87,South,UPI,56,0,3,12,Dec,Saturday,4
ORD100724,2023-08-15 10:17:00,Beauty,1208.36,4,0,4833.46,West,Credit Card,43,0,5,8,Aug,Tuesday,3
ORD100725,2023-04-07 14:13:00,Electronics,6542.47,1,15,5561.1,West,Debit Card,40,0,4,4,Apr,Friday,2
ORD100726,2023-07-11 01:32:00,Sports,2688.24,1,5,2553.82,South,UPI,54,0,5,7,Jul,Tuesday,3
ORD100727,2023-09-17 12:08:00,Beauty,1030.39,1,10,927.35,Central,Net Banking,47,0,5,9,Sep,Sunday,3
ORD100728,2023-03-30 06:56:00,Electronics,6475.2,1,5,6151.44,South,Net Banking,61,0,4,3,Mar,Thursday,1
ORD100729,2023-01-17 14:03:00,Clothing,998.46,4,0,3993.85,East,Debit Card,54,0,5,1,Jan,Tuesday,1
ORD100730,2023-07-08 14:32:00,Books,360.3,1,0,360.3,West,Debit Card,51,0,4,7,Jul,Saturday,3
ORD100731,2023-12-15 00:15:00,Electronics,4410.76,3,5,12570.68,East,Credit Card,42,0,1,12,Dec,Friday,4
ORD100732,2023-04-01 15:37:00,Home & Kitchen,2649.88,1,5,2517.38,Central,UPI,26,0,5,4,Apr,Saturday,2
ORD100733,2023-05-13 23:53:00,Clothing,1006.1,3,10,2716.47,North,UPI,49,0,4,5,May,Saturday,2
ORD100734,2023-01-26 05:54:00,Home & Kitchen,3346.3,1,0,3346.3,Central,Debit Card,27,0,4,1,Jan,Thursday,1
ORD100735,2023-04-24 20:14:00,Clothing,478.64,1,0,478.64,South,UPI,30,1,5,4,Apr,Monday,2
ORD100736,2023-09-20 00:55:00,Home & Kitchen,1536.86,1,0,1536.86,North,Credit Card,20,0,4,9,Sep,Wednesday,3
ORD100737,2023-11-28 05:38:00,Clothing,889.15,2,15,1511.55,North,UPI,31,1,1,11,Nov,Tuesday,4
ORD100738,2023-06-06 22:45:00,Sports,1922.7,2,0,3845.4,East,Credit Card,60,0,4,6,Jun,Tuesday,2
ORD100739,2023-06-28 14:16:00,Home & Kitchen,1130.62,1,15,961.03,South,Credit Card,42,0,2,6,Jun,Wednesday,2
ORD100740,2023-09-24 19:25:00,Beauty,408.72,1,20,326.97,Central,UPI,64,0,1,9,Sep,Sunday,3
ORD100741,2023-12-06 11:35:00,Sports,1883.72,4,0,7534.88,Central,Credit Card,45,0,1,12,Dec,Wednesday,4
ORD100742,2023-12-17 03:30:00,Books,573.04,1,5,544.39,North,UPI,57,0,4,12,Dec,Sunday,4
ORD100743,2023-11-24 10:55:00,Books,607.95,1,20,486.36,East,UPI,20,1,4,11,Nov,Friday,4
ORD100744,2023-11-30 09:12:00,Beauty,514.3,1,5,488.58,South,Credit Card,35,0,4,11,Nov,Thursday,4
ORD100745,2023-01-30 19:25:00,Clothing,1181.34,1,15,1004.14,East,Debit Card,64,0,4,1,Jan,Monday,1
ORD100746,2023-01-14 20:31:00,Beauty,1197.06,1,10,1077.35,East,UPI,31,0,3,1,Jan,Saturday,1
ORD100747,2023-07-27 12:47:00,Home & Kitchen,2539.8,1,5,2412.81,North,Credit Card,39,0,5,7,Jul,Thursday,3
ORD100748,2023-04-08 10:46:00,Sports,2654.57,1,5,2521.85,South,Debit Card,36,0,2,4,Apr,Saturday,2
ORD100749,2023-09-01 21:22:00,Beauty,636.97,1,20,509.57,Central,UPI,52,0,4,9,Sep,Friday,3
ORD100750,2023-12-03 17:11:00,Clothing,100.0,1,20,80.0,East,UPI,33,0,5,12,Dec,Sunday,4
ORD100751,2023-05-13 23:51:00,Clothing,1752.04,5,0,8760.18,Central,Debit Card,39,0,5,5,May,Saturday,2
ORD100752,2023-12-15 10:41:00,Clothing,1884.05,1,5,1789.85,North,UPI,47,1,4,12,Dec,Friday,4
ORD100753,2023-06-07 13:50:00,Clothing,615.63,1,10,554.07,East,UPI,56,0,4,6,Jun,Wednesday,2
ORD100754,2023-05-31 14:54:00,Sports,2275.26,1,0,2275.26,North,Credit Card,37,0,4,5,May,Wednesday,2
ORD100755,2023-10-26 18:39:00,Beauty,656.28,2,5,1246.93,North,Credit Card,38,0,4,10,Oct,Thursday,4
ORD100756,2023-09-14 03:55:00,Clothing,644.21,1,5,612.0,West,Credit Card,34,0,3,9,Sep,Thursday,3
ORD100757,2023-01-28 04:08:00,Home & Kitchen,2171.34,1,5,2062.77,South,UPI,28,0,5,1,Jan,Saturday,1
ORD100758,2023-08-23 04:20:00,Sports,1844.92,4,0,7379.67,South,Debit Card,52,0,1,8,Aug,Wednesday,3
ORD100759,2023-06-20 20:11:00,Home & Kitchen,1911.92,2,0,3823.83,East,Debit Card,41,0,5,6,Jun,Tuesday,2
ORD100760,2023-08-20 08:13:00,Electronics,9187.22,3,5,26183.59,South,Credit Card,36,0,4,8,Aug,Sunday,3
ORD100761,2023-09-08 02:08:00,Clothing,1737.16,1,0,1737.16,Central,Credit Card,59,0,3,9,Sep,Friday,3
ORD100762,2023-07-26 13:30:00,Home & Kitchen,1696.52,1,5,1611.69,West,UPI,23,0,2,7,Jul,Wednesday,3
ORD100763,2023-04-13 23:23:00,Sports,1275.55,3,0,3826.65,North,Net Banking,48,0,4,4,Apr,Thursday,2
ORD100764,2023-04-08 00:43:00,Sports,1313.01,1,10,1181.71,North,Debit Card,32,0,5,4,Apr,Saturday,2
ORD100765,2023-04-26 22:56:00,Clothing,740.94,1,0,740.94,East,UPI,34,0,3,4,Apr,Wednesday,2
ORD100766,2023-07-16 16:37:00,Electronics,8177.94,2,10,14720.28,East,UPI,19,0,1,7,Jul,Sunday,3
ORD100767,2023-06-02 09:29:00,Electronics,11498.26,2,0,22996.51,Central,Credit Card,58,0,1,6,Jun,Friday,2
ORD100768,2023-08-11 21:08:00,Books,450.42,1,0,450.42,East,COD,59,0,4,8,Aug,Friday,3
ORD100769,2023-07-03 06:10:00,Home & Kitchen,2018.02,2,0,4036.04,West,UPI,26,0,4,7,Jul,Monday,3
ORD100770,2023-03-09 06:46:00,Clothing,525.21,5,5,2494.76,North,Credit Card,40,0,4,3,Mar,Thursday,1
ORD100771,2023-03-05 11:45:00,Clothing,992.39,3,0,2977.18,North,UPI,48,1,4,3,Mar,Sunday,1
ORD100772,2023-05-11 17:39:00,Beauty,1014.59,2,5,1927.72,North,Credit Card,59,0,4,5,May,Thursday,2
ORD100773,2023-12-05 03:41:00,Electronics,6035.59,1,0,6035.59,North,UPI,37,0,3,12,Dec,Tuesday,4
ORD100774,2023-08-02 14:24:00,Electronics,3871.6,1,10,3484.44,North,Credit Card,41,0,5,8,Aug,Wednesday,3
ORD100775,2023-12-26 04:13:00,Home & Kitchen,1693.8,1,10,1524.42,North,UPI,31,0,5,12,Dec,Tuesday,4
ORD100776,2023-02-21 21:33:00,Beauty,447.54,1,5,425.17,East,Debit Card,57,0,2,2,Feb,Tuesday,1
ORD100777,2023-03-12 13:53:00,Beauty,552.91,2,5,1050.52,North,Credit Card,34,0,5,3,Mar,Sunday,1
ORD100778,2023-03-02 09:07:00,Sports,2085.64,1,10,1877.07,North,Credit Card,40,0,4,3,Mar,Thursday,1
ORD100779,2023-04-13 08:53:00,Sports,2185.56,1,10,1967.0,Central,COD,28,0,2,4,Apr,Thursday,2
ORD100780,2023-12-27 13:18:00,Books,548.48,3,0,1645.44,South,UPI,43,0,4,12,Dec,Wednesday,4
ORD100781,2023-04-17 22:59:00,Home & Kitchen,1707.85,1,15,1451.67,West,UPI,37,0,5,4,Apr,Monday,2
ORD100782,2023-01-07 21:05:00,Electronics,6219.48,2,5,11817.01,North,Net Banking,20,0,2,1,Jan,Saturday,1
ORD100783,2023-09-10 04:05:00,Beauty,953.38,2,5,1811.41,Central,UPI,55,0,3,9,Sep,Sunday,3
ORD100784,2023-02-21 08:41:00,Beauty,1061.74,2,5,2017.31,South,Credit Card,54,0,4,2,Feb,Tuesday,1
ORD100785,2023-05-16 14:03:00,Books,546.76,1,10,492.08,North,Net Banking,49,1,5,5,May,Tuesday,2
ORD100786,2023-05-29 11:51:00,Electronics,6204.16,2,15,10547.07,East,Credit Card,48,0,5,5,May,Monday,2
ORD100787,2023-02-18 01:00:00,Electronics,1307.5,1,5,1242.13,South,Debit Card,31,0,2,2,Feb,Saturday,1
ORD100788,2023-06-18 11:57:00,Clothing,1654.81,1,10,1489.33,West,COD,64,0,3,6,Jun,Sunday,2
ORD100789,2023-02-17 11:52:00,Books,343.46,5,5,1631.45,East,UPI,47,0,3,2,Feb,Friday,1
ORD100790,2023-07-24 14:17:00,Home & Kitchen,1170.59,1,5,1112.06,West,Debit Card,48,0,4,7,Jul,Monday,3
ORD100791,2023-08-04 20:56:00,Home & Kitchen,2286.4,1,0,2286.4,South,UPI,19,0,4,8,Aug,Friday,3
ORD100792,2023-01-31 05:06:00,Beauty,433.97,1,10,390.57,West,COD,52,0,5,1,Jan,Tuesday,1
ORD100793,2023-10-19 21:28:00,Home & Kitchen,3596.7,2,0,7193.39,South,Credit Card,33,0,5,10,Oct,Thursday,4
ORD100794,2023-11-10 00:55:00,Books,100.0,2,20,160.0,South,Credit Card,22,0,1,11,Nov,Friday,4
ORD100795,2023-02-27 13:28:00,Home & Kitchen,2316.05,1,5,2200.25,North,UPI,26,0,3,2,Feb,Monday,1
ORD100796,2023-06-10 00:45:00,Beauty,1043.65,1,0,1043.65,Central,Debit Card,63,0,5,6,Jun,Saturday,2
ORD100797,2023-10-17 07:42:00,Sports,2275.7,1,10,2048.13,East,Credit Card,21,0,4,10,Oct,Tuesday,4
ORD100798,2023-12-25 19:06:00,Beauty,1328.66,2,0,2657.31,West,Debit Card,53,0,2,12,Dec,Monday,4
ORD100799,2023-09-04 11:42:00,Clothing,462.93,1,10,416.64,West,UPI,41,0,4,9,Sep,Monday,3
ORD100800,2023-11-10 01:00:00,Sports,1398.25,1,10,1258.42,South,Credit Card,59,0,5,11,Nov,Friday,4
ORD100801,2023-09-11 05:04:00,Home & Kitchen,3074.59,2,0,6149.18,West,UPI,51,0,5,9,Sep,Monday,3
ORD100802,2023-05-23 01:32:00,Books,448.31,2,0,896.62,South,Credit Card,18,0,4,5,May,Tuesday,2
ORD100803,2023-07-26 07:05:00,Home & Kitchen,2191.13,3,0,6573.38,West,Credit Card,43,0,1,7,Jul,Wednesday,3
ORD100804,2023-08-18 02:54:00,Sports,805.19,3,0,2415.58,West,Credit Card,41,0,5,8,Aug,Friday,3
ORD100805,2023-09-12 23:41:00,Electronics,6948.59,4,0,27794.36,North,UPI,64,0,4,9,Sep,Tuesday,3
ORD100806,2023-01-19 17:35:00,Home & Kitchen,1480.99,5,10,6664.44,North,Net Banking,58,0,5,1,Jan,Thursday,1
ORD100807,2023-11-13 20:19:00,Sports,397.94,1,10,358.14,Central,Credit Card,34,0,4,11,Nov,Monday,4
ORD100808,2023-12-10 14:21:00,Beauty,604.86,1,0,604.86,East,Net Banking,18,0,4,12,Dec,Sunday,4
ORD100809,2023-08-21 10:35:00,Clothing,1695.4,1,20,1356.32,Central,Credit Card,44,0,3,8,Aug,Monday,3
ORD100810,2023-12-03 11:45:00,Beauty,661.82,1,0,661.82,West,UPI,53,1,5,12,Dec,Sunday,4
ORD100811,2023-04-24 00:21:00,Beauty,100.0,3,15,255.0,East,Net Banking,61,0,4,4,Apr,Monday,2
ORD100812,2023-10-08 16:23:00,Books,349.21,2,10,628.58,North,UPI,34,0,5,10,Oct,Sunday,4
ORD100813,2023-09-10 04:52:00,Clothing,1989.97,2,5,3780.94,West,UPI,64,0,2,9,Sep,Sunday,3
ORD100814,2023-04-11 06:07:00,Sports,914.85,1,0,914.85,West,UPI,24,0,5,4,Apr,Tuesday,2
ORD100815,2023-06-23 03:48:00,Clothing,303.45,2,10,546.2,West,UPI,44,1,3,6,Jun,Friday,2
ORD100816,2023-12-11 18:07:00,Beauty,780.03,5,0,3900.15,West,Credit Card,31,0,5,12,Dec,Monday,4
ORD100817,2023-09-16 04:31:00,Sports,1988.51,2,5,3778.16,North,Credit Card,50,1,5,9,Sep,Saturday,3
ORD100818,2023-10-11 13:53:00,Electronics,9336.98,3,0,28010.93,Central,Credit Card,18,0,4,10,Oct,Wednesday,4
ORD100819,2023-04-01 22:37:00,Sports,2403.27,4,5,9132.43,South,Debit Card,43,0,5,4,Apr,Saturday,2
ORD100820,2023-02-23 12:42:00,Clothing,715.98,1,0,715.98,Central,Credit Card,59,0,5,2,Feb,Thursday,1
ORD100821,2023-09-16 12:26:00,Books,353.45,2,5,671.56,Central,COD,44,0,3,9,Sep,Saturday,3
ORD100822,2023-05-21 12:21:00,Clothing,100.0,1,5,95.0,East,Credit Card,30,0,4,5,May,Sunday,2
ORD100823,2023-03-12 13:38:00,Clothing,100.0,1,10,90.0,Central,UPI,50,0,5,3,Mar,Sunday,1
ORD100824,2023-10-08 10:45:00,Beauty,689.45,1,5,654.98,Central,Debit Card,63,0,2,10,Oct,Sunday,4
ORD100825,2023-04-18 19:45:00,Clothing,1081.36,4,0,4325.44,East,Debit Card,41,0,5,4,Apr,Tuesday,2
ORD100826,2023-03-09 22:41:00,Beauty,1098.82,1,15,934.0,South,Credit Card,41,0,5,3,Mar,Thursday,1
ORD100827,2023-11-23 10:45:00,Beauty,657.86,2,0,1315.72,North,Debit Card,62,0,4,11,Nov,Thursday,4
ORD100828,2023-09-03 18:36:00,Sports,1282.44,4,10,4616.78,West,Debit Card,64,0,1,9,Sep,Sunday,3
ORD100829,2023-05-27 13:51:00,Sports,2634.33,1,5,2502.61,North,Credit Card,54,0,2,5,May,Saturday,2
ORD100830,2023-07-15 04:03:00,Electronics,14359.91,1,5,13641.91,North,UPI,49,0,4,7,Jul,Saturday,3
ORD100831,2023-05-27 21:16:00,Clothing,1135.63,4,5,4315.4,South,Net Banking,50,0,4,5,May,Saturday,2
ORD100832,2023-06-01 06:48:00,Beauty,1159.67,3,20,2783.2,Central,UPI,53,1,4,6,Jun,Thursday,2
ORD100833,2023-02-22 19:55:00,Home & Kitchen,2726.08,2,10,4906.94,Central,Net Banking,18,0,4,2,Feb,Wednesday,1
ORD100834,2023-11-28 17:24:00,Beauty,733.7,2,0,1467.4,South,Credit Card,33,0,4,11,Nov,Tuesday,4
ORD100835,2023-05-28 22:42:00,Beauty,1482.0,1,0,1482.0,North,COD,31,0,5,5,May,Sunday,2
ORD100836,2023-08-02 21:20:00,Home & Kitchen,1000.79,5,10,4503.54,Central,UPI,28,0,5,8,Aug,Wednesday,3
ORD100837,2023-05-09 06:39:00,Beauty,872.45,1,20,697.96,West,Net Banking,50,0,3,5,May,Tuesday,2
ORD100838,2023-12-27 22:41:00,Beauty,589.23,1,0,589.23,East,Debit Card,19,0,4,12,Dec,Wednesday,4
ORD100839,2023-11-05 06:49:00,Sports,1697.41,1,0,1697.41,South,UPI,19,0,5,11,Nov,Sunday,4
ORD100840,2023-12-16 02:11:00,Clothing,1959.36,2,20,3134.97,South,Debit Card,33,0,5,12,Dec,Saturday,4
ORD100841,2023-07-13 01:27:00,Electronics,10475.18,1,5,9951.42,East,Credit Card,53,0,4,7,Jul,Thursday,3
ORD100842,2023-03-24 18:54:00,Clothing,1389.58,1,5,1320.1,East,UPI,36,0,5,3,Mar,Friday,1
ORD100843,2023-12-30 04:02:00,Home & Kitchen,3184.18,1,10,2865.76,South,COD,22,0,4,12,Dec,Saturday,4
ORD100844,2023-01-27 20:39:00,Sports,2160.71,1,5,2052.67,East,Credit Card,46,0,4,1,Jan,Friday,1
ORD100845,2023-10-09 11:04:00,Sports,1216.0,2,10,2188.8,East,Credit Card,55,0,4,10,Oct,Monday,4
ORD100846,2023-09-24 02:50:00,Clothing,1494.33,2,15,2540.35,Central,UPI,61,0,4,9,Sep,Sunday,3
ORD100847,2023-10-02 12:05:00,Sports,1741.25,3,0,5223.75,East,UPI,20,0,4,10,Oct,Monday,4
ORD100848,2023-12-06 10:21:00,Clothing,2207.64,1,0,2207.64,East,UPI,39,0,4,12,Dec,Wednesday,4
ORD100849,2023-09-29 15:35:00,Sports,2703.45,1,0,2703.45,North,UPI,27,0,3,9,Sep,Friday,3
ORD100850,2023-08-17 07:57:00,Books,567.44,2,5,1078.13,Central,COD,25,0,3,8,Aug,Thursday,3
ORD100851,2023-01-21 21:56:00,Clothing,1954.02,2,10,3517.24,East,UPI,25,0,4,1,Jan,Saturday,1
ORD100852,2023-07-17 08:34:00,Electronics,11995.37,2,10,21591.67,East,UPI,61,0,5,7,Jul,Monday,3
ORD100853,2023-07-11 16:51:00,Sports,1815.32,4,5,6898.2,Central,Credit Card,18,0,5,7,Jul,Tuesday,3
ORD100854,2023-06-01 20:12:00,Electronics,7264.44,3,0,21793.31,East,Credit Card,23,0,5,6,Jun,Thursday,2
ORD100855,2023-03-27 17:34:00,Electronics,10934.09,1,0,10934.09,North,Debit Card,25,0,3,3,Mar,Monday,1
ORD100856,2023-12-10 20:49:00,Clothing,1028.71,1,10,925.84,South,Net Banking,45,0,5,12,Dec,Sunday,4
ORD100857,2023-02-23 06:34:00,Home & Kitchen,787.53,1,0,787.53,West,Debit Card,63,0,4,2,Feb,Thursday,1
ORD100858,2023-12-18 04:01:00,Electronics,8420.45,2,5,15998.86,West,Debit Card,57,0,2,12,Dec,Monday,4
ORD100859,2023-02-14 02:03:00,Electronics,9634.21,1,5,9152.5,South,Debit Card,38,0,2,2,Feb,Tuesday,1
ORD100860,2023-02-06 18:52:00,Sports,2908.36,3,0,8725.09,South,COD,35,0,4,2,Feb,Monday,1
ORD100861,2023-07-18 14:40:00,Home & Kitchen,1041.55,1,0,1041.55,West,Credit Card,27,0,5,7,Jul,Tuesday,3
ORD100862,2023-07-19 21:07:00,Electronics,9058.04,1,0,9058.04,Central,UPI,42,0,4,7,Jul,Wednesday,3
ORD100863,2023-11-13 02:48:00,Beauty,1218.18,1,5,1157.27,Central,UPI,40,0,3,11,Nov,Monday,4
ORD100864,2023-07-03 16:06:00,Electronics,7983.51,1,0,7983.51,East,Debit Card,22,0,2,7,Jul,Monday,3
ORD100865,2023-11-07 02:18:00,Books,270.86,1,0,270.86,West,UPI,57,0,4,11,Nov,Tuesday,4
ORD100866,2023-01-16 15:10:00,Beauty,868.7,2,0,1737.39,Central,UPI,54,0,5,1,Jan,Monday,1
ORD100867,2023-07-20 17:18:00,Beauty,1017.99,1,0,1017.99,South,UPI,26,0,5,7,Jul,Thursday,3
ORD100868,2023-11-28 11:00:00,Beauty,1124.97,2,0,2249.94,Central,Net Banking,32,0,5,11,Nov,Tuesday,4
ORD100869,2023-03-05 01:00:00,Clothing,1339.63,2,10,2411.34,Central,Credit Card,32,0,5,3,Mar,Sunday,1
ORD100870,2023-10-08 02:19:00,Sports,723.69,2,0,1447.38,South,Debit Card,46,0,3,10,Oct,Sunday,4
ORD100871,2023-06-26 06:26:00,Beauty,856.53,1,10,770.88,Central,UPI,30,0,3,6,Jun,Monday,2
ORD100872,2023-04-24 19:53:00,Clothing,996.31,2,0,1992.62,East,UPI,42,0,4,4,Apr,Monday,2
ORD100873,2023-12-10 18:54:00,Clothing,1935.7,1,0,1935.7,North,Net Banking,26,0,5,12,Dec,Sunday,4
ORD100874,2023-08-25 20:35:00,Sports,2597.69,1,15,2208.04,North,UPI,30,0,4,8,Aug,Friday,3
ORD100875,2023-05-09 03:12:00,Electronics,7337.91,3,0,22013.74,Central,Credit Card,55,0,4,5,May,Tuesday,2
ORD100876,2023-07-02 04:42:00,Books,552.65,4,0,2210.61,South,UPI,32,0,2,7,Jul,Sunday,3
ORD100877,2023-02-05 06:20:00,Sports,2339.18,1,0,2339.18,West,Credit Card,29,1,5,2,Feb,Sunday,1
ORD100878,2023-12-04 09:44:00,Sports,1707.2,1,0,1707.2,Central,UPI,54,0,5,12,Dec,Monday,4
ORD100879,2023-07-06 10:27:00,Sports,1539.2,1,15,1308.32,South,UPI,51,0,4,7,Jul,Thursday,3
ORD100880,2023-04-24 22:47:00,Clothing,657.89,2,0,1315.79,West,UPI,29,0,3,4,Apr,Monday,2
ORD100881,2023-03-10 21:46:00,Books,717.51,1,10,645.76,East,Net Banking,34,0,2,3,Mar,Friday,1
ORD100882,2023-08-17 11:49:00,Home & Kitchen,2966.23,1,5,2817.92,East,Credit Card,55,0,2,8,Aug,Thursday,3
ORD100883,2023-03-31 20:38:00,Electronics,9122.81,1,5,8666.67,North,Net Banking,40,0,4,3,Mar,Friday,1
ORD100884,2023-10-03 06:16:00,Clothing,1059.1,1,20,847.28,North,Debit Card,60,0,5,10,Oct,Tuesday,4
ORD100885,2023-09-17 20:01:00,Electronics,8795.5,2,5,16711.44,Central,Credit Card,64,0,4,9,Sep,Sunday,3
ORD100886,2023-04-19 01:35:00,Sports,1694.55,1,10,1525.1,East,Credit Card,39,0,5,4,Apr,Wednesday,2
ORD100887,2023-08-30 20:49:00,Sports,2025.69,1,0,2025.69,South,UPI,38,0,5,8,Aug,Wednesday,3
ORD100888,2023-10-29 23:54:00,Clothing,1463.27,2,0,2926.54,East,UPI,45,0,4,10,Oct,Sunday,4
ORD100889,2023-09-19 02:25:00,Sports,1465.81,1,10,1319.23,East,Credit Card,36,0,3,9,Sep,Tuesday,3
ORD100890,2023-05-03 19:43:00,Beauty,782.12,2,5,1486.02,South,Debit Card,24,0,2,5,May,Wednesday,2
ORD100891,2023-08-17 05:11:00,Clothing,839.47,1,10,755.53,Central,COD,27,0,4,8,Aug,Thursday,3
ORD100892,2023-03-16 23:46:00,Beauty,878.54,1,0,878.54,West,COD,38,0,5,3,Mar,Thursday,1
ORD100893,2023-04-23 15:14:00,Electronics,6570.03,1,0,6570.03,North,UPI,38,0,1,4,Apr,Sunday,2
ORD100894,2023-01-22 21:13:00,Clothing,1537.7,1,0,1537.7,Central,COD,50,0,4,1,Jan,Sunday,1
ORD100895,2023-07-18 15:58:00,Books,380.1,2,10,684.19,West,Net Banking,53,0,4,7,Jul,Tuesday,3
ORD100896,2023-11-29 10:06:00,Electronics,11791.9,4,20,37734.08,Central,Debit Card,40,0,4,11,Nov,Wednesday,4
ORD100897,2023-05-15 18:34:00,Books,165.15,3,0,495.46,Central,UPI,38,0,3,5,May,Monday,2
ORD100898,2023-07-13 11:37:00,Beauty,697.26,5,0,3486.28,North,Credit Card,38,0,4,7,Jul,Thursday,3
ORD100899,2023-04-25 16:25:00,Home & Kitchen,942.74,2,0,1885.48,East,Net Banking,62,0,4,4,Apr,Tuesday,2
ORD100900,2023-09-07 15:56:00,Books,361.55,5,15,1536.58,Central,UPI,30,0,5,9,Sep,Thursday,3
ORD100901,2023-08-14 05:14:00,Clothing,930.98,2,15,1582.66,North,Credit Card,24,0,4,8,Aug,Monday,3
ORD100902,2023-04-19 04:11:00,Books,404.64,2,10,728.35,South,UPI,22,1,3,4,Apr,Wednesday,2
ORD100903,2023-03-02 21:14:00,Beauty,770.66,1,5,732.12,West,Net Banking,53,0,2,3,Mar,Thursday,1
ORD100904,2023-02-28 15:43:00,Beauty,744.72,1,0,744.72,West,Credit Card,36,0,4,2,Feb,Tuesday,1
ORD100905,2023-03-24 20:53:00,Sports,1591.22,2,0,3182.44,West,UPI,34,0,1,3,Mar,Friday,1
ORD100906,2023-03-07 18:37:00,Electronics,9032.14,2,0,18064.28,South,UPI,37,0,3,3,Mar,Tuesday,1
ORD100907,2023-01-21 18:09:00,Sports,330.09,1,0,330.09,North,UPI,49,0,4,1,Jan,Saturday,1
ORD100908,2023-09-22 12:38:00,Clothing,1446.49,2,15,2459.04,Central,Debit Card,56,0,3,9,Sep,Friday,3
ORD100909,2023-12-05 09:05:00,Beauty,882.74,1,15,750.33,South,Credit Card,51,0,2,12,Dec,Tuesday,4
ORD100910,2023-09-04 05:14:00,Home & Kitchen,390.97,3,0,1172.9,West,Credit Card,52,0,4,9,Sep,Monday,3
ORD100911,2023-04-04 19:42:00,Sports,1168.47,2,10,2103.24,Central,UPI,42,0,3,4,Apr,Tuesday,2
ORD100912,2023-12-18 10:59:00,Beauty,736.92,1,0,736.92,West,Credit Card,21,0,3,12,Dec,Monday,4
ORD100913,2023-04-28 12:24:00,Electronics,6213.71,2,0,12427.43,South,UPI,59,0,3,4,Apr,Friday,2
ORD100914,2023-09-25 16:43:00,Clothing,539.54,2,20,863.26,West,Net Banking,21,0,1,9,Sep,Monday,3
ORD100915,2023-02-19 05:30:00,Sports,313.42,3,0,940.27,Central,Credit Card,56,0,2,2,Feb,Sunday,1
ORD100916,2023-09-15 03:05:00,Sports,2856.39,1,10,2570.75,West,Debit Card,31,0,4,9,Sep,Friday,3
ORD100917,2023-10-04 00:57:00,Sports,2223.92,1,15,1890.34,West,Credit Card,39,1,2,10,Oct,Wednesday,4
ORD100918,2023-01-23 22:33:00,Books,315.02,2,5,598.54,West,UPI,21,0,5,1,Jan,Monday,1
ORD100919,2023-07-15 11:37:00,Home & Kitchen,1303.85,1,10,1173.47,Central,UPI,49,0,3,7,Jul,Saturday,3
ORD100920,2023-05-11 15:49:00,Clothing,546.32,5,20,2185.26,South,COD,20,0,4,5,May,Thursday,2
ORD100921,2023-05-26 19:56:00,Electronics,3706.38,2,0,7412.77,Central,Credit Card,61,0,2,5,May,Friday,2
ORD100922,2023-01-03 22:47:00,Clothing,653.26,1,5,620.59,North,Credit Card,19,0,4,1,Jan,Tuesday,1
ORD100923,2023-09-24 00:24:00,Electronics,9994.56,1,10,8995.1,South,Debit Card,43,0,3,9,Sep,Sunday,3
ORD100924,2023-07-29 11:06:00,Books,439.09,5,15,1866.15,South,Credit Card,56,1,3,7,Jul,Saturday,3
ORD100925,2023-05-10 08:54:00,Sports,2009.06,2,5,3817.21,Central,Credit Card,27,0,5,5,May,Wednesday,2
ORD100926,2023-11-10 08:43:00,Books,150.84,1,0,150.84,West,Debit Card,28,0,3,11,Nov,Friday,4
ORD100927,2023-10-10 17:30:00,Home & Kitchen,2602.6,1,10,2342.34,South,UPI,20,0,3,10,Oct,Tuesday,4
ORD100928,2023-09-05 08:19:00,Sports,423.85,1,5,402.66,Central,UPI,51,0,4,9,Sep,Tuesday,3
ORD100929,2023-07-23 23:08:00,Beauty,875.14,1,15,743.87,North,Debit Card,28,0,4,7,Jul,Sunday,3
ORD100930,2023-12-25 05:06:00,Home & Kitchen,1004.52,3,5,2862.89,South,Credit Card,32,0,5,12,Dec,Monday,4
ORD100931,2023-10-09 19:44:00,Books,536.96,2,5,1020.23,North,UPI,39,0,3,10,Oct,Monday,4
ORD100932,2023-01-03 02:52:00,Beauty,899.26,1,0,899.26,South,Credit Card,61,0,3,1,Jan,Tuesday,1
ORD100933,2023-08-11 02:04:00,Sports,2581.33,1,0,2581.33,East,UPI,45,0,4,8,Aug,Friday,3
ORD100934,2023-11-08 01:46:00,Electronics,9750.92,1,0,9750.92,West,COD,37,0,2,11,Nov,Wednesday,4
ORD100935,2023-11-11 20:33:00,Home & Kitchen,2010.85,1,0,2010.85,East,Debit Card,24,0,3,11,Nov,Saturday,4
ORD100936,2023-01-30 05:40:00,Sports,2203.13,2,10,3965.64,West,Credit Card,43,0,4,1,Jan,Monday,1
ORD100937,2023-12-03 16:18:00,Clothing,1125.28,4,15,3825.97,South,UPI,56,1,3,12,Dec,Sunday,4
ORD100938,2023-09-19 16:44:00,Sports,2024.61,1,10,1822.15,South,Credit Card,44,0,4,9,Sep,Tuesday,3
ORD100939,2023-01-19 11:15:00,Beauty,850.63,1,0,850.63,North,COD,53,0,4,1,Jan,Thursday,1
ORD100940,2023-05-22 12:22:00,Electronics,5862.15,2,20,9379.44,West,Credit Card,42,0,4,5,May,Monday,2
ORD100941,2023-09-23 00:47:00,Clothing,1374.3,1,0,1374.3,North,COD,61,0,5,9,Sep,Saturday,3
ORD100942,2023-05-26 23:53:00,Sports,1719.01,2,15,2922.32,Central,COD,29,0,5,5,May,Friday,2
ORD100943,2023-06-27 08:14:00,Books,570.94,1,15,485.3,Central,COD,20,0,4,6,Jun,Tuesday,2
ORD100944,2023-07-26 18:00:00,Home & Kitchen,3099.87,2,0,6199.74,East,UPI,25,0,4,7,Jul,Wednesday,3
ORD100945,2023-02-24 17:04:00,Sports,2685.81,1,0,2685.81,Central,UPI,20,0,5,2,Feb,Friday,1
ORD100946,2023-09-20 08:56:00,Electronics,3156.52,1,10,2840.87,Central,Net Banking,55,0,4,9,Sep,Wednesday,3
ORD100947,2023-05-09 22:28:00,Sports,238.67,1,15,202.87,West,Credit Card,25,0,4,5,May,Tuesday,2
ORD100948,2023-06-23 14:43:00,Clothing,1093.75,1,5,1039.06,West,Net Banking,32,0,5,6,Jun,Friday,2
ORD100949,2023-09-04 03:16:00,Electronics,12036.85,2,15,20462.64,North,UPI,62,0,2,9,Sep,Monday,3
ORD100950,2023-12-13 22:14:00,Clothing,1774.84,1,0,1774.84,East,Credit Card,55,0,5,12,Dec,Wednesday,4
ORD100951,2023-09-22 17:00:00,Books,444.49,1,0,444.49,East,UPI,44,0,1,9,Sep,Friday,3
ORD100952,2023-07-24 21:47:00,Electronics,10741.22,2,10,19334.19,East,UPI,22,0,4,7,Jul,Monday,3
ORD100953,2023-09-01 10:22:00,Clothing,1899.3,1,10,1709.37,South,Net Banking,19,0,5,9,Sep,Friday,3
ORD100954,2023-04-04 23:43:00,Books,416.12,1,0,416.12,South,Credit Card,20,0,4,4,Apr,Tuesday,2
ORD100955,2023-05-01 23:15:00,Clothing,1393.69,2,0,2787.37,East,UPI,35,0,2,5,May,Monday,2
ORD100956,2023-05-08 19:22:00,Clothing,1518.86,1,5,1442.92,South,Debit Card,34,0,1,5,May,Monday,2
ORD100957,2023-02-10 21:42:00,Electronics,9849.7,4,0,39398.8,West,Credit Card,20,0,3,2,Feb,Friday,1
ORD100958,2023-01-22 15:23:00,Sports,1776.25,4,0,7105.01,Central,UPI,27,0,4,1,Jan,Sunday,1
ORD100959,2023-05-21 15:11:00,Sports,683.67,4,0,2734.68,Central,UPI,34,0,5,5,May,Sunday,2
ORD100960,2023-10-23 04:03:00,Clothing,260.45,3,5,742.29,Central,Debit Card,21,0,4,10,Oct,Monday,4
ORD100961,2023-10-04 01:32:00,Home & Kitchen,2944.77,5,0,14723.84,East,UPI,56,0,2,10,Oct,Wednesday,4
ORD100962,2023-03-31 14:07:00,Beauty,852.4,1,15,724.54,Central,Credit Card,50,0,4,3,Mar,Friday,1
ORD100963,2023-01-05 00:43:00,Beauty,1275.71,4,0,5102.84,South,UPI,21,0,4,1,Jan,Thursday,1
ORD100964,2023-06-16 11:39:00,Electronics,8778.62,1,0,8778.62,East,UPI,47,0,3,6,Jun,Friday,2
ORD100965,2023-05-02 08:30:00,Books,193.38,1,5,183.71,Central,UPI,18,0,4,5,May,Tuesday,2
ORD100966,2023-09-13 13:13:00,Clothing,2043.15,3,5,5822.98,West,Debit Card,21,1,5,9,Sep,Wednesday,3
ORD100967,2023-07-06 12:17:00,Books,348.43,1,10,313.59,West,UPI,39,0,3,7,Jul,Thursday,3
ORD100968,2023-10-22 21:14:00,Clothing,1411.44,1,5,1340.87,North,Debit Card,54,0,1,10,Oct,Sunday,4
ORD100969,2023-10-12 13:54:00,Clothing,100.0,1,10,90.0,West,UPI,56,0,5,10,Oct,Thursday,4
ORD100970,2023-03-18 15:51:00,Beauty,629.22,3,10,1698.89,North,UPI,21,0,4,3,Mar,Saturday,1
ORD100971,2023-03-10 20:33:00,Home & Kitchen,1612.23,1,0,1612.23,Central,Debit Card,34,0,4,3,Mar,Friday,1
ORD100972,2023-06-03 08:35:00,Home & Kitchen,2709.74,1,15,2303.27,Central,UPI,46,0,5,6,Jun,Saturday,2
ORD100973,2023-12-20 05:03:00,Electronics,4485.38,1,10,4036.84,South,Net Banking,46,0,3,12,Dec,Wednesday,4
ORD100974,2023-11-19 03:28:00,Home & Kitchen,1476.56,3,15,3765.22,East,UPI,20,0,4,11,Nov,Sunday,4
ORD100975,2023-10-14 17:59:00,Books,385.83,1,0,385.83,East,UPI,35,0,3,10,Oct,Saturday,4
ORD100976,2023-03-04 11:55:00,Home & Kitchen,2077.69,2,0,4155.39,Central,UPI,25,0,5,3,Mar,Saturday,1
ORD100977,2023-11-29 20:34:00,Sports,1275.16,1,20,1020.12,South,COD,26,0,5,11,Nov,Wednesday,4
ORD100978,2023-07-01 10:43:00,Books,177.55,2,0,355.1,Central,Credit Card,47,0,4,7,Jul,Saturday,3
ORD100979,2023-08-17 02:24:00,Beauty,933.71,1,5,887.03,Central,UPI,30,0,3,8,Aug,Thursday,3
ORD100980,2023-03-16 05:40:00,Beauty,1021.3,2,10,1838.34,East,Credit Card,49,0,5,3,Mar,Thursday,1
ORD100981,2023-10-20 12:54:00,Sports,1161.39,1,10,1045.25,North,UPI,60,0,5,10,Oct,Friday,4
ORD100982,2023-04-27 10:20:00,Books,237.0,2,0,474.0,East,Debit Card,20,0,5,4,Apr,Thursday,2
ORD100983,2023-11-27 12:17:00,Sports,1800.07,1,10,1620.06,West,Debit Card,59,0,5,11,Nov,Monday,4
ORD100984,2023-10-28 16:28:00,Books,450.33,1,5,427.81,West,UPI,63,0,3,10,Oct,Saturday,4
ORD100985,2023-03-06 23:15:00,Electronics,7883.6,1,0,7883.6,East,COD,47,0,3,3,Mar,Monday,1
ORD100986,2023-02-10 06:10:00,Beauty,820.31,2,0,1640.63,West,UPI,40,1,4,2,Feb,Friday,1
ORD100987,2023-08-31 17:03:00,Electronics,11609.55,1,5,11029.07,North,Debit Card,59,0,5,8,Aug,Thursday,3
ORD100988,2023-02-12 03:16:00,Sports,991.44,1,5,941.87,Central,UPI,22,0,4,2,Feb,Sunday,1
ORD100989,2023-07-19 09:14:00,Beauty,774.03,2,0,1548.06,South,Debit Card,60,0,4,7,Jul,Wednesday,3
ORD100990,2023-11-17 04:08:00,Home & Kitchen,2618.58,1,20,2094.86,Central,Net Banking,43,0,3,11,Nov,Friday,4
ORD100991,2023-01-18 21:22:00,Electronics,4839.04,1,15,4113.18,East,Net Banking,55,0,4,1,Jan,Wednesday,1
ORD100992,2023-10-04 08:35:00,Home & Kitchen,2835.41,1,0,2835.41,West,UPI,23,0,4,10,Oct,Wednesday,4
ORD100993,2023-10-04 05:37:00,Beauty,1340.05,1,15,1139.04,Central,Credit Card,31,0,2,10,Oct,Wednesday,4
ORD100994,2023-11-22 18:27:00,Beauty,660.11,2,5,1254.21,Central,Debit Card,26,0,4,11,Nov,Wednesday,4
ORD100995,2023-06-08 11:30:00,Sports,1626.6,4,10,5855.76,Central,UPI,51,0,4,6,Jun,Thursday,2
ORD100996,2023-08-15 09:23:00,Electronics,12485.74,2,5,23722.9,West,UPI,26,0,4,8,Aug,Tuesday,3
ORD100997,2023-01-06 00:33:00,Books,185.32,1,10,166.79,South,UPI,22,1,1,1,Jan,Friday,1
ORD100998,2023-10-01 00:44:00,Home & Kitchen,1499.29,1,0,1499.29,West,COD,33,1,4,10,Oct,Sunday,4
ORD100999,2023-06-03 00:49:00,Home & Kitchen,2046.86,2,10,3684.34,West,Debit Card,63,0,4,6,Jun,Saturday,2
ORD101000,2023-04-29 00:35:00,Sports,1657.32,1,10,1491.59,East,UPI,19,0,5,4,Apr,Saturday,2
ORD101001,2023-08-12 12:15:00,Sports,2252.97,3,5,6420.96,South,Debit Card,46,0,5,8,Aug,Saturday,3
ORD101002,2023-07-19 12:14:00,Beauty,754.8,2,0,1509.61,East,UPI,26,0,3,7,Jul,Wednesday,3
ORD101003,2023-05-03 16:48:00,Beauty,937.1,1,10,843.39,Central,Net Banking,23,0,1,5,May,Wednesday,2
ORD101004,2023-05-20 09:41:00,Beauty,971.37,2,0,1942.74,Central,Net Banking,20,0,5,5,May,Saturday,2
ORD101005,2023-04-07 02:11:00,Home & Kitchen,1736.95,1,10,1563.25,South,UPI,47,0,5,4,Apr,Friday,2
ORD101006,2023-08-22 19:28:00,Beauty,982.16,1,20,785.73,East,Debit Card,56,0,1,8,Aug,Tuesday,3
ORD101007,2023-04-07 10:01:00,Home & Kitchen,1169.89,5,0,5849.47,South,UPI,40,0,5,4,Apr,Friday,2
ORD101008,2023-01-12 05:06:00,Sports,623.74,4,15,2120.7,East,UPI,37,0,2,1,Jan,Thursday,1
ORD101009,2023-08-13 23:00:00,Beauty,1216.36,2,5,2311.09,South,UPI,49,0,4,8,Aug,Sunday,3
ORD101010,2023-09-10 06:21:00,Electronics,8953.54,3,0,26860.62,West,UPI,42,0,4,9,Sep,Sunday,3
ORD101011,2023-07-10 14:44:00,Home & Kitchen,3257.05,2,5,6188.39,North,UPI,56,0,5,7,Jul,Monday,3
ORD101012,2023-01-29 08:49:00,Clothing,100.0,2,0,200.0,West,UPI,37,0,2,1,Jan,Sunday,1
ORD101013,2023-04-03 06:57:00,Home & Kitchen,2302.92,1,15,1957.48,East,Net Banking,56,1,5,4,Apr,Monday,2
ORD101014,2023-03-04 22:15:00,Electronics,8116.97,1,0,8116.97,West,Debit Card,40,0,4,3,Mar,Saturday,1
ORD101015,2023-05-07 23:02:00,Home & Kitchen,2264.2,1,10,2037.78,South,Credit Card,53,0,3,5,May,Sunday,2
ORD101016,2023-09-24 21:13:00,Electronics,11822.7,3,0,35468.09,West,UPI,21,0,2,9,Sep,Sunday,3
ORD101017,2023-06-15 05:40:00,Books,286.4,1,0,286.4,North,Debit Card,35,0,5,6,Jun,Thursday,2
ORD101018,2023-09-24 03:16:00,Sports,1261.45,1,5,1198.37,West,Debit Card,60,1,4,9,Sep,Sunday,3
ORD101019,2023-07-04 01:55:00,Clothing,1274.29,1,10,1146.86,South,COD,56,0,5,7,Jul,Tuesday,3
ORD101020,2023-11-21 13:20:00,Clothing,978.34,2,5,1858.85,North,UPI,49,0,4,11,Nov,Tuesday,4
ORD101021,2023-10-27 03:25:00,Books,375.86,1,10,338.27,South,UPI,54,0,4,10,Oct,Friday,4
ORD101022,2023-10-25 22:30:00,Electronics,9158.94,1,5,8700.99,Central,UPI,33,0,5,10,Oct,Wednesday,4
ORD101023,2023-05-08 05:31:00,Electronics,7568.18,1,0,7568.18,North,Debit Card,52,0,5,5,May,Monday,2
ORD101024,2023-11-17 01:03:00,Books,190.68,1,5,181.15,East,Debit Card,37,0,2,11,Nov,Friday,4
ORD101025,2023-10-02 03:08:00,Beauty,687.63,2,0,1375.25,West,UPI,37,0,4,10,Oct,Monday,4
ORD101026,2023-11-27 11:51:00,Sports,827.79,2,0,1655.57,West,Debit Card,43,0,4,11,Nov,Monday,4
ORD101027,2023-12-19 12:22:00,Electronics,9400.17,1,10,8460.15,South,UPI,48,0,5,12,Dec,Tuesday,4
ORD101028,2023-09-06 22:28:00,Electronics,8025.08,1,0,8025.08,Central,UPI,41,1,5,9,Sep,Wednesday,3
ORD101029,2023-09-08 06:36:00,Beauty,844.84,1,15,718.12,South,Credit Card,35,0,5,9,Sep,Friday,3
ORD101030,2023-08-28 08:55:00,Books,100.0,1,10,90.0,Central,COD,39,0,2,8,Aug,Monday,3
ORD101031,2023-03-24 02:33:00,Sports,1503.32,1,20,1202.65,South,Credit Card,48,0,4,3,Mar,Friday,1
ORD101032,2023-10-05 11:29:00,Books,313.62,2,10,564.52,North,Debit Card,54,0,4,10,Oct,Thursday,4
ORD101033,2023-07-14 23:11:00,Sports,2038.32,1,0,2038.32,North,Credit Card,32,0,4,7,Jul,Friday,3
ORD101034,2023-11-14 07:20:00,Books,100.0,5,10,450.0,North,Debit Card,28,0,3,11,Nov,Tuesday,4
ORD101035,2023-07-18 06:33:00,Sports,3447.16,1,5,3274.81,West,Debit Card,52,1,3,7,Jul,Tuesday,3
ORD101036,2023-11-10 09:20:00,Clothing,713.63,2,5,1355.9,West,Debit Card,28,0,5,11,Nov,Friday,4
ORD101037,2023-02-19 16:42:00,Electronics,10042.59,2,0,20085.17,North,UPI,39,0,5,2,Feb,Sunday,1
ORD101038,2023-04-02 01:12:00,Clothing,494.07,2,5,938.74,North,Credit Card,35,0,4,4,Apr,Sunday,2
ORD101039,2023-01-17 18:41:00,Electronics,7783.71,1,10,7005.34,West,Debit Card,51,0,1,1,Jan,Tuesday,1
ORD101040,2023-11-16 22:37:00,Sports,1929.18,1,10,1736.26,East,UPI,46,0,2,11,Nov,Thursday,4
ORD101041,2023-11-07 22:04:00,Clothing,1692.28,5,0,8461.39,North,COD,34,0,4,11,Nov,Tuesday,4
ORD101042,2023-12-02 15:59:00,Clothing,1088.95,1,0,1088.95,North,Credit Card,55,0,5,12,Dec,Saturday,4
ORD101043,2023-02-01 11:35:00,Beauty,787.6,2,0,1575.21,West,Net Banking,18,1,2,2,Feb,Wednesday,1
ORD101044,2023-01-30 19:17:00,Beauty,936.31,1,15,795.87,Central,UPI,28,0,2,1,Jan,Monday,1
ORD101045,2023-06-05 02:13:00,Electronics,9989.75,4,0,39958.98,Central,UPI,35,0,5,6,Jun,Monday,2
ORD101046,2023-04-29 17:24:00,Beauty,1112.45,2,0,2224.9,South,UPI,53,0,5,4,Apr,Saturday,2
ORD101047,2023-05-08 18:40:00,Beauty,999.34,1,0,999.34,South,Credit Card,64,0,5,5,May,Monday,2
ORD101048,2023-08-01 23:06:00,Sports,978.91,3,0,2936.73,Central,UPI,31,0,5,8,Aug,Tuesday,3
ORD101049,2023-12-26 21:27:00,Home & Kitchen,812.27,1,0,812.27,North,UPI,42,0,5,12,Dec,Tuesday,4
ORD101050,2023-10-09 12:32:00,Clothing,564.04,1,10,507.64,East,Debit Card,28,0,4,10,Oct,Monday,4
ORD101051,2023-11-04 14:59:00,Sports,1947.98,2,0,3895.96,East,COD,51,0,5,11,Nov,Saturday,4
ORD101052,2023-06-16 11:26:00,Sports,2211.17,1,10,1990.06,West,Net Banking,31,0,4,6,Jun,Friday,2
ORD101053,2023-11-08 07:36:00,Books,612.13,1,0,612.13,Central,UPI,57,0,4,11,Nov,Wednesday,4
ORD101054,2023-05-11 11:28:00,Sports,1749.32,1,0,1749.32,West,COD,35,0,4,5,May,Thursday,2
ORD101055,2023-01-18 09:38:00,Electronics,11578.43,5,0,57892.13,North,Credit Card,57,0,5,1,Jan,Wednesday,1
ORD101056,2023-01-04 09:14:00,Books,579.67,1,10,521.7,South,Net Banking,61,0,3,1,Jan,Wednesday,1
ORD101057,2023-12-20 08:58:00,Electronics,12234.14,1,10,11010.73,Central,Credit Card,61,0,5,12,Dec,Wednesday,4
ORD101058,2023-10-20 04:06:00,Sports,1289.16,1,5,1224.7,North,Credit Card,49,0,4,10,Oct,Friday,4
ORD101059,2023-03-12 08:23:00,Clothing,1207.41,5,5,5735.2,Central,UPI,40,0,5,3,Mar,Sunday,1
ORD101060,2023-06-03 02:36:00,Books,520.11,3,0,1560.34,West,Credit Card,63,0,4,6,Jun,Saturday,2
ORD101061,2023-02-09 23:20:00,Clothing,1003.91,2,5,1907.43,West,UPI,60,0,3,2,Feb,Thursday,1
ORD101062,2023-12-26 18:52:00,Beauty,950.89,1,0,950.89,North,Credit Card,32,0,4,12,Dec,Tuesday,4
ORD101063,2023-01-20 23:51:00,Books,826.59,1,10,743.93,Central,UPI,33,0,4,1,Jan,Friday,1
ORD101064,2023-06-21 11:56:00,Electronics,9319.45,1,0,9319.45,West,Credit Card,23,0,4,6,Jun,Wednesday,2
ORD101065,2023-04-27 23:41:00,Electronics,4458.37,1,0,4458.37,Central,COD,63,0,4,4,Apr,Thursday,2
ORD101066,2023-11-20 12:03:00,Beauty,1241.59,3,0,3724.76,East,Credit Card,42,0,4,11,Nov,Monday,4
ORD101067,2023-10-04 18:09:00,Books,227.35,1,0,227.35,East,Credit Card,56,0,4,10,Oct,Wednesday,4
ORD101068,2023-03-20 01:43:00,Clothing,1374.61,2,0,2749.22,West,COD,48,0,5,3,Mar,Monday,1
ORD101069,2023-10-22 16:05:00,Sports,1960.26,3,15,4998.67,South,Credit Card,46,1,4,10,Oct,Sunday,4
ORD101070,2023-03-17 04:21:00,Home & Kitchen,1755.64,2,15,2984.6,North,Credit Card,43,0,4,3,Mar,Friday,1
ORD101071,2023-01-26 17:25:00,Beauty,906.56,4,10,3263.62,East,UPI,53,0,5,1,Jan,Thursday,1
ORD101072,2023-08-11 22:08:00,Sports,3321.06,1,10,2988.96,South,Credit Card,32,0,4,8,Aug,Friday,3
ORD101073,2023-09-07 12:41:00,Clothing,1549.19,3,10,4182.82,Central,UPI,26,0,4,9,Sep,Thursday,3
ORD101074,2023-09-26 07:15:00,Sports,2003.73,2,5,3807.09,North,UPI,54,1,5,9,Sep,Tuesday,3
ORD101075,2023-06-15 21:59:00,Home & Kitchen,3803.38,2,5,7226.43,Central,UPI,42,0,5,6,Jun,Thursday,2
ORD101076,2023-07-31 13:23:00,Beauty,918.8,5,0,4593.99,East,UPI,39,0,4,7,Jul,Monday,3
ORD101077,2023-11-01 20:01:00,Books,661.96,2,10,1191.53,East,UPI,59,0,4,11,Nov,Wednesday,4
ORD101078,2023-11-12 14:39:00,Books,371.85,4,5,1413.03,South,Credit Card,46,0,5,11,Nov,Sunday,4
ORD101079,2023-04-13 21:23:00,Clothing,1781.15,2,5,3384.19,South,Debit Card,25,0,4,4,Apr,Thursday,2
ORD101080,2023-02-27 23:03:00,Electronics,11319.94,1,0,11319.94,South,COD,59,0,5,2,Feb,Monday,1
ORD101081,2023-05-28 00:21:00,Clothing,1005.23,2,10,1809.41,North,UPI,23,1,4,5,May,Sunday,2
ORD101082,2023-01-12 10:13:00,Home & Kitchen,1256.86,4,10,4524.7,Central,UPI,49,0,3,1,Jan,Thursday,1
ORD101083,2023-09-25 08:35:00,Sports,1646.23,2,0,3292.46,West,Debit Card,29,0,4,9,Sep,Monday,3
ORD101084,2023-12-22 22:42:00,Clothing,643.27,4,15,2187.12,North,UPI,63,0,3,12,Dec,Friday,4
ORD101085,2023-09-27 01:16:00,Beauty,1356.64,2,0,2713.29,South,UPI,54,0,5,9,Sep,Wednesday,3
ORD101086,2023-12-23 19:17:00,Clothing,832.28,2,10,1498.1,North,Credit Card,24,0,1,12,Dec,Saturday,4
ORD101087,2023-02-04 12:42:00,Electronics,8420.18,1,5,7999.18,East,Debit Card,42,0,3,2,Feb,Saturday,1
ORD101088,2023-07-04 03:01:00,Beauty,1111.4,4,5,4223.31,East,Net Banking,35,0,4,7,Jul,Tuesday,3
ORD101089,2023-07-17 07:24:00,Beauty,1005.43,1,15,854.61,Central,COD,40,0,4,7,Jul,Monday,3
ORD101090,2023-06-11 15:55:00,Electronics,9172.01,2,10,16509.62,Central,Credit Card,34,0,4,6,Jun,Sunday,2
ORD101091,2023-04-12 16:29:00,Clothing,1905.5,1,5,1810.23,Central,COD,35,0,4,4,Apr,Wednesday,2
ORD101092,2023-01-21 07:59:00,Electronics,8327.34,3,0,24982.01,Central,UPI,29,0,5,1,Jan,Saturday,1
ORD101093,2023-07-21 23:10:00,Home & Kitchen,797.21,1,0,797.21,North,UPI,38,0,4,7,Jul,Friday,3
ORD101094,2023-07-01 20:19:00,Books,302.45,1,5,287.33,South,COD,28,0,4,7,Jul,Saturday,3
ORD101095,2023-05-22 01:40:00,Sports,2227.26,1,5,2115.9,East,Net Banking,30,0,4,5,May,Monday,2
ORD101096,2023-10-12 08:14:00,Electronics,9677.9,1,0,9677.9,South,UPI,30,0,3,10,Oct,Thursday,4
ORD101097,2023-12-03 04:05:00,Home & Kitchen,2562.87,1,10,2306.58,West,Credit Card,21,0,5,12,Dec,Sunday,4
ORD101098,2023-11-10 20:43:00,Beauty,772.53,3,5,2201.71,South,Credit Card,28,1,1,11,Nov,Friday,4
ORD101099,2023-03-20 13:19:00,Sports,2540.62,1,0,2540.62,Central,UPI,23,0,2,3,Mar,Monday,1
ORD101100,2023-03-09 06:41:00,Sports,2385.3,5,5,11330.18,South,Credit Card,45,0,5,3,Mar,Thursday,1
ORD101101,2023-04-14 04:19:00,Beauty,1336.11,2,10,2405.01,Central,COD,23,0,4,4,Apr,Friday,2
ORD101102,2023-03-16 20:59:00,Home & Kitchen,2418.41,2,0,4836.82,Central,COD,35,0,3,3,Mar,Thursday,1
ORD101103,2023-02-04 17:34:00,Books,100.0,2,0,200.0,North,UPI,53,1,3,2,Feb,Saturday,1
ORD101104,2023-01-16 10:56:00,Clothing,703.98,2,0,1407.96,West,COD,53,0,2,1,Jan,Monday,1
ORD101105,2023-08-15 23:59:00,Books,316.95,2,0,633.89,East,UPI,43,0,1,8,Aug,Tuesday,3
ORD101106,2023-02-24 04:11:00,Clothing,1309.33,4,0,5237.32,North,Debit Card,45,1,4,2,Feb,Friday,1
ORD101107,2023-11-12 08:38:00,Sports,1487.58,2,15,2528.88,Central,Credit Card,39,0,4,11,Nov,Sunday,4
ORD101108,2023-04-29 07:43:00,Sports,1238.66,1,0,1238.66,North,UPI,44,0,3,4,Apr,Saturday,2
ORD101109,2023-09-02 04:32:00,Beauty,163.51,2,5,310.67,Central,Credit Card,47,0,5,9,Sep,Saturday,3
ORD101110,2023-07-11 05:54:00,Beauty,863.66,2,15,1468.22,West,Credit Card,28,0,4,7,Jul,Tuesday,3
ORD101111,2023-03-25 06:14:00,Clothing,1653.74,1,10,1488.37,North,Credit Card,53,1,4,3,Mar,Saturday,1
ORD101112,2023-05-19 13:14:00,Electronics,9581.18,1,0,9581.18,South,Debit Card,23,0,4,5,May,Friday,2
ORD101113,2023-04-01 14:55:00,Electronics,10012.86,2,5,19024.44,Central,Credit Card,25,0,2,4,Apr,Saturday,2
ORD101114,2023-08-23 07:27:00,Books,339.1,1,10,305.19,West,Debit Card,53,0,2,8,Aug,Wednesday,3
ORD101115,2023-07-14 23:20:00,Sports,100.0,1,10,90.0,West,Credit Card,24,0,3,7,Jul,Friday,3
ORD101116,2023-10-20 19:34:00,Beauty,992.35,2,0,1984.7,Central,Debit Card,48,0,2,10,Oct,Friday,4
ORD101117,2023-01-20 16:06:00,Beauty,1520.47,1,10,1368.42,West,Credit Card,20,0,4,1,Jan,Friday,1
ORD101118,2023-05-06 16:34:00,Electronics,8483.83,1,10,7635.44,West,COD,55,0,5,5,May,Saturday,2
ORD101119,2023-10-13 12:33:00,Electronics,5819.16,1,15,4946.28,North,UPI,58,0,3,10,Oct,Friday,4
ORD101120,2023-07-23 09:49:00,Home & Kitchen,978.37,1,0,978.37,East,Credit Card,28,0,4,7,Jul,Sunday,3
ORD101121,2023-05-31 19:58:00,Home & Kitchen,1797.23,3,0,5391.69,North,Debit Card,40,0,2,5,May,Wednesday,2
ORD101122,2023-08-26 20:28:00,Clothing,1119.4,2,0,2238.8,North,Debit Card,41,0,3,8,Aug,Saturday,3
ORD101123,2023-04-03 18:57:00,Electronics,10484.11,1,0,10484.11,Central,UPI,30,0,4,4,Apr,Monday,2
ORD101124,2023-06-15 14:01:00,Home & Kitchen,2659.49,2,0,5318.97,South,Credit Card,46,0,1,6,Jun,Thursday,2
ORD101125,2023-04-14 14:05:00,Beauty,790.42,1,0,790.42,East,UPI,60,0,5,4,Apr,Friday,2
ORD101126,2023-12-31 05:45:00,Beauty,790.04,1,0,790.04,North,UPI,59,0,4,12,Dec,Sunday,4
ORD101127,2023-08-19 20:23:00,Beauty,1293.23,1,10,1163.91,North,Credit Card,19,0,1,8,Aug,Saturday,3
ORD101128,2023-09-19 19:10:00,Home & Kitchen,3072.92,2,0,6145.84,West,Credit Card,36,0,5,9,Sep,Tuesday,3
ORD101129,2023-03-29 10:36:00,Electronics,7627.79,1,0,7627.79,South,UPI,39,0,3,3,Mar,Wednesday,1
ORD101130,2023-04-02 22:03:00,Clothing,694.1,1,5,659.39,West,UPI,54,0,5,4,Apr,Sunday,2
ORD101131,2023-08-17 09:40:00,Beauty,1143.15,1,5,1085.99,South,UPI,39,0,2,8,Aug,Thursday,3
ORD101132,2023-04-14 00:39:00,Clothing,444.98,4,0,1779.92,East,UPI,21,0,5,4,Apr,Friday,2
ORD101133,2023-09-13 17:51:00,Home & Kitchen,2023.57,1,15,1720.03,North,Credit Card,41,1,3,9,Sep,Wednesday,3
ORD101134,2023-05-02 06:37:00,Home & Kitchen,2340.14,3,5,6669.4,West,Credit Card,18,0,4,5,May,Tuesday,2
ORD101135,2023-02-10 19:38:00,Home & Kitchen,1427.78,2,20,2284.45,North,UPI,22,0,4,2,Feb,Friday,1
ORD101136,2023-05-23 19:40:00,Sports,1422.87,1,5,1351.72,Central,Net Banking,58,0,5,5,May,Tuesday,2
ORD101137,2023-01-26 05:09:00,Clothing,1072.53,1,0,1072.53,North,Debit Card,50,0,3,1,Jan,Thursday,1
ORD101138,2023-03-16 01:42:00,Electronics,11235.5,4,20,35953.59,Central,Net Banking,53,0,3,3,Mar,Thursday,1
ORD101139,2023-06-19 02:03:00,Books,299.67,1,5,284.69,North,Credit Card,21,0,3,6,Jun,Monday,2
ORD101140,2023-03-24 21:18:00,Clothing,349.05,2,5,663.19,Central,Debit Card,35,0,3,3,Mar,Friday,1
ORD101141,2023-11-01 18:50:00,Beauty,731.6,1,5,695.02,Central,UPI,32,0,5,11,Nov,Wednesday,4
ORD101142,2023-10-24 11:59:00,Home & Kitchen,2526.37,2,10,4547.46,North,UPI,37,0,4,10,Oct,Tuesday,4
ORD101143,2023-06-15 11:57:00,Books,453.25,1,0,453.25,West,Net Banking,48,1,3,6,Jun,Thursday,2
ORD101144,2023-10-09 02:18:00,Home & Kitchen,3686.34,1,5,3502.03,West,UPI,48,0,5,10,Oct,Monday,4
ORD101145,2023-05-21 10:33:00,Beauty,1247.88,3,5,3556.47,West,Credit Card,22,0,2,5,May,Sunday,2
ORD101146,2023-04-18 19:03:00,Beauty,1215.45,1,0,1215.45,North,Credit Card,53,1,5,4,Apr,Tuesday,2
ORD101147,2023-09-28 02:30:00,Beauty,1070.81,2,5,2034.54,Central,COD,27,1,5,9,Sep,Thursday,3
ORD101148,2023-05-28 13:38:00,Beauty,652.0,1,5,619.4,East,UPI,33,0,4,5,May,Sunday,2
ORD101149,2023-11-16 11:59:00,Sports,2339.07,4,0,9356.29,South,Credit Card,61,0,5,11,Nov,Thursday,4
ORD101150,2023-09-24 23:40:00,Home & Kitchen,1880.01,2,0,3760.03,West,Credit Card,37,0,4,9,Sep,Sunday,3
ORD101151,2023-11-09 07:45:00,Clothing,684.93,2,10,1232.87,East,COD,47,0,3,11,Nov,Thursday,4
ORD101152,2023-03-02 00:29:00,Electronics,4507.88,2,0,9015.77,North,Debit Card,43,0,4,3,Mar,Thursday,1
ORD101153,2023-11-12 13:26:00,Clothing,111.02,2,5,210.93,North,UPI,23,0,4,11,Nov,Sunday,4
ORD101154,2023-11-23 06:00:00,Sports,2119.55,2,0,4239.1,South,Debit Card,39,0,5,11,Nov,Thursday,4
ORD101155,2023-02-04 09:19:00,Books,362.42,1,0,362.42,Central,Credit Card,64,0,3,2,Feb,Saturday,1
ORD101156,2023-02-28 21:21:00,Electronics,10103.09,1,0,10103.09,East,UPI,38,0,4,2,Feb,Tuesday,1
ORD101157,2023-11-12 00:53:00,Sports,1863.77,1,5,1770.58,South,UPI,55,0,5,11,Nov,Sunday,4
ORD101158,2023-12-11 15:58:00,Books,531.73,1,0,531.73,West,Debit Card,52,0,1,12,Dec,Monday,4
ORD101159,2023-03-11 15:09:00,Beauty,668.9,4,0,2675.61,West,Net Banking,34,0,4,3,Mar,Saturday,1
ORD101160,2023-06-21 14:50:00,Sports,2448.18,4,0,9792.73,West,COD,51,0,2,6,Jun,Wednesday,2
ORD101161,2023-09-24 09:36:00,Electronics,8226.77,1,10,7404.1,East,Credit Card,35,0,3,9,Sep,Sunday,3
ORD101162,2023-04-17 18:43:00,Electronics,4557.49,1,0,4557.49,East,Debit Card,34,0,4,4,Apr,Monday,2
ORD101163,2023-02-03 04:17:00,Books,519.0,4,0,2076.01,North,UPI,49,0,3,2,Feb,Friday,1
ORD101164,2023-11-17 17:53:00,Home & Kitchen,1519.51,1,15,1291.58,South,Credit Card,57,0,5,11,Nov,Friday,4
ORD101165,2023-04-06 19:07:00,Home & Kitchen,1767.19,3,0,5301.58,East,Debit Card,37,0,4,4,Apr,Thursday,2
ORD101166,2023-12-30 01:17:00,Books,225.02,1,10,202.52,West,UPI,43,0,2,12,Dec,Saturday,4
ORD101167,2023-07-10 14:53:00,Clothing,1973.53,1,0,1973.53,East,UPI,36,0,1,7,Jul,Monday,3
ORD101168,2023-03-31 03:23:00,Books,105.53,2,0,211.07,North,Debit Card,26,0,4,3,Mar,Friday,1
ORD101169,2023-08-16 16:01:00,Electronics,11981.98,1,5,11382.88,West,COD,34,0,3,8,Aug,Wednesday,3
ORD101170,2023-04-08 10:59:00,Clothing,866.24,4,0,3464.97,West,Debit Card,29,0,4,4,Apr,Saturday,2
ORD101171,2023-06-08 10:09:00,Sports,2328.18,1,0,2328.18,North,Net Banking,60,0,4,6,Jun,Thursday,2
ORD101172,2023-12-13 04:13:00,Sports,1647.81,2,15,2801.27,North,Credit Card,62,0,4,12,Dec,Wednesday,4
ORD101173,2023-09-25 03:00:00,Beauty,1209.29,1,5,1148.82,East,COD,55,0,5,9,Sep,Monday,3
ORD101174,2023-11-01 02:21:00,Beauty,648.83,1,0,648.83,West,Net Banking,41,0,3,11,Nov,Wednesday,4
ORD101175,2023-09-24 21:47:00,Electronics,6932.78,1,15,5892.87,East,UPI,63,0,4,9,Sep,Sunday,3
ORD101176,2023-11-24 06:20:00,Books,324.14,3,10,875.18,South,UPI,18,0,2,11,Nov,Friday,4
ORD101177,2023-09-30 10:49:00,Books,576.5,4,5,2190.72,West,Debit Card,58,0,5,9,Sep,Saturday,3
ORD101178,2023-03-18 05:17:00,Books,317.93,2,0,635.86,North,UPI,22,0,4,3,Mar,Saturday,1
ORD101179,2023-10-14 16:06:00,Sports,2266.07,1,5,2152.76,South,Credit Card,54,0,4,10,Oct,Saturday,4
ORD101180,2023-06-13 08:09:00,Sports,2055.0,2,0,4109.99,East,Credit Card,33,0,2,6,Jun,Tuesday,2
ORD101181,2023-02-06 09:39:00,Clothing,630.95,1,10,567.86,East,Credit Card,55,0,4,2,Feb,Monday,1
ORD101182,2023-03-08 00:30:00,Electronics,9796.09,1,0,9796.09,North,UPI,61,1,4,3,Mar,Wednesday,1
ORD101183,2023-02-14 13:25:00,Electronics,10819.59,1,10,9737.63,South,Debit Card,27,0,4,2,Feb,Tuesday,1
ORD101184,2023-11-19 22:44:00,Sports,2574.8,4,20,8239.37,West,Credit Card,54,0,3,11,Nov,Sunday,4
ORD101185,2023-06-20 06:45:00,Books,379.08,2,5,720.26,Central,UPI,26,0,5,6,Jun,Tuesday,2
ORD101186,2023-10-18 04:05:00,Home & Kitchen,3361.0,1,0,3361.0,West,UPI,42,0,5,10,Oct,Wednesday,4
ORD101187,2023-12-17 20:45:00,Books,289.09,1,5,274.63,West,Credit Card,26,0,2,12,Dec,Sunday,4
ORD101188,2023-03-15 19:16:00,Clothing,887.74,3,15,2263.75,East,UPI,33,0,3,3,Mar,Wednesday,1
ORD101189,2023-12-07 10:50:00,Beauty,1124.09,1,5,1067.89,East,Credit Card,64,0,1,12,Dec,Thursday,4
ORD101190,2023-02-03 15:07:00,Electronics,4847.56,1,0,4847.56,East,Credit Card,45,0,5,2,Feb,Friday,1
ORD101191,2023-05-25 11:38:00,Clothing,1195.71,1,10,1076.14,Central,UPI,21,0,4,5,May,Thursday,2
ORD101192,2023-07-27 22:50:00,Electronics,13430.62,1,10,12087.56,North,UPI,32,0,3,7,Jul,Thursday,3
ORD101193,2023-02-06 09:34:00,Beauty,1017.34,1,5,966.47,West,Credit Card,28,0,4,2,Feb,Monday,1
ORD101194,2023-05-03 19:15:00,Home & Kitchen,2379.53,1,0,2379.53,Central,UPI,54,0,1,5,May,Wednesday,2
ORD101195,2023-07-16 02:21:00,Home & Kitchen,2601.43,1,15,2211.22,South,Net Banking,57,0,5,7,Jul,Sunday,3
ORD101196,2023-08-09 13:36:00,Sports,1697.03,2,5,3224.36,East,Credit Card,56,0,3,8,Aug,Wednesday,3
ORD101197,2023-03-30 21:42:00,Clothing,213.12,1,10,191.81,North,Debit Card,38,0,5,3,Mar,Thursday,1
ORD101198,2023-10-21 15:07:00,Beauty,1097.86,4,0,4391.44,Central,Credit Card,61,0,4,10,Oct,Saturday,4
ORD101199,2023-10-12 03:52:00,Books,664.98,1,10,598.48,West,UPI,39,0,4,10,Oct,Thursday,4
ORD101200,2023-02-05 19:06:00,Home & Kitchen,2132.11,1,10,1918.9,Central,Debit Card,56,0,1,2,Feb,Sunday,1
ORD101201,2023-06-17 15:41:00,Home & Kitchen,2339.04,4,0,9356.16,North,UPI,48,0,2,6,Jun,Saturday,2
ORD101202,2023-10-25 20:51:00,Clothing,829.75,4,10,2987.12,North,Debit Card,49,0,4,10,Oct,Wednesday,4
ORD101203,2023-03-18 14:34:00,Beauty,1159.45,2,10,2087.01,East,UPI,50,0,3,3,Mar,Saturday,1
ORD101204,2023-08-17 06:13:00,Sports,2028.48,1,0,2028.48,East,UPI,23,0,4,8,Aug,Thursday,3
ORD101205,2023-06-05 13:45:00,Beauty,1272.15,2,5,2417.09,East,COD,45,0,4,6,Jun,Monday,2
ORD101206,2023-01-05 19:32:00,Sports,2894.24,1,10,2604.82,West,Net Banking,41,0,5,1,Jan,Thursday,1
ORD101207,2023-02-01 11:57:00,Books,609.62,1,10,548.66,Central,COD,36,0,5,2,Feb,Wednesday,1
ORD101208,2023-12-27 17:52:00,Electronics,6723.44,1,0,6723.44,East,UPI,21,0,5,12,Dec,Wednesday,4
ORD101209,2023-01-16 07:27:00,Books,708.77,2,0,1417.55,Central,UPI,48,0,3,1,Jan,Monday,1
ORD101210,2023-12-31 12:25:00,Books,334.57,4,0,1338.28,West,Credit Card,35,0,3,12,Dec,Sunday,4
ORD101211,2023-12-06 05:30:00,Clothing,884.22,3,5,2520.01,South,UPI,58,0,4,12,Dec,Wednesday,4
ORD101212,2023-07-04 13:09:00,Home & Kitchen,2923.6,2,15,4970.12,East,COD,55,0,5,7,Jul,Tuesday,3
ORD101213,2023-03-06 04:00:00,Beauty,627.96,1,0,627.96,North,Debit Card,24,0,4,3,Mar,Monday,1
ORD101214,2023-09-07 21:27:00,Clothing,1396.47,1,0,1396.47,South,UPI,34,1,5,9,Sep,Thursday,3
ORD101215,2023-08-01 14:57:00,Beauty,1048.28,4,0,4193.11,Central,COD,28,0,5,8,Aug,Tuesday,3
ORD101216,2023-04-03 14:32:00,Sports,2234.66,1,5,2122.92,West,Credit Card,35,0,2,4,Apr,Monday,2
ORD101217,2023-07-16 11:14:00,Home & Kitchen,1860.74,2,0,3721.49,South,Credit Card,48,0,3,7,Jul,Sunday,3
ORD101218,2023-10-23 15:54:00,Electronics,5896.5,2,20,9434.39,South,Debit Card,31,0,2,10,Oct,Monday,4
ORD101219,2023-07-30 17:36:00,Books,476.02,1,0,476.02,East,UPI,55,0,4,7,Jul,Sunday,3
ORD101220,2023-10-18 15:45:00,Electronics,4693.03,1,5,4458.37,East,UPI,60,0,5,10,Oct,Wednesday,4
ORD101221,2023-12-20 02:09:00,Home & Kitchen,2308.53,1,5,2193.1,Central,COD,53,1,5,12,Dec,Wednesday,4
ORD101222,2023-08-27 16:05:00,Books,549.59,1,0,549.59,Central,Net Banking,48,0,3,8,Aug,Sunday,3
ORD101223,2023-05-06 15:40:00,Electronics,6855.74,1,5,6512.95,North,Debit Card,64,0,2,5,May,Saturday,2
ORD101224,2023-10-24 09:39:00,Sports,1233.94,2,20,1974.3,North,COD,50,0,2,10,Oct,Tuesday,4
ORD101225,2023-01-06 15:29:00,Sports,3122.74,1,5,2966.61,Central,COD,58,0,4,1,Jan,Friday,1
ORD101226,2023-06-19 13:22:00,Sports,1880.81,3,10,5078.19,East,UPI,23,0,4,6,Jun,Monday,2
ORD101227,2023-12-22 19:47:00,Electronics,8332.8,1,20,6666.24,East,Debit Card,36,0,4,12,Dec,Friday,4
ORD101228,2023-05-14 01:40:00,Sports,1168.12,1,0,1168.12,West,Credit Card,34,0,2,5,May,Sunday,2
ORD101229,2023-01-27 21:18:00,Sports,2037.42,1,10,1833.68,Central,UPI,21,0,3,1,Jan,Friday,1
ORD101230,2023-02-12 04:32:00,Home & Kitchen,3402.66,1,0,3402.66,North,Net Banking,41,1,1,2,Feb,Sunday,1
ORD101231,2023-05-10 04:39:00,Books,351.56,2,5,667.96,East,UPI,41,0,3,5,May,Wednesday,2
ORD101232,2023-01-08 23:07:00,Books,176.3,1,10,158.67,Central,UPI,39,0,5,1,Jan,Sunday,1
ORD101233,2023-03-19 21:28:00,Sports,2955.12,1,5,2807.36,East,Net Banking,49,0,3,3,Mar,Sunday,1
ORD101234,2023-12-25 07:31:00,Books,593.43,1,5,563.76,South,Debit Card,28,0,4,12,Dec,Monday,4
ORD101235,2023-06-25 02:09:00,Electronics,8606.57,1,10,7745.91,Central,COD,44,0,1,6,Jun,Sunday,2
ORD101236,2023-09-11 13:49:00,Clothing,2749.15,1,10,2474.23,West,UPI,34,1,3,9,Sep,Monday,3
ORD101237,2023-11-23 05:13:00,Home & Kitchen,1993.46,3,10,5382.34,Central,Debit Card,18,0,4,11,Nov,Thursday,4
ORD101238,2023-01-28 20:16:00,Books,493.43,1,15,419.42,North,UPI,28,0,5,1,Jan,Saturday,1
ORD101239,2023-07-24 15:19:00,Home & Kitchen,1543.03,2,5,2931.75,West,Debit Card,60,0,3,7,Jul,Monday,3
ORD101240,2023-04-30 12:43:00,Sports,1294.79,1,0,1294.79,West,Credit Card,24,0,4,4,Apr,Sunday,2
ORD101241,2023-09-29 13:00:00,Clothing,945.79,1,20,756.63,East,COD,40,0,4,9,Sep,Friday,3
ORD101242,2023-07-15 21:20:00,Home & Kitchen,2652.1,1,0,2652.1,Central,Debit Card,24,0,1,7,Jul,Saturday,3
ORD101243,2023-02-19 17:40:00,Electronics,7567.82,3,5,21568.29,East,COD,45,0,5,2,Feb,Sunday,1
ORD101244,2023-11-09 20:54:00,Home & Kitchen,1304.18,2,0,2608.36,East,UPI,22,0,4,11,Nov,Thursday,4
ORD101245,2023-02-20 08:41:00,Books,560.38,1,0,560.38,Central,UPI,34,0,4,2,Feb,Monday,1
ORD101246,2023-05-04 23:43:00,Beauty,974.21,1,10,876.79,Central,Debit Card,60,0,3,5,May,Thursday,2
ORD101247,2023-06-22 21:44:00,Sports,252.48,1,10,227.23,South,UPI,57,0,3,6,Jun,Thursday,2
ORD101248,2023-12-11 00:53:00,Electronics,5665.88,2,5,10765.16,North,UPI,61,0,4,12,Dec,Monday,4
ORD101249,2023-09-26 03:43:00,Electronics,9734.67,2,0,19469.35,West,UPI,52,0,4,9,Sep,Tuesday,3
ORD101250,2023-05-26 08:12:00,Beauty,1014.31,1,15,862.17,North,UPI,42,0,2,5,May,Friday,2
ORD101251,2023-01-30 19:42:00,Electronics,9558.53,2,0,19117.05,South,COD,31,0,5,1,Jan,Monday,1
ORD101252,2023-03-04 22:07:00,Beauty,1071.91,2,0,2143.82,North,Net Banking,54,0,4,3,Mar,Saturday,1
ORD101253,2023-07-12 21:48:00,Clothing,1427.7,1,0,1427.7,Central,Net Banking,41,0,2,7,Jul,Wednesday,3
ORD101254,2023-02-26 22:11:00,Clothing,1161.65,5,10,5227.43,East,UPI,31,0,4,2,Feb,Sunday,1
ORD101255,2023-02-08 20:29:00,Beauty,959.05,3,10,2589.44,East,Debit Card,55,0,3,2,Feb,Wednesday,1
ORD101256,2023-12-08 10:16:00,Beauty,522.64,1,5,496.51,South,Debit Card,50,0,4,12,Dec,Friday,4
ORD101257,2023-02-01 12:24:00,Books,238.6,1,15,202.81,East,COD,20,0,2,2,Feb,Wednesday,1
ORD101258,2023-05-16 05:28:00,Books,341.12,2,0,682.23,North,Credit Card,51,0,5,5,May,Tuesday,2
ORD101259,2023-11-09 12:11:00,Clothing,1305.64,2,10,2350.15,West,UPI,41,0,4,11,Nov,Thursday,4
ORD101260,2023-08-09 06:39:00,Sports,1425.78,1,5,1354.49,North,COD,50,0,3,8,Aug,Wednesday,3
ORD101261,2023-05-13 03:02:00,Beauty,668.35,2,5,1269.87,North,UPI,51,1,3,5,May,Saturday,2
ORD101262,2023-05-09 14:01:00,Beauty,707.25,2,0,1414.5,West,UPI,43,0,3,5,May,Tuesday,2
ORD101263,2023-01-01 01:42:00,Beauty,1105.12,1,5,1049.86,West,UPI,43,0,5,1,Jan,Sunday,1
ORD101264,2023-06-18 12:36:00,Beauty,609.99,2,0,1219.98,North,Credit Card,43,0,4,6,Jun,Sunday,2
ORD101265,2023-09-02 13:25:00,Home & Kitchen,1563.15,2,0,3126.3,North,Credit Card,20,0,3,9,Sep,Saturday,3
ORD101266,2023-07-16 22:52:00,Electronics,7775.36,1,0,7775.36,West,UPI,42,0,4,7,Jul,Sunday,3
ORD101267,2023-07-03 10:43:00,Sports,2606.91,3,10,7038.66,East,Credit Card,56,0,5,7,Jul,Monday,3
ORD101268,2023-11-28 02:23:00,Beauty,741.44,3,10,2001.88,Central,Net Banking,37,1,3,11,Nov,Tuesday,4
ORD101269,2023-02-11 14:48:00,Books,526.33,1,10,473.69,East,Debit Card,55,1,4,2,Feb,Saturday,1
ORD101270,2023-10-11 01:24:00,Clothing,1284.88,1,15,1092.15,South,UPI,34,0,4,10,Oct,Wednesday,4
ORD101271,2023-02-24 20:44:00,Home & Kitchen,1462.41,1,5,1389.29,East,Credit Card,39,0,5,2,Feb,Friday,1
ORD101272,2023-08-13 23:12:00,Beauty,923.66,1,0,923.66,South,UPI,29,0,5,8,Aug,Sunday,3
ORD101273,2023-10-31 07:31:00,Electronics,7647.74,1,10,6882.97,West,UPI,51,0,4,10,Oct,Tuesday,4
ORD101274,2023-11-26 09:31:00,Sports,2112.89,1,0,2112.89,Central,COD,44,1,4,11,Nov,Sunday,4
ORD101275,2023-01-09 01:21:00,Home & Kitchen,1689.13,2,10,3040.44,North,UPI,36,0,1,1,Jan,Monday,1
ORD101276,2023-01-22 12:07:00,Beauty,928.28,2,5,1763.74,South,Net Banking,35,0,4,1,Jan,Sunday,1
ORD101277,2023-09-25 14:43:00,Beauty,589.09,1,15,500.73,Central,UPI,22,0,5,9,Sep,Monday,3
ORD101278,2023-04-30 02:02:00,Sports,1101.19,2,15,1872.01,South,Credit Card,35,0,5,4,Apr,Sunday,2
ORD101279,2023-08-30 19:02:00,Electronics,10056.38,2,15,17095.84,South,Debit Card,58,0,4,8,Aug,Wednesday,3
ORD101280,2023-01-08 05:40:00,Clothing,482.32,1,0,482.32,North,COD,34,1,5,1,Jan,Sunday,1
ORD101281,2023-08-22 19:10:00,Electronics,6761.94,1,10,6085.74,Central,UPI,29,0,4,8,Aug,Tuesday,3
ORD101282,2023-02-28 15:38:00,Electronics,15035.69,3,5,42851.71,Central,UPI,46,0,4,2,Feb,Tuesday,1
ORD101283,2023-08-07 10:51:00,Clothing,1297.17,2,0,2594.33,West,UPI,20,0,5,8,Aug,Monday,3
ORD101284,2023-10-22 17:08:00,Beauty,948.71,3,20,2276.9,East,Net Banking,58,0,3,10,Oct,Sunday,4
ORD101285,2023-01-24 18:11:00,Clothing,671.34,1,10,604.2,East,UPI,40,0,4,1,Jan,Tuesday,1
ORD101286,2023-03-14 13:10:00,Books,558.11,1,15,474.39,East,Credit Card,60,0,5,3,Mar,Tuesday,1
ORD101287,2023-05-05 18:02:00,Home & Kitchen,2760.45,2,10,4968.81,South,UPI,30,0,3,5,May,Friday,2
ORD101288,2023-11-10 12:49:00,Beauty,1039.07,3,0,3117.2,South,UPI,47,0,3,11,Nov,Friday,4
ORD101289,2023-02-11 00:00:00,Home & Kitchen,2773.73,2,10,4992.72,South,COD,33,0,5,2,Feb,Saturday,1
ORD101290,2023-11-30 18:56:00,Beauty,742.71,5,20,2970.86,East,Credit Card,53,0,5,11,Nov,Thursday,4
ORD101291,2023-12-21 04:13:00,Home & Kitchen,1432.15,5,0,7160.74,South,Debit Card,40,1,3,12,Dec,Thursday,4
ORD101292,2023-08-19 13:15:00,Sports,2825.16,2,5,5367.8,South,Credit Card,35,0,4,8,Aug,Saturday,3
ORD101293,2023-11-02 05:45:00,Electronics,14801.09,1,10,13320.98,West,Credit Card,27,0,3,11,Nov,Thursday,4
ORD101294,2023-11-18 09:22:00,Electronics,9125.8,1,5,8669.51,West,UPI,62,0,4,11,Nov,Saturday,4
ORD101295,2023-04-09 03:33:00,Clothing,1684.14,1,20,1347.32,North,Credit Card,54,0,4,4,Apr,Sunday,2
ORD101296,2023-09-17 07:29:00,Sports,2486.52,1,0,2486.52,South,UPI,47,0,5,9,Sep,Sunday,3
ORD101297,2023-02-27 04:43:00,Clothing,1522.99,1,0,1522.99,West,Credit Card,63,0,2,2,Feb,Monday,1
ORD101298,2023-12-10 01:03:00,Clothing,1132.24,5,5,5378.13,East,UPI,36,0,2,12,Dec,Sunday,4
ORD101299,2023-05-09 10:39:00,Home & Kitchen,2817.85,2,15,4790.35,West,UPI,55,0,4,5,May,Tuesday,2
ORD101300,2023-01-27 17:11:00,Beauty,921.65,1,0,921.65,South,Debit Card,25,0,4,1,Jan,Friday,1
ORD101301,2023-09-21 03:04:00,Home & Kitchen,2790.59,3,5,7953.18,South,Debit Card,43,0,4,9,Sep,Thursday,3
ORD101302,2023-10-24 10:26:00,Sports,1926.07,1,10,1733.47,South,Debit Card,49,0,4,10,Oct,Tuesday,4
ORD101303,2023-04-28 03:20:00,Books,290.3,1,0,290.3,South,UPI,59,0,3,4,Apr,Friday,2
ORD101304,2023-07-31 06:24:00,Beauty,671.44,1,0,671.44,South,UPI,63,0,5,7,Jul,Monday,3
ORD101305,2023-09-06 01:56:00,Sports,2069.83,3,0,6209.49,West,UPI,32,0,4,9,Sep,Wednesday,3
ORD101306,2023-08-21 05:24:00,Sports,1814.82,2,10,3266.68,East,UPI,30,0,4,8,Aug,Monday,3
ORD101307,2023-04-10 20:22:00,Beauty,1010.13,2,0,2020.26,East,UPI,22,0,1,4,Apr,Monday,2
ORD101308,2023-01-17 22:36:00,Clothing,1744.95,3,5,4973.11,North,UPI,19,0,3,1,Jan,Tuesday,1
ORD101309,2023-08-27 14:26:00,Electronics,6786.45,2,0,13572.9,South,Debit Card,24,0,4,8,Aug,Sunday,3
ORD101310,2023-06-01 19:10:00,Clothing,1863.81,1,5,1770.62,Central,COD,20,1,3,6,Jun,Thursday,2
ORD101311,2023-10-11 07:05:00,Sports,3346.43,1,15,2844.46,West,Net Banking,61,0,3,10,Oct,Wednesday,4
ORD101312,2023-04-21 18:30:00,Home & Kitchen,2028.94,2,0,4057.88,West,UPI,22,0,5,4,Apr,Friday,2
ORD101313,2023-08-08 23:55:00,Beauty,1318.09,3,0,3954.27,South,UPI,52,0,4,8,Aug,Tuesday,3
ORD101314,2023-10-24 07:57:00,Home & Kitchen,1888.6,1,0,1888.6,Central,COD,19,1,5,10,Oct,Tuesday,4
ORD101315,2023-01-03 13:02:00,Sports,3467.01,2,0,6934.02,North,COD,34,0,5,1,Jan,Tuesday,1
ORD101316,2023-09-16 01:27:00,Beauty,1240.65,4,0,4962.62,Central,UPI,61,0,2,9,Sep,Saturday,3
ORD101317,2023-02-20 14:31:00,Beauty,954.48,1,5,906.76,South,UPI,21,0,4,2,Feb,Monday,1
ORD101318,2023-12-21 23:26:00,Electronics,5169.5,4,10,18610.2,South,UPI,31,0,3,12,Dec,Thursday,4
ORD101319,2023-05-03 20:05:00,Books,492.15,2,0,984.3,North,Credit Card,64,0,3,5,May,Wednesday,2
ORD101320,2023-03-24 22:29:00,Books,208.32,3,5,593.72,Central,Debit Card,54,0,4,3,Mar,Friday,1
ORD101321,2023-08-21 14:49:00,Electronics,10735.83,1,0,10735.83,South,Net Banking,60,0,3,8,Aug,Monday,3
ORD101322,2023-04-05 11:40:00,Home & Kitchen,2232.45,1,0,2232.45,West,Debit Card,61,0,4,4,Apr,Wednesday,2
ORD101323,2023-11-18 02:24:00,Electronics,7710.69,1,0,7710.69,East,Credit Card,25,0,5,11,Nov,Saturday,4
ORD101324,2023-08-07 08:44:00,Books,554.38,3,0,1663.15,Central,Credit Card,39,0,1,8,Aug,Monday,3
ORD101325,2023-12-17 02:39:00,Clothing,405.17,1,5,384.91,East,Debit Card,34,0,4,12,Dec,Sunday,4
ORD101326,2023-09-21 21:23:00,Electronics,13756.81,1,15,11693.29,North,UPI,54,0,3,9,Sep,Thursday,3
ORD101327,2023-08-27 19:02:00,Books,393.38,1,10,354.04,East,UPI,62,0,5,8,Aug,Sunday,3
ORD101328,2023-10-14 22:04:00,Beauty,873.87,1,15,742.79,Central,Debit Card,59,0,5,10,Oct,Saturday,4
ORD101329,2023-03-12 10:15:00,Clothing,2139.94,2,5,4065.88,Central,UPI,18,1,3,3,Mar,Sunday,1
ORD101330,2023-10-25 22:13:00,Home & Kitchen,1834.8,1,15,1559.58,South,UPI,55,0,4,10,Oct,Wednesday,4
ORD101331,2023-09-15 21:27:00,Books,592.67,2,5,1126.06,East,UPI,26,0,2,9,Sep,Friday,3
ORD101332,2023-06-26 14:31:00,Books,367.52,2,10,661.54,Central,Credit Card,49,0,4,6,Jun,Monday,2
ORD101333,2023-08-29 22:34:00,Electronics,5682.28,1,5,5398.16,Central,Net Banking,44,0,2,8,Aug,Tuesday,3
ORD101334,2023-11-14 11:51:00,Home & Kitchen,2411.88,1,20,1929.5,North,UPI,32,0,2,11,Nov,Tuesday,4
ORD101335,2023-02-14 02:25:00,Home & Kitchen,1823.9,1,5,1732.71,South,UPI,23,0,1,2,Feb,Tuesday,1
ORD101336,2023-02-25 05:17:00,Electronics,14375.5,1,0,14375.5,North,Debit Card,61,1,5,2,Feb,Saturday,1
ORD101337,2023-03-19 06:33:00,Home & Kitchen,2870.46,2,10,5166.83,North,UPI,19,1,2,3,Mar,Sunday,1
ORD101338,2023-10-05 04:30:00,Beauty,719.88,3,5,2051.67,East,Credit Card,19,0,5,10,Oct,Thursday,4
ORD101339,2023-11-27 00:18:00,Beauty,941.9,1,10,847.71,South,UPI,53,0,2,11,Nov,Monday,4
ORD101340,2023-09-24 20:21:00,Clothing,2395.96,1,0,2395.96,West,Credit Card,47,0,5,9,Sep,Sunday,3
ORD101341,2023-11-27 10:31:00,Beauty,669.79,1,0,669.79,Central,Debit Card,47,0,1,11,Nov,Monday,4
ORD101342,2023-10-08 14:29:00,Sports,1632.52,1,0,1632.52,East,Credit Card,30,0,3,10,Oct,Sunday,4
ORD101343,2023-03-29 08:14:00,Books,500.61,1,10,450.55,West,UPI,25,0,4,3,Mar,Wednesday,1
ORD101344,2023-01-25 04:22:00,Books,537.74,1,10,483.96,East,Credit Card,48,0,3,1,Jan,Wednesday,1
ORD101345,2023-11-13 05:45:00,Clothing,960.36,1,0,960.36,Central,UPI,58,1,4,11,Nov,Monday,4
ORD101346,2023-12-29 22:57:00,Clothing,759.86,2,10,1367.75,South,UPI,35,0,2,12,Dec,Friday,4
ORD101347,2023-01-22 10:36:00,Electronics,5441.43,4,5,20677.43,South,Credit Card,37,0,4,1,Jan,Sunday,1
ORD101348,2023-04-05 06:35:00,Books,711.07,1,10,639.96,North,Debit Card,25,0,4,4,Apr,Wednesday,2
ORD101349,2023-03-17 11:28:00,Books,282.05,1,15,239.75,Central,COD,27,0,4,3,Mar,Friday,1
ORD101350,2023-06-04 03:58:00,Sports,991.89,2,0,1983.77,North,Credit Card,37,0,4,6,Jun,Sunday,2
ORD101351,2023-03-16 14:59:00,Home & Kitchen,4006.61,3,0,12019.84,East,UPI,35,0,5,3,Mar,Thursday,1
ORD101352,2023-10-07 16:21:00,Beauty,680.63,3,5,1939.78,East,Credit Card,24,1,3,10,Oct,Saturday,4
ORD101353,2023-10-21 21:09:00,Books,531.66,1,10,478.49,Central,Debit Card,50,0,5,10,Oct,Saturday,4
ORD101354,2023-06-23 22:07:00,Home & Kitchen,2978.69,1,0,2978.69,West,COD,21,0,4,6,Jun,Friday,2
ORD101355,2023-12-14 17:07:00,Clothing,1511.95,3,0,4535.84,East,UPI,21,1,3,12,Dec,Thursday,4
ORD101356,2023-04-23 14:22:00,Sports,346.02,1,5,328.72,North,UPI,51,0,5,4,Apr,Sunday,2
ORD101357,2023-11-25 06:37:00,Sports,1635.31,1,0,1635.31,Central,UPI,58,0,4,11,Nov,Saturday,4
ORD101358,2023-04-11 00:05:00,Books,128.77,1,0,128.77,Central,Net Banking,34,0,5,4,Apr,Tuesday,2
ORD101359,2023-12-10 02:32:00,Beauty,1254.78,3,5,3576.12,West,UPI,50,0,5,12,Dec,Sunday,4
ORD101360,2023-11-05 19:32:00,Books,288.52,1,0,288.52,North,COD,46,1,4,11,Nov,Sunday,4
ORD101361,2023-07-23 04:45:00,Books,284.23,4,0,1136.92,West,UPI,18,0,5,7,Jul,Sunday,3
ORD101362,2023-01-07 09:22:00,Books,311.09,4,15,1057.7,East,UPI,27,0,4,1,Jan,Saturday,1
ORD101363,2023-10-15 02:13:00,Home & Kitchen,3295.46,2,10,5931.83,West,Debit Card,31,0,5,10,Oct,Sunday,4
ORD101364,2023-08-15 09:10:00,Home & Kitchen,2189.11,1,10,1970.19,West,Debit Card,26,0,3,8,Aug,Tuesday,3
ORD101365,2023-03-13 18:38:00,Home & Kitchen,1896.0,1,0,1896.0,North,UPI,38,0,4,3,Mar,Monday,1
ORD101366,2023-09-01 16:21:00,Books,345.15,2,5,655.78,North,COD,22,0,5,9,Sep,Friday,3
ORD101367,2023-07-12 02:00:00,Sports,2152.99,1,0,2152.99,West,Debit Card,26,0,4,7,Jul,Wednesday,3
ORD101368,2023-08-01 05:35:00,Books,366.28,1,0,366.28,West,Debit Card,22,0,4,8,Aug,Tuesday,3
ORD101369,2023-04-13 05:53:00,Clothing,1699.34,4,0,6797.34,West,UPI,42,0,4,4,Apr,Thursday,2
ORD101370,2023-01-22 09:53:00,Home & Kitchen,2269.74,1,10,2042.77,Central,UPI,52,0,4,1,Jan,Sunday,1
ORD101371,2023-08-26 07:01:00,Sports,1753.23,1,10,1577.91,North,UPI,36,0,4,8,Aug,Saturday,3
ORD101372,2023-11-24 20:30:00,Books,100.0,1,0,100.0,North,Debit Card,36,0,5,11,Nov,Friday,4
ORD101373,2023-08-02 05:31:00,Books,346.23,2,10,623.22,South,UPI,43,0,3,8,Aug,Wednesday,3
ORD101374,2023-09-10 02:38:00,Books,192.5,1,10,173.25,East,Credit Card,38,0,5,9,Sep,Sunday,3
ORD101375,2023-08-12 08:40:00,Sports,2431.21,1,0,2431.21,West,COD,46,1,3,8,Aug,Saturday,3
ORD101376,2023-07-11 16:46:00,Electronics,7180.9,4,5,27287.42,Central,UPI,27,0,3,7,Jul,Tuesday,3
ORD101377,2023-03-25 18:03:00,Books,310.69,2,0,621.37,South,UPI,43,0,4,3,Mar,Saturday,1
ORD101378,2023-03-11 11:10:00,Beauty,545.41,2,0,1090.81,North,UPI,23,0,5,3,Mar,Saturday,1
ORD101379,2023-11-22 11:03:00,Home & Kitchen,2996.78,1,5,2846.94,East,UPI,43,0,2,11,Nov,Wednesday,4
ORD101380,2023-02-09 16:12:00,Beauty,854.25,1,0,854.25,South,Debit Card,33,0,4,2,Feb,Thursday,1
ORD101381,2023-03-27 17:20:00,Sports,1557.81,1,5,1479.92,East,Net Banking,36,0,3,3,Mar,Monday,1
ORD101382,2023-06-04 08:43:00,Beauty,1083.95,1,0,1083.95,East,UPI,52,0,3,6,Jun,Sunday,2
ORD101383,2023-06-30 04:00:00,Sports,2069.83,2,20,3311.73,South,Credit Card,32,0,4,6,Jun,Friday,2
ORD101384,2023-09-06 13:21:00,Books,365.8,2,5,695.02,South,UPI,49,0,5,9,Sep,Wednesday,3
ORD101385,2023-09-15 07:53:00,Clothing,496.51,2,5,943.37,South,Debit Card,35,0,4,9,Sep,Friday,3
ORD101386,2023-11-11 22:53:00,Sports,2672.95,1,10,2405.66,Central,Net Banking,20,0,4,11,Nov,Saturday,4
ORD101387,2023-10-10 22:48:00,Beauty,1160.42,4,10,4177.51,North,Credit Card,45,1,1,10,Oct,Tuesday,4
ORD101388,2023-03-01 04:59:00,Electronics,4693.92,3,0,14081.77,North,Credit Card,57,0,4,3,Mar,Wednesday,1
ORD101389,2023-12-20 11:08:00,Books,667.99,1,5,634.59,West,Net Banking,29,0,5,12,Dec,Wednesday,4
ORD101390,2023-09-25 10:11:00,Sports,2713.78,2,0,5427.56,East,UPI,31,0,3,9,Sep,Monday,3
ORD101391,2023-04-24 04:54:00,Electronics,3761.48,3,5,10720.23,South,Debit Card,27,0,4,4,Apr,Monday,2
ORD101392,2023-03-06 06:08:00,Books,347.78,1,20,278.22,North,Credit Card,33,0,5,3,Mar,Monday,1
ORD101393,2023-02-09 00:49:00,Electronics,8275.22,2,0,16550.44,West,Debit Card,59,0,4,2,Feb,Thursday,1
ORD101394,2023-04-11 03:02:00,Electronics,10236.79,2,5,19449.89,Central,Credit Card,19,0,1,4,Apr,Tuesday,2
ORD101395,2023-03-02 08:02:00,Home & Kitchen,2568.03,1,5,2439.63,North,UPI,39,0,1,3,Mar,Thursday,1
ORD101396,2023-02-19 03:58:00,Electronics,6913.23,1,5,6567.57,Central,UPI,20,0,5,2,Feb,Sunday,1
ORD101397,2023-04-05 21:22:00,Clothing,954.06,2,15,1621.9,North,UPI,20,0,3,4,Apr,Wednesday,2
ORD101398,2023-05-23 18:22:00,Beauty,1017.36,3,5,2899.48,East,UPI,56,0,4,5,May,Tuesday,2
ORD101399,2023-11-10 07:32:00,Sports,2207.25,1,10,1986.52,Central,UPI,36,0,5,11,Nov,Friday,4
ORD101400,2023-01-08 16:13:00,Sports,2425.31,1,0,2425.31,South,COD,22,0,4,1,Jan,Sunday,1
ORD101401,2023-10-03 00:46:00,Clothing,1264.87,2,5,2403.26,North,COD,25,0,4,10,Oct,Tuesday,4
ORD101402,2023-12-29 15:23:00,Sports,2728.53,1,0,2728.53,Central,UPI,33,0,5,12,Dec,Friday,4
ORD101403,2023-02-24 05:53:00,Beauty,1466.88,2,10,2640.39,East,COD,61,0,2,2,Feb,Friday,1
ORD101404,2023-04-20 16:14:00,Home & Kitchen,2616.3,3,5,7456.47,West,UPI,34,0,4,4,Apr,Thursday,2
ORD101405,2023-03-05 14:07:00,Books,389.24,1,5,369.78,Central,UPI,23,0,5,3,Mar,Sunday,1
ORD101406,2023-12-27 09:35:00,Books,338.54,1,5,321.61,North,UPI,21,0,4,12,Dec,Wednesday,4
ORD101407,2023-03-01 12:18:00,Home & Kitchen,3014.11,2,5,5726.81,West,Credit Card,39,0,4,3,Mar,Wednesday,1
ORD101408,2023-12-18 14:14:00,Books,535.3,1,5,508.53,Central,Credit Card,51,0,3,12,Dec,Monday,4
ORD101409,2023-04-07 02:57:00,Home & Kitchen,3467.81,2,5,6588.84,West,COD,35,0,4,4,Apr,Friday,2
ORD101410,2023-04-02 00:43:00,Books,683.4,2,0,1366.8,West,Debit Card,61,0,4,4,Apr,Sunday,2
ORD101411,2023-08-13 16:42:00,Home & Kitchen,2751.92,1,20,2201.53,North,UPI,53,0,2,8,Aug,Sunday,3
ORD101412,2023-07-25 22:37:00,Home & Kitchen,709.35,1,10,638.41,North,Debit Card,22,0,5,7,Jul,Tuesday,3
ORD101413,2023-02-03 11:12:00,Clothing,1708.86,2,5,3246.84,East,UPI,56,0,5,2,Feb,Friday,1
ORD101414,2023-03-04 07:53:00,Home & Kitchen,1637.3,1,5,1555.43,West,Debit Card,21,1,4,3,Mar,Saturday,1
ORD101415,2023-10-25 18:17:00,Books,381.49,1,0,381.49,West,UPI,25,0,5,10,Oct,Wednesday,4
ORD101416,2023-11-05 12:31:00,Beauty,969.86,1,0,969.86,Central,UPI,64,0,5,11,Nov,Sunday,4
ORD101417,2023-02-25 03:16:00,Home & Kitchen,1291.92,1,10,1162.72,West,Credit Card,30,0,3,2,Feb,Saturday,1
ORD101418,2023-03-10 00:06:00,Beauty,1014.73,1,15,862.52,North,Net Banking,41,0,3,3,Mar,Friday,1
ORD101419,2023-12-14 00:11:00,Home & Kitchen,1150.27,1,10,1035.24,West,Credit Card,37,0,3,12,Dec,Thursday,4
ORD101420,2023-03-20 09:39:00,Books,489.56,1,0,489.56,Central,UPI,63,0,5,3,Mar,Monday,1
ORD101421,2023-12-05 16:49:00,Electronics,5090.65,1,0,5090.65,West,Debit Card,35,0,2,12,Dec,Tuesday,4
ORD101422,2023-05-31 21:31:00,Clothing,927.46,4,0,3709.83,West,Credit Card,52,0,3,5,May,Wednesday,2
ORD101423,2023-06-25 17:34:00,Sports,3071.73,2,10,5529.11,North,COD,57,0,5,6,Jun,Sunday,2
ORD101424,2023-08-09 03:24:00,Electronics,11092.75,1,0,11092.75,West,UPI,50,0,2,8,Aug,Wednesday,3
ORD101425,2023-08-15 14:02:00,Home & Kitchen,100.0,1,15,85.0,North,UPI,46,0,4,8,Aug,Tuesday,3
ORD101426,2023-06-05 22:10:00,Beauty,741.61,1,5,704.53,West,Credit Card,26,0,4,6,Jun,Monday,2
ORD101427,2023-07-19 15:48:00,Books,464.84,1,0,464.84,North,Credit Card,25,0,3,7,Jul,Wednesday,3
ORD101428,2023-12-04 17:43:00,Home & Kitchen,2581.45,1,5,2452.38,Central,Credit Card,46,0,3,12,Dec,Monday,4
ORD101429,2023-10-15 05:32:00,Home & Kitchen,1808.13,1,5,1717.72,North,UPI,50,0,4,10,Oct,Sunday,4
ORD101430,2023-10-30 12:39:00,Home & Kitchen,795.65,1,20,636.52,East,Debit Card,46,0,5,10,Oct,Monday,4
ORD101431,2023-06-14 01:01:00,Books,295.73,1,0,295.73,Central,UPI,41,0,3,6,Jun,Wednesday,2
ORD101432,2023-06-28 23:37:00,Books,596.81,2,0,1193.63,North,Debit Card,38,1,4,6,Jun,Wednesday,2
ORD101433,2023-06-24 12:06:00,Beauty,1180.83,3,5,3365.37,West,UPI,38,0,2,6,Jun,Saturday,2
ORD101434,2023-07-30 11:03:00,Books,688.14,1,0,688.14,South,UPI,38,0,5,7,Jul,Sunday,3
ORD101435,2023-06-09 18:05:00,Beauty,863.79,1,5,820.6,North,Net Banking,58,0,3,6,Jun,Friday,2
ORD101436,2023-06-22 05:01:00,Electronics,6829.92,4,10,24587.7,Central,UPI,50,0,4,6,Jun,Thursday,2
ORD101437,2023-12-03 13:36:00,Home & Kitchen,1529.06,3,10,4128.47,Central,COD,24,0,5,12,Dec,Sunday,4
ORD101438,2023-01-11 22:30:00,Books,465.69,1,20,372.55,Central,UPI,46,0,4,1,Jan,Wednesday,1
ORD101439,2023-07-13 18:24:00,Books,457.49,1,5,434.61,East,Credit Card,61,0,4,7,Jul,Thursday,3
ORD101440,2023-02-21 22:43:00,Home & Kitchen,1400.86,2,5,2661.63,South,UPI,26,0,5,2,Feb,Tuesday,1
ORD101441,2023-12-08 10:10:00,Sports,1190.56,1,5,1131.03,Central,UPI,59,0,4,12,Dec,Friday,4
ORD101442,2023-04-14 15:40:00,Home & Kitchen,1183.88,1,0,1183.88,North,Net Banking,38,0,4,4,Apr,Friday,2
ORD101443,2023-04-20 09:16:00,Sports,1646.91,2,0,3293.81,North,UPI,45,0,5,4,Apr,Thursday,2
ORD101444,2023-07-25 07:39:00,Sports,1614.82,1,5,1534.08,North,Debit Card,40,0,5,7,Jul,Tuesday,3
ORD101445,2023-02-18 18:21:00,Sports,2056.03,1,0,2056.03,East,UPI,45,0,4,2,Feb,Saturday,1
ORD101446,2023-09-01 13:13:00,Sports,1968.08,1,5,1869.68,East,Debit Card,26,0,4,9,Sep,Friday,3
ORD101447,2023-06-04 16:51:00,Beauty,1022.07,1,5,970.97,East,Credit Card,43,0,3,6,Jun,Sunday,2
ORD101448,2023-06-10 06:26:00,Sports,247.69,2,0,495.37,West,UPI,27,0,4,6,Jun,Saturday,2
ORD101449,2023-08-21 21:48:00,Sports,982.28,4,20,3143.28,Central,UPI,36,0,5,8,Aug,Monday,3
ORD101450,2023-11-18 22:33:00,Electronics,12105.8,1,5,11500.51,South,Credit Card,46,0,3,11,Nov,Saturday,4
ORD101451,2023-12-05 23:29:00,Clothing,1204.39,1,5,1144.17,East,COD,59,0,1,12,Dec,Tuesday,4
ORD101452,2023-11-11 13:59:00,Sports,665.29,3,10,1796.29,Central,Debit Card,27,0,5,11,Nov,Saturday,4
ORD101453,2023-09-25 06:23:00,Electronics,6406.51,1,0,6406.51,West,UPI,49,0,3,9,Sep,Monday,3
ORD101454,2023-12-17 09:54:00,Clothing,100.0,1,0,100.0,West,Credit Card,29,0,5,12,Dec,Sunday,4
ORD101455,2023-11-21 06:54:00,Electronics,13518.6,5,5,64213.37,West,UPI,51,0,4,11,Nov,Tuesday,4
ORD101456,2023-11-27 05:16:00,Books,186.41,1,15,158.45,Central,UPI,52,1,1,11,Nov,Monday,4
ORD101457,2023-02-28 04:12:00,Clothing,1289.26,3,15,3287.62,North,UPI,31,0,5,2,Feb,Tuesday,1
ORD101458,2023-08-26 15:35:00,Books,316.94,3,15,808.21,West,Credit Card,27,0,4,8,Aug,Saturday,3
ORD101459,2023-04-14 05:17:00,Electronics,6337.8,1,0,6337.8,South,UPI,48,0,5,4,Apr,Friday,2
ORD101460,2023-12-04 17:11:00,Books,227.2,1,10,204.48,North,COD,28,0,4,12,Dec,Monday,4
ORD101461,2023-01-11 01:55:00,Home & Kitchen,2287.27,2,5,4345.81,North,UPI,39,0,3,1,Jan,Wednesday,1
ORD101462,2023-02-02 13:57:00,Books,354.96,2,0,709.92,East,Debit Card,45,0,4,2,Feb,Thursday,1
ORD101463,2023-07-23 23:53:00,Electronics,4596.24,5,5,21832.15,South,UPI,37,0,4,7,Jul,Sunday,3
ORD101464,2023-09-14 03:33:00,Sports,2674.61,2,5,5081.76,Central,COD,61,0,5,9,Sep,Thursday,3
ORD101465,2023-05-09 15:56:00,Sports,770.07,1,0,770.07,North,UPI,57,0,4,5,May,Tuesday,2
ORD101466,2023-06-10 10:53:00,Electronics,10906.49,2,10,19631.69,Central,Debit Card,56,0,4,6,Jun,Saturday,2
ORD101467,2023-05-01 13:13:00,Beauty,1057.01,3,5,3012.48,South,UPI,34,0,5,5,May,Monday,2
ORD101468,2023-05-21 14:26:00,Clothing,1265.87,3,5,3607.72,East,Net Banking,41,0,3,5,May,Sunday,2
ORD101469,2023-09-09 17:23:00,Electronics,8702.4,1,10,7832.16,North,UPI,25,0,4,9,Sep,Saturday,3
ORD101470,2023-09-01 21:15:00,Home & Kitchen,2162.0,1,0,2162.0,East,Net Banking,38,0,3,9,Sep,Friday,3
ORD101471,2023-07-05 15:45:00,Clothing,1305.12,1,0,1305.12,East,Net Banking,29,0,3,7,Jul,Wednesday,3
ORD101472,2023-11-27 19:02:00,Electronics,9192.09,1,0,9192.09,North,Debit Card,31,0,4,11,Nov,Monday,4
ORD101473,2023-05-03 08:35:00,Beauty,648.31,1,0,648.31,West,UPI,42,0,5,5,May,Wednesday,2
ORD101474,2023-07-05 21:07:00,Beauty,944.46,1,0,944.46,Central,Net Banking,60,0,5,7,Jul,Wednesday,3
ORD101475,2023-07-18 00:58:00,Home & Kitchen,2050.26,1,0,2050.26,West,COD,34,0,5,7,Jul,Tuesday,3
ORD101476,2023-06-04 02:59:00,Books,316.89,1,10,285.2,South,UPI,33,1,3,6,Jun,Sunday,2
ORD101477,2023-08-13 20:20:00,Clothing,1194.28,2,0,2388.57,West,Debit Card,59,0,4,8,Aug,Sunday,3
ORD101478,2023-02-11 15:30:00,Books,365.44,1,0,365.44,West,COD,59,0,2,2,Feb,Saturday,1
ORD101479,2023-08-05 03:52:00,Books,218.74,2,15,371.86,South,Debit Card,34,0,4,8,Aug,Saturday,3
ORD101480,2023-02-03 11:26:00,Sports,836.48,1,5,794.65,Central,Debit Card,35,0,4,2,Feb,Friday,1
ORD101481,2023-06-17 14:44:00,Sports,1016.06,2,0,2032.12,North,Debit Card,61,0,4,6,Jun,Saturday,2
ORD101482,2023-11-25 05:40:00,Beauty,650.96,1,5,618.41,West,Debit Card,51,0,3,11,Nov,Saturday,4
ORD101483,2023-01-02 12:12:00,Clothing,1681.36,1,10,1513.22,East,UPI,31,0,3,1,Jan,Monday,1
ORD101484,2023-02-26 05:15:00,Electronics,8992.94,1,5,8543.29,Central,Debit Card,56,0,5,2,Feb,Sunday,1
ORD101485,2023-03-08 19:43:00,Beauty,821.42,1,0,821.42,West,Debit Card,55,0,4,3,Mar,Wednesday,1
ORD101486,2023-08-20 15:55:00,Books,247.16,1,0,247.16,South,UPI,29,0,1,8,Aug,Sunday,3
ORD101487,2023-10-31 10:51:00,Beauty,418.45,2,10,753.22,East,UPI,30,0,5,10,Oct,Tuesday,4
ORD101488,2023-07-08 05:25:00,Home & Kitchen,2277.4,3,0,6832.19,West,COD,42,0,2,7,Jul,Saturday,3
ORD101489,2023-04-25 00:01:00,Sports,1384.61,1,5,1315.38,Central,Debit Card,49,0,5,4,Apr,Tuesday,2
ORD101490,2023-04-28 02:29:00,Beauty,756.09,2,5,1436.57,South,UPI,63,1,4,4,Apr,Friday,2
ORD101491,2023-01-26 12:39:00,Clothing,1184.87,2,0,2369.75,West,Credit Card,47,0,5,1,Jan,Thursday,1
ORD101492,2023-02-15 11:10:00,Clothing,1360.5,1,10,1224.45,Central,UPI,25,0,4,2,Feb,Wednesday,1
ORD101493,2023-09-27 13:49:00,Beauty,1200.67,1,15,1020.57,West,Net Banking,30,0,2,9,Sep,Wednesday,3
ORD101494,2023-03-02 07:45:00,Home & Kitchen,2294.72,1,10,2065.25,South,UPI,64,0,3,3,Mar,Thursday,1
ORD101495,2023-05-28 23:31:00,Books,523.02,2,5,993.75,West,UPI,50,0,4,5,May,Sunday,2
ORD101496,2023-11-04 06:52:00,Clothing,1145.29,1,0,1145.29,East,Debit Card,47,0,5,11,Nov,Saturday,4
ORD101497,2023-08-03 05:26:00,Clothing,862.43,1,0,862.43,South,UPI,26,0,2,8,Aug,Thursday,3
ORD101498,2023-05-01 19:28:00,Books,406.41,1,0,406.41,South,UPI,21,0,4,5,May,Monday,2
ORD101499,2023-11-28 14:05:00,Beauty,1108.21,2,5,2105.6,North,Credit Card,25,0,3,11,Nov,Tuesday,4
ORD101500,2023-12-21 12:43:00,Books,199.95,1,10,179.96,South,Debit Card,57,0,3,12,Dec,Thursday,4
ORD101501,2023-08-05 23:38:00,Beauty,805.49,5,5,3826.09,East,UPI,30,0,4,8,Aug,Saturday,3
ORD101502,2023-01-31 01:21:00,Sports,1875.24,3,0,5625.72,South,Credit Card,40,0,5,1,Jan,Tuesday,1
ORD101503,2023-11-07 21:51:00,Books,335.38,1,0,335.38,Central,Debit Card,30,0,3,11,Nov,Tuesday,4
ORD101504,2023-01-03 08:32:00,Electronics,11638.77,2,0,23277.54,Central,UPI,25,0,4,1,Jan,Tuesday,1
ORD101505,2023-12-10 11:08:00,Home & Kitchen,3481.77,1,0,3481.77,Central,UPI,52,0,5,12,Dec,Sunday,4
ORD101506,2023-05-14 05:32:00,Clothing,773.13,3,20,1855.5,West,COD,37,0,4,5,May,Sunday,2
ORD101507,2023-03-09 02:20:00,Home & Kitchen,1639.37,1,10,1475.43,Central,Credit Card,55,0,4,3,Mar,Thursday,1
ORD101508,2023-03-01 10:02:00,Books,545.17,2,15,926.79,South,Credit Card,32,0,4,3,Mar,Wednesday,1
ORD101509,2023-07-04 13:18:00,Books,459.85,1,5,436.86,East,Credit Card,38,0,3,7,Jul,Tuesday,3
ORD101510,2023-09-22 10:27:00,Books,617.94,2,5,1174.08,South,UPI,47,0,3,9,Sep,Friday,3
ORD101511,2023-03-19 17:54:00,Home & Kitchen,451.75,2,5,858.33,West,UPI,30,0,4,3,Mar,Sunday,1
ORD101512,2023-01-28 07:11:00,Clothing,1565.95,2,5,2975.3,North,Credit Card,29,0,4,1,Jan,Saturday,1
ORD101513,2023-12-28 14:27:00,Clothing,1827.26,4,10,6578.13,North,COD,34,0,4,12,Dec,Thursday,4
ORD101514,2023-01-21 14:22:00,Home & Kitchen,2689.76,2,0,5379.53,Central,Credit Card,38,0,4,1,Jan,Saturday,1
ORD101515,2023-02-27 23:55:00,Home & Kitchen,3699.5,2,0,7399.0,South,UPI,32,0,4,2,Feb,Monday,1
ORD101516,2023-04-15 09:11:00,Electronics,9076.99,1,5,8623.14,South,Debit Card,26,0,4,4,Apr,Saturday,2
ORD101517,2023-10-16 21:37:00,Books,571.65,1,0,571.65,South,Credit Card,36,0,3,10,Oct,Monday,4
ORD101518,2023-09-27 18:11:00,Electronics,4725.94,3,5,13468.93,West,COD,37,0,5,9,Sep,Wednesday,3
ORD101519,2023-09-13 21:06:00,Clothing,1639.57,1,10,1475.61,East,UPI,24,0,1,9,Sep,Wednesday,3
ORD101520,2023-12-15 03:25:00,Beauty,612.79,2,0,1225.58,East,Credit Card,59,0,2,12,Dec,Friday,4
ORD101521,2023-06-15 04:01:00,Electronics,6046.48,3,10,16325.5,North,Credit Card,27,1,3,6,Jun,Thursday,2
ORD101522,2023-12-04 15:29:00,Beauty,348.87,1,10,313.99,East,Credit Card,43,0,4,12,Dec,Monday,4
ORD101523,2023-06-18 01:41:00,Electronics,3348.45,5,15,14230.92,Central,COD,60,0,4,6,Jun,Sunday,2
ORD101524,2023-10-19 04:13:00,Books,488.85,3,0,1466.55,North,Net Banking,63,0,5,10,Oct,Thursday,4
ORD101525,2023-06-15 01:47:00,Books,414.9,3,10,1120.22,North,Credit Card,45,0,3,6,Jun,Thursday,2
ORD101526,2023-07-15 02:25:00,Sports,1412.87,4,0,5651.5,East,UPI,51,0,4,7,Jul,Saturday,3
ORD101527,2023-02-15 00:54:00,Home & Kitchen,2841.63,1,10,2557.46,South,UPI,41,0,5,2,Feb,Wednesday,1
ORD101528,2023-05-26 20:48:00,Home & Kitchen,2829.82,1,0,2829.82,South,UPI,49,0,5,5,May,Friday,2
ORD101529,2023-08-10 23:51:00,Home & Kitchen,2944.89,1,10,2650.4,East,COD,30,0,5,8,Aug,Thursday,3
ORD101530,2023-03-09 11:42:00,Sports,1717.97,1,0,1717.97,North,Net Banking,27,0,4,3,Mar,Thursday,1
ORD101531,2023-04-13 15:28:00,Sports,1489.36,3,0,4468.07,West,Credit Card,40,0,5,4,Apr,Thursday,2
ORD101532,2023-11-04 13:05:00,Sports,941.29,1,0,941.29,West,Net Banking,33,0,3,11,Nov,Saturday,4
ORD101533,2023-04-06 13:40:00,Sports,1857.0,3,0,5570.99,West,UPI,62,0,5,4,Apr,Thursday,2
ORD101534,2023-06-24 14:43:00,Sports,1367.61,1,5,1299.23,South,Debit Card,41,0,5,6,Jun,Saturday,2
ORD101535,2023-03-21 15:33:00,Beauty,1114.88,4,15,3790.6,Central,UPI,19,0,4,3,Mar,Tuesday,1
ORD101536,2023-08-12 02:58:00,Home & Kitchen,2452.99,2,10,4415.39,West,UPI,37,0,4,8,Aug,Saturday,3
ORD101537,2023-12-17 09:53:00,Clothing,1483.52,2,10,2670.34,South,Credit Card,27,0,4,12,Dec,Sunday,4
ORD101538,2023-10-19 01:35:00,Books,209.45,1,5,198.97,North,COD,27,0,5,10,Oct,Thursday,4
ORD101539,2023-02-25 16:27:00,Sports,2608.29,1,10,2347.46,West,UPI,20,0,4,2,Feb,Saturday,1
ORD101540,2023-10-19 08:22:00,Beauty,719.55,2,10,1295.19,East,Credit Card,21,0,2,10,Oct,Thursday,4
ORD101541,2023-01-09 03:47:00,Sports,2180.72,4,5,8286.73,West,UPI,54,0,2,1,Jan,Monday,1
ORD101542,2023-07-21 01:05:00,Clothing,1102.23,1,5,1047.12,West,Net Banking,59,0,3,7,Jul,Friday,3
ORD101543,2023-06-10 18:46:00,Books,476.34,1,0,476.34,West,Debit Card,24,0,1,6,Jun,Saturday,2
ORD101544,2023-11-16 08:21:00,Home & Kitchen,2674.29,2,5,5081.16,South,UPI,32,0,4,11,Nov,Thursday,4
ORD101545,2023-11-06 08:55:00,Electronics,12451.29,1,5,11828.73,North,Credit Card,48,0,3,11,Nov,Monday,4
ORD101546,2023-01-03 12:07:00,Electronics,7096.32,5,0,35481.59,North,UPI,58,1,5,1,Jan,Tuesday,1
ORD101547,2023-08-24 22:25:00,Home & Kitchen,3788.51,4,0,15154.04,Central,Debit Card,27,0,5,8,Aug,Thursday,3
ORD101548,2023-11-13 19:23:00,Books,436.71,4,10,1572.17,West,Net Banking,50,0,5,11,Nov,Monday,4
ORD101549,2023-03-06 04:00:00,Electronics,7249.34,1,15,6161.94,South,UPI,31,1,2,3,Mar,Monday,1
ORD101550,2023-12-23 06:54:00,Electronics,14450.9,2,5,27456.71,North,UPI,22,0,5,12,Dec,Saturday,4
ORD101551,2023-03-16 20:15:00,Beauty,903.56,1,5,858.39,West,Net Banking,28,0,4,3,Mar,Thursday,1
ORD101552,2023-04-08 02:19:00,Sports,2411.05,1,15,2049.4,West,UPI,36,0,4,4,Apr,Saturday,2
ORD101553,2023-01-12 03:10:00,Home & Kitchen,4140.95,1,0,4140.95,South,Debit Card,42,0,2,1,Jan,Thursday,1
ORD101554,2023-09-06 15:01:00,Home & Kitchen,2133.93,2,0,4267.85,West,Credit Card,23,0,4,9,Sep,Wednesday,3
ORD101555,2023-05-31 18:53:00,Clothing,1584.98,1,5,1505.74,West,UPI,30,0,4,5,May,Wednesday,2
ORD101556,2023-02-22 20:54:00,Electronics,7311.37,1,0,7311.37,West,COD,54,0,4,2,Feb,Wednesday,1
ORD101557,2023-10-24 19:46:00,Home & Kitchen,1765.15,1,5,1676.89,Central,COD,48,0,3,10,Oct,Tuesday,4
ORD101558,2023-09-07 12:31:00,Electronics,10312.4,1,20,8249.92,Central,Credit Card,57,0,4,9,Sep,Thursday,3
ORD101559,2023-12-14 15:14:00,Sports,2304.69,1,10,2074.22,North,Credit Card,32,0,5,12,Dec,Thursday,4
ORD101560,2023-10-23 10:35:00,Home & Kitchen,2464.05,4,0,9856.22,North,UPI,43,0,5,10,Oct,Monday,4
ORD101561,2023-08-02 15:07:00,Beauty,1325.93,1,0,1325.93,West,Debit Card,58,1,4,8,Aug,Wednesday,3
ORD101562,2023-06-27 14:44:00,Beauty,909.99,3,10,2456.96,West,UPI,27,0,4,6,Jun,Tuesday,2
ORD101563,2023-04-09 15:22:00,Books,546.74,2,5,1038.81,West,UPI,53,0,5,4,Apr,Sunday,2
ORD101564,2023-10-28 21:21:00,Clothing,2434.7,1,10,2191.23,Central,Net Banking,22,0,5,10,Oct,Saturday,4
ORD101565,2023-12-03 14:08:00,Beauty,570.97,4,0,2283.87,East,Debit Card,53,0,3,12,Dec,Sunday,4
ORD101566,2023-08-02 21:41:00,Home & Kitchen,1789.96,1,10,1610.97,East,Debit Card,19,0,3,8,Aug,Wednesday,3
ORD101567,2023-11-15 06:18:00,Clothing,1106.32,1,0,1106.32,North,Debit Card,55,0,4,11,Nov,Wednesday,4
ORD101568,2023-03-30 06:10:00,Clothing,1304.48,1,10,1174.03,Central,Credit Card,25,0,5,3,Mar,Thursday,1
ORD101569,2023-09-10 09:15:00,Home & Kitchen,2861.32,1,15,2432.12,South,Credit Card,19,1,4,9,Sep,Sunday,3
ORD101570,2023-07-03 08:22:00,Electronics,7492.49,4,0,29969.97,South,UPI,64,0,4,7,Jul,Monday,3
ORD101571,2023-01-17 02:21:00,Sports,2051.04,2,0,4102.08,West,UPI,22,0,3,1,Jan,Tuesday,1
ORD101572,2023-03-03 17:14:00,Clothing,2033.69,1,10,1830.32,West,UPI,42,0,4,3,Mar,Friday,1
ORD101573,2023-07-01 01:49:00,Books,515.57,1,5,489.79,Central,UPI,49,0,4,7,Jul,Saturday,3
ORD101574,2023-12-20 16:38:00,Clothing,1622.93,1,0,1622.93,North,Debit Card,26,0,3,12,Dec,Wednesday,4
ORD101575,2023-08-23 03:06:00,Home & Kitchen,1926.28,3,10,5200.96,Central,Credit Card,44,0,4,8,Aug,Wednesday,3
ORD101576,2023-10-15 01:32:00,Electronics,8028.54,1,10,7225.69,North,UPI,19,0,5,10,Oct,Sunday,4
ORD101577,2023-04-16 11:10:00,Electronics,8719.29,2,10,15694.73,East,Debit Card,57,0,2,4,Apr,Sunday,2
ORD101578,2023-09-13 23:55:00,Sports,1773.12,2,10,3191.61,North,UPI,44,0,3,9,Sep,Wednesday,3
ORD101579,2023-06-21 04:07:00,Books,629.72,1,0,629.72,South,Credit Card,56,0,4,6,Jun,Wednesday,2
ORD101580,2023-01-04 07:53:00,Home & Kitchen,1979.27,1,15,1682.38,West,UPI,54,0,2,1,Jan,Wednesday,1
ORD101581,2023-03-29 02:17:00,Sports,606.11,2,0,1212.23,East,Debit Card,44,0,2,3,Mar,Wednesday,1
ORD101582,2023-07-04 20:42:00,Home & Kitchen,278.01,1,10,250.21,South,UPI,34,0,1,7,Jul,Tuesday,3
ORD101583,2023-08-04 07:08:00,Sports,2227.75,1,0,2227.75,West,Credit Card,53,0,4,8,Aug,Friday,3
ORD101584,2023-08-23 16:50:00,Home & Kitchen,2569.02,2,0,5138.04,East,COD,46,0,4,8,Aug,Wednesday,3
ORD101585,2023-03-16 00:45:00,Home & Kitchen,1460.51,2,0,2921.03,Central,COD,23,0,5,3,Mar,Thursday,1
ORD101586,2023-06-23 10:25:00,Electronics,15125.55,1,15,12856.72,South,Credit Card,38,1,4,6,Jun,Friday,2
ORD101587,2023-01-19 21:59:00,Home & Kitchen,3244.85,2,0,6489.7,South,COD,22,0,3,1,Jan,Thursday,1
ORD101588,2023-11-20 22:51:00,Electronics,5309.94,1,0,5309.94,Central,COD,54,0,3,11,Nov,Monday,4
ORD101589,2023-07-25 21:44:00,Home & Kitchen,3017.3,1,5,2866.43,Central,Net Banking,23,0,3,7,Jul,Tuesday,3
ORD101590,2023-06-10 11:00:00,Beauty,760.03,1,20,608.03,East,COD,43,0,3,6,Jun,Saturday,2
ORD101591,2023-03-17 22:25:00,Sports,172.06,2,15,292.5,West,Debit Card,39,0,3,3,Mar,Friday,1
ORD101592,2023-11-16 19:41:00,Sports,1505.05,1,15,1279.29,West,Debit Card,34,1,2,11,Nov,Thursday,4
ORD101593,2023-07-27 06:56:00,Beauty,1086.4,2,5,2064.17,East,UPI,21,0,5,7,Jul,Thursday,3
ORD101594,2023-06-21 12:46:00,Sports,1818.6,1,5,1727.67,South,Credit Card,25,0,3,6,Jun,Wednesday,2
ORD101595,2023-05-26 06:05:00,Sports,2425.51,1,5,2304.24,Central,Credit Card,22,1,5,5,May,Friday,2
ORD101596,2023-06-24 20:10:00,Sports,1408.84,1,0,1408.84,North,UPI,27,0,5,6,Jun,Saturday,2
ORD101597,2023-10-31 08:15:00,Sports,1581.55,1,0,1581.55,East,Debit Card,63,0,2,10,Oct,Tuesday,4
ORD101598,2023-02-26 23:03:00,Sports,1815.76,1,0,1815.76,East,UPI,23,0,4,2,Feb,Sunday,1
ORD101599,2023-07-01 03:03:00,Sports,205.71,2,0,411.41,North,Credit Card,60,1,3,7,Jul,Saturday,3
ORD101600,2023-01-03 14:21:00,Sports,3007.99,2,15,5113.58,South,Net Banking,54,1,3,1,Jan,Tuesday,1
ORD101601,2023-10-17 22:57:00,Sports,1885.29,1,0,1885.29,Central,Net Banking,20,0,4,10,Oct,Tuesday,4
ORD101602,2023-06-29 09:18:00,Clothing,799.07,2,5,1518.23,Central,Debit Card,28,0,4,6,Jun,Thursday,2
ORD101603,2023-07-13 16:47:00,Beauty,918.33,1,0,918.33,South,UPI,59,0,5,7,Jul,Thursday,3
ORD101604,2023-10-26 06:52:00,Sports,1432.13,1,5,1360.52,East,Credit Card,61,0,5,10,Oct,Thursday,4
ORD101605,2023-12-31 13:53:00,Clothing,1605.31,4,0,6421.26,West,UPI,62,0,3,12,Dec,Sunday,4
ORD101606,2023-08-06 04:30:00,Electronics,8678.8,2,5,16489.73,South,Credit Card,20,0,3,8,Aug,Sunday,3
ORD101607,2023-12-13 16:25:00,Books,358.86,1,10,322.98,Central,Credit Card,35,0,4,12,Dec,Wednesday,4
ORD101608,2023-05-16 18:31:00,Home & Kitchen,1162.39,3,0,3487.17,West,COD,18,1,5,5,May,Tuesday,2
ORD101609,2023-09-08 23:26:00,Beauty,237.33,2,5,450.93,South,UPI,46,0,3,9,Sep,Friday,3
ORD101610,2023-09-06 22:29:00,Clothing,1946.28,3,10,5254.96,South,COD,48,0,4,9,Sep,Wednesday,3
ORD101611,2023-09-28 03:44:00,Sports,1826.07,2,0,3652.14,South,Credit Card,43,0,4,9,Sep,Thursday,3
ORD101612,2023-03-22 17:23:00,Electronics,7421.5,1,0,7421.5,North,Credit Card,48,0,4,3,Mar,Wednesday,1
ORD101613,2023-02-26 03:23:00,Home & Kitchen,3154.48,2,0,6308.97,Central,UPI,47,0,3,2,Feb,Sunday,1
ORD101614,2023-03-20 03:23:00,Sports,2054.1,1,0,2054.1,East,COD,35,0,2,3,Mar,Monday,1
ORD101615,2023-05-31 15:01:00,Books,141.84,1,5,134.75,South,UPI,41,0,4,5,May,Wednesday,2
ORD101616,2023-08-04 01:59:00,Sports,2064.95,1,0,2064.95,East,Net Banking,63,0,2,8,Aug,Friday,3
ORD101617,2023-04-04 23:31:00,Clothing,905.3,1,0,905.3,North,UPI,29,0,5,4,Apr,Tuesday,2
ORD101618,2023-02-04 01:26:00,Books,578.38,3,5,1648.39,West,Credit Card,56,0,4,2,Feb,Saturday,1
ORD101619,2023-08-20 10:50:00,Sports,2267.07,1,15,1927.01,West,Credit Card,60,1,5,8,Aug,Sunday,3
ORD101620,2023-11-07 04:48:00,Beauty,588.58,1,15,500.3,South,Credit Card,38,0,4,11,Nov,Tuesday,4
ORD101621,2023-08-19 21:28:00,Home & Kitchen,3017.95,4,0,12071.79,South,Net Banking,49,0,4,8,Aug,Saturday,3
ORD101622,2023-02-15 19:42:00,Books,237.27,2,0,474.54,Central,Credit Card,28,0,3,2,Feb,Wednesday,1
ORD101623,2023-07-22 10:34:00,Clothing,1018.22,3,15,2596.46,North,COD,59,0,1,7,Jul,Saturday,3
ORD101624,2023-05-23 20:05:00,Home & Kitchen,2388.36,1,0,2388.36,South,Debit Card,23,0,4,5,May,Tuesday,2
ORD101625,2023-11-19 22:19:00,Sports,100.0,3,20,240.0,Central,Debit Card,46,0,3,11,Nov,Sunday,4
ORD101626,2023-10-14 02:12:00,Beauty,751.71,1,5,714.12,Central,Credit Card,43,0,5,10,Oct,Saturday,4
ORD101627,2023-10-19 16:12:00,Electronics,6500.11,4,15,22100.39,West,Credit Card,23,0,3,10,Oct,Thursday,4
ORD101628,2023-03-03 21:59:00,Electronics,11718.79,1,0,11718.79,Central,UPI,39,0,4,3,Mar,Friday,1
ORD101629,2023-05-21 06:15:00,Electronics,5939.8,2,0,11879.6,Central,Credit Card,43,0,4,5,May,Sunday,2
ORD101630,2023-11-07 10:25:00,Sports,1829.62,2,5,3476.28,Central,UPI,48,0,1,11,Nov,Tuesday,4
ORD101631,2023-06-24 13:11:00,Electronics,5055.65,1,10,4550.09,West,UPI,30,1,4,6,Jun,Saturday,2
ORD101632,2023-06-12 12:16:00,Sports,730.36,1,0,730.36,North,UPI,52,0,4,6,Jun,Monday,2
ORD101633,2023-10-05 05:18:00,Electronics,6856.29,3,5,19540.43,South,UPI,20,0,4,10,Oct,Thursday,4
ORD101634,2023-03-20 09:26:00,Electronics,7786.24,1,0,7786.24,South,UPI,28,0,4,3,Mar,Monday,1
ORD101635,2023-04-03 00:45:00,Books,261.25,5,15,1110.32,North,UPI,63,0,4,4,Apr,Monday,2
ORD101636,2023-06-13 04:26:00,Electronics,9502.98,1,0,9502.98,East,UPI,30,0,1,6,Jun,Tuesday,2
ORD101637,2023-01-27 06:15:00,Electronics,7630.06,2,0,15260.11,Central,Credit Card,42,0,5,1,Jan,Friday,1
ORD101638,2023-09-18 16:24:00,Home & Kitchen,3638.19,2,0,7276.37,North,UPI,41,0,4,9,Sep,Monday,3
ORD101639,2023-08-26 17:26:00,Books,352.55,1,5,334.92,North,Credit Card,28,0,4,8,Aug,Saturday,3
ORD101640,2023-11-21 07:58:00,Home & Kitchen,2763.17,2,10,4973.71,North,UPI,54,0,4,11,Nov,Tuesday,4
ORD101641,2023-12-12 03:15:00,Sports,2366.17,2,5,4495.73,Central,Debit Card,29,0,4,12,Dec,Tuesday,4
ORD101642,2023-06-05 18:26:00,Clothing,1645.93,2,0,3291.86,West,UPI,30,1,5,6,Jun,Monday,2
ORD101643,2023-09-14 06:50:00,Beauty,566.01,2,0,1132.02,South,UPI,61,0,5,9,Sep,Thursday,3
ORD101644,2023-05-06 17:27:00,Clothing,1080.32,1,5,1026.31,Central,Credit Card,26,0,5,5,May,Saturday,2
ORD101645,2023-08-26 19:18:00,Electronics,8068.67,2,10,14523.61,South,UPI,28,0,4,8,Aug,Saturday,3
ORD101646,2023-05-20 19:16:00,Home & Kitchen,2639.54,1,0,2639.54,West,COD,36,0,4,5,May,Saturday,2
ORD101647,2023-04-19 18:53:00,Beauty,701.99,1,0,701.99,Central,UPI,53,0,4,4,Apr,Wednesday,2
ORD101648,2023-10-01 18:04:00,Clothing,1386.32,1,10,1247.69,East,UPI,53,0,1,10,Oct,Sunday,4
ORD101649,2023-03-04 04:46:00,Beauty,949.95,1,0,949.95,Central,COD,37,0,1,3,Mar,Saturday,1
ORD101650,2023-04-18 19:32:00,Home & Kitchen,2282.5,2,15,3880.25,East,Net Banking,22,0,5,4,Apr,Tuesday,2
ORD101651,2023-11-22 08:48:00,Books,140.42,2,0,280.85,West,UPI,21,0,4,11,Nov,Wednesday,4
ORD101652,2023-06-14 10:13:00,Beauty,371.24,1,5,352.68,West,COD,60,0,4,6,Jun,Wednesday,2
ORD101653,2023-01-09 22:08:00,Books,304.09,1,0,304.09,North,Credit Card,59,0,5,1,Jan,Monday,1
ORD101654,2023-01-05 21:11:00,Electronics,8504.58,1,5,8079.35,West,Credit Card,46,0,4,1,Jan,Thursday,1
ORD101655,2023-12-27 15:48:00,Beauty,772.27,1,5,733.66,West,Credit Card,35,0,4,12,Dec,Wednesday,4
ORD101656,2023-11-30 02:34:00,Beauty,1151.6,2,15,1957.72,North,Net Banking,53,0,5,11,Nov,Thursday,4
ORD101657,2023-08-16 21:07:00,Beauty,611.58,1,10,550.42,East,COD,49,1,5,8,Aug,Wednesday,3
ORD101658,2023-11-04 11:24:00,Home & Kitchen,3170.91,2,10,5707.64,South,Net Banking,34,0,4,11,Nov,Saturday,4
ORD101659,2023-01-05 03:29:00,Beauty,797.24,1,0,797.24,East,COD,26,1,2,1,Jan,Thursday,1
ORD101660,2023-01-05 07:47:00,Home & Kitchen,3058.42,1,0,3058.42,North,Debit Card,25,0,3,1,Jan,Thursday,1
ORD101661,2023-12-30 11:12:00,Beauty,965.58,1,0,965.58,North,Net Banking,58,0,5,12,Dec,Saturday,4
ORD101662,2023-06-05 22:14:00,Beauty,1150.99,1,0,1150.99,South,COD,30,0,3,6,Jun,Monday,2
ORD101663,2023-01-19 08:31:00,Books,599.39,1,0,599.39,Central,UPI,49,0,3,1,Jan,Thursday,1
ORD101664,2023-11-23 12:07:00,Clothing,100.0,2,10,180.0,East,Credit Card,47,0,4,11,Nov,Thursday,4
ORD101665,2023-03-29 17:12:00,Home & Kitchen,2102.58,1,15,1787.19,Central,Debit Card,57,0,4,3,Mar,Wednesday,1
ORD101666,2023-10-17 05:04:00,Sports,1221.89,2,0,2443.79,Central,UPI,29,0,5,10,Oct,Tuesday,4
ORD101667,2023-03-07 08:59:00,Electronics,6786.58,2,10,12215.84,Central,Net Banking,33,1,4,3,Mar,Tuesday,1
ORD101668,2023-05-21 06:54:00,Sports,2129.55,2,5,4046.15,North,COD,31,0,4,5,May,Sunday,2
ORD101669,2023-12-14 17:39:00,Beauty,790.91,4,0,3163.66,East,Debit Card,33,0,4,12,Dec,Thursday,4
ORD101670,2023-01-02 13:41:00,Home & Kitchen,2054.29,1,0,2054.29,North,Net Banking,61,0,1,1,Jan,Monday,1
ORD101671,2023-08-10 13:17:00,Books,644.06,1,0,644.06,North,Debit Card,38,0,4,8,Aug,Thursday,3
ORD101672,2023-09-11 11:33:00,Home & Kitchen,1179.9,2,5,2241.81,North,Net Banking,18,0,5,9,Sep,Monday,3
ORD101673,2023-01-25 08:58:00,Clothing,1528.61,3,0,4585.82,West,Credit Card,35,0,4,1,Jan,Wednesday,1
ORD101674,2023-01-03 12:12:00,Books,389.76,2,15,662.58,East,UPI,62,0,3,1,Jan,Tuesday,1
ORD101675,2023-01-13 23:14:00,Sports,1112.26,1,10,1001.03,West,COD,30,0,3,1,Jan,Friday,1
ORD101676,2023-04-11 05:21:00,Clothing,596.99,1,5,567.14,East,UPI,64,1,4,4,Apr,Tuesday,2
ORD101677,2023-02-19 00:30:00,Beauty,634.21,1,10,570.79,West,Net Banking,37,0,5,2,Feb,Sunday,1
ORD101678,2023-11-17 10:53:00,Sports,2207.52,5,10,9933.85,East,UPI,44,0,4,11,Nov,Friday,4
ORD101679,2023-05-03 10:53:00,Home & Kitchen,2681.53,1,5,2547.45,North,Net Banking,62,0,3,5,May,Wednesday,2
ORD101680,2023-05-02 02:49:00,Sports,1066.03,2,10,1918.86,Central,Credit Card,32,0,4,5,May,Tuesday,2
ORD101681,2023-11-17 14:37:00,Electronics,4717.25,1,5,4481.39,North,UPI,39,1,4,11,Nov,Friday,4
ORD101682,2023-01-18 12:20:00,Electronics,12011.98,1,15,10210.19,North,Debit Card,36,0,3,1,Jan,Wednesday,1
ORD101683,2023-08-15 01:19:00,Electronics,3534.33,1,10,3180.89,Central,Debit Card,63,0,4,8,Aug,Tuesday,3
ORD101684,2023-02-22 21:03:00,Electronics,8433.84,4,10,30361.84,Central,UPI,31,0,5,2,Feb,Wednesday,1
ORD101685,2023-07-25 03:39:00,Home & Kitchen,2729.28,1,0,2729.28,West,UPI,49,0,3,7,Jul,Tuesday,3
ORD101686,2023-12-04 19:00:00,Sports,1432.96,3,0,4298.87,West,UPI,34,0,2,12,Dec,Monday,4
ORD101687,2023-11-14 19:06:00,Home & Kitchen,4124.9,2,10,7424.82,East,Debit Card,34,1,4,11,Nov,Tuesday,4
ORD101688,2023-01-14 14:33:00,Beauty,798.64,1,0,798.64,East,Credit Card,38,1,4,1,Jan,Saturday,1
ORD101689,2023-02-22 00:38:00,Electronics,8506.69,2,15,14461.38,North,Credit Card,25,0,1,2,Feb,Wednesday,1
ORD101690,2023-10-21 04:40:00,Clothing,672.21,2,0,1344.42,Central,UPI,49,0,5,10,Oct,Saturday,4
ORD101691,2023-09-04 23:39:00,Home & Kitchen,2973.46,3,15,7582.31,West,UPI,50,1,3,9,Sep,Monday,3
ORD101692,2023-01-23 01:08:00,Clothing,1729.29,3,5,4928.49,East,Credit Card,34,0,3,1,Jan,Monday,1
ORD101693,2023-11-30 11:19:00,Sports,1281.81,2,10,2307.25,Central,Net Banking,63,0,1,11,Nov,Thursday,4
ORD101694,2023-03-17 15:19:00,Clothing,1112.68,4,5,4228.17,Central,UPI,41,0,4,3,Mar,Friday,1
ORD101695,2023-01-05 16:37:00,Books,604.03,1,10,543.62,South,UPI,36,0,3,1,Jan,Thursday,1
ORD101696,2023-10-14 01:27:00,Sports,1862.02,1,0,1862.02,East,UPI,30,0,5,10,Oct,Saturday,4
ORD101697,2023-11-24 06:50:00,Clothing,953.84,2,15,1621.53,North,UPI,36,1,3,11,Nov,Friday,4
ORD101698,2023-09-01 22:44:00,Beauty,824.3,1,5,783.08,West,Credit Card,51,0,2,9,Sep,Friday,3
ORD101699,2023-10-24 18:21:00,Books,304.03,5,5,1444.15,Central,UPI,42,0,5,10,Oct,Tuesday,4
ORD101700,2023-03-25 03:29:00,Books,331.47,1,5,314.9,North,Credit Card,37,0,3,3,Mar,Saturday,1
ORD101701,2023-11-24 07:44:00,Electronics,12861.31,1,0,12861.31,South,Credit Card,61,0,5,11,Nov,Friday,4
ORD101702,2023-05-03 15:47:00,Clothing,1869.39,2,0,3738.78,East,Net Banking,34,0,4,5,May,Wednesday,2
ORD101703,2023-04-16 12:11:00,Home & Kitchen,791.79,1,5,752.2,North,UPI,37,0,3,4,Apr,Sunday,2
ORD101704,2023-07-03 00:35:00,Electronics,2461.28,1,0,2461.28,North,UPI,36,0,1,7,Jul,Monday,3
ORD101705,2023-04-10 20:37:00,Home & Kitchen,2306.25,2,0,4612.51,East,UPI,35,0,5,4,Apr,Monday,2
ORD101706,2023-04-12 06:18:00,Electronics,5886.96,1,0,5886.96,South,UPI,53,0,4,4,Apr,Wednesday,2
ORD101707,2023-03-31 10:54:00,Books,692.5,2,10,1246.5,Central,UPI,63,0,4,3,Mar,Friday,1
ORD101708,2023-01-12 05:53:00,Clothing,1183.49,4,0,4733.95,East,COD,46,0,5,1,Jan,Thursday,1
ORD101709,2023-12-13 04:24:00,Electronics,6989.05,3,15,17822.08,North,UPI,21,0,3,12,Dec,Wednesday,4
ORD101710,2023-06-06 14:15:00,Clothing,790.97,1,5,751.42,East,Net Banking,33,0,3,6,Jun,Tuesday,2
ORD101711,2023-03-29 16:51:00,Beauty,100.0,4,10,360.0,Central,Net Banking,46,0,4,3,Mar,Wednesday,1
ORD101712,2023-02-03 03:09:00,Beauty,1126.57,1,5,1070.24,South,Debit Card,18,0,5,2,Feb,Friday,1
ORD101713,2023-09-30 12:44:00,Clothing,1101.54,1,0,1101.54,East,UPI,26,0,3,9,Sep,Saturday,3
ORD101714,2023-11-22 07:58:00,Home & Kitchen,1868.07,2,10,3362.52,North,Debit Card,56,0,3,11,Nov,Wednesday,4
ORD101715,2023-04-07 17:18:00,Sports,2851.37,3,0,8554.1,South,UPI,52,0,5,4,Apr,Friday,2
ORD101716,2023-11-19 08:55:00,Electronics,7892.98,2,0,15785.97,South,Net Banking,53,0,2,11,Nov,Sunday,4
ORD101717,2023-09-08 06:46:00,Sports,1671.73,1,10,1504.56,North,Debit Card,38,0,3,9,Sep,Friday,3
ORD101718,2023-11-11 02:10:00,Beauty,1113.21,1,15,946.23,Central,UPI,22,1,5,11,Nov,Saturday,4
ORD101719,2023-09-18 11:31:00,Beauty,1371.47,2,10,2468.65,Central,Credit Card,38,0,5,9,Sep,Monday,3
ORD101720,2023-12-31 11:33:00,Books,500.61,3,20,1201.47,West,Debit Card,46,0,4,12,Dec,Sunday,4
ORD101721,2023-08-31 08:37:00,Home & Kitchen,2444.4,1,0,2444.4,West,Debit Card,40,0,3,8,Aug,Thursday,3
ORD101722,2023-11-29 01:13:00,Sports,1475.16,2,5,2802.81,South,Net Banking,18,0,4,11,Nov,Wednesday,4
ORD101723,2023-05-01 12:13:00,Home & Kitchen,3999.53,1,15,3399.6,East,Credit Card,52,0,4,5,May,Monday,2
ORD101724,2023-10-20 05:59:00,Home & Kitchen,1642.11,3,0,4926.33,East,UPI,61,0,4,10,Oct,Friday,4
ORD101725,2023-03-10 02:18:00,Electronics,11914.45,1,10,10723.01,West,Credit Card,42,1,3,3,Mar,Friday,1
ORD101726,2023-10-26 01:29:00,Clothing,1530.21,1,5,1453.7,Central,Debit Card,39,0,3,10,Oct,Thursday,4
ORD101727,2023-08-19 14:27:00,Home & Kitchen,2082.11,1,0,2082.11,West,UPI,33,0,5,8,Aug,Saturday,3
ORD101728,2023-06-12 08:24:00,Home & Kitchen,283.13,1,5,268.98,North,UPI,45,0,5,6,Jun,Monday,2
ORD101729,2023-05-16 20:04:00,Clothing,860.51,2,5,1634.97,East,COD,45,0,4,5,May,Tuesday,2
ORD101730,2023-09-14 16:34:00,Books,332.63,1,5,316.0,North,Debit Card,32,0,5,9,Sep,Thursday,3
ORD101731,2023-02-20 03:04:00,Clothing,1731.38,2,20,2770.22,East,UPI,25,0,2,2,Feb,Monday,1
ORD101732,2023-06-20 06:43:00,Clothing,692.92,1,0,692.92,East,UPI,30,0,4,6,Jun,Tuesday,2
ORD101733,2023-12-16 08:12:00,Beauty,1001.69,3,10,2704.57,Central,COD,34,0,1,12,Dec,Saturday,4
ORD101734,2023-10-06 08:00:00,Beauty,839.24,5,0,4196.22,East,UPI,31,0,1,10,Oct,Friday,4
ORD101735,2023-07-26 12:52:00,Books,426.18,1,5,404.87,Central,Debit Card,61,1,3,7,Jul,Wednesday,3
ORD101736,2023-08-30 20:32:00,Electronics,9343.58,1,0,9343.58,South,Net Banking,50,0,4,8,Aug,Wednesday,3
ORD101737,2023-04-27 23:47:00,Clothing,2116.28,1,20,1693.02,South,Credit Card,55,0,3,4,Apr,Thursday,2
ORD101738,2023-10-28 17:48:00,Sports,787.45,1,15,669.33,West,Debit Card,47,0,4,10,Oct,Saturday,4
ORD101739,2023-06-24 02:20:00,Home & Kitchen,1827.94,1,0,1827.94,South,Credit Card,61,0,3,6,Jun,Saturday,2
ORD101740,2023-08-02 06:28:00,Beauty,356.52,3,0,1069.57,West,Net Banking,47,1,4,8,Aug,Wednesday,3
ORD101741,2023-07-11 04:36:00,Electronics,5485.07,3,20,13164.17,South,UPI,33,0,5,7,Jul,Tuesday,3
ORD101742,2023-01-05 15:51:00,Beauty,369.56,2,10,665.21,East,UPI,31,0,4,1,Jan,Thursday,1
ORD101743,2023-08-06 21:48:00,Home & Kitchen,4594.25,1,10,4134.82,West,Debit Card,43,0,3,8,Aug,Sunday,3
ORD101744,2023-10-03 09:20:00,Beauty,1084.06,1,10,975.66,Central,UPI,50,0,4,10,Oct,Tuesday,4
ORD101745,2023-03-13 04:21:00,Electronics,12971.01,3,0,38913.04,Central,Debit Card,55,0,2,3,Mar,Monday,1
ORD101746,2023-11-08 18:55:00,Sports,1837.66,1,0,1837.66,West,COD,60,0,3,11,Nov,Wednesday,4
ORD101747,2023-07-20 02:34:00,Clothing,1430.45,1,10,1287.41,West,UPI,29,0,5,7,Jul,Thursday,3
ORD101748,2023-06-18 18:28:00,Electronics,6121.07,1,0,6121.07,East,UPI,38,1,5,6,Jun,Sunday,2
ORD101749,2023-12-12 17:11:00,Electronics,14237.66,3,15,36306.04,North,Net Banking,26,0,4,12,Dec,Tuesday,4
ORD101750,2023-09-08 00:11:00,Sports,1101.07,1,5,1046.02,South,UPI,50,1,4,9,Sep,Friday,3
ORD101751,2023-05-26 06:14:00,Home & Kitchen,866.86,1,5,823.52,East,Debit Card,28,0,3,5,May,Friday,2
ORD101752,2023-08-21 01:23:00,Electronics,13690.52,1,10,12321.46,Central,UPI,37,1,2,8,Aug,Monday,3
ORD101753,2023-07-30 12:10:00,Books,613.38,1,0,613.38,North,UPI,62,0,2,7,Jul,Sunday,3
ORD101754,2023-09-02 23:04:00,Home & Kitchen,3388.38,1,5,3218.96,West,COD,53,0,3,9,Sep,Saturday,3
ORD101755,2023-03-08 06:19:00,Clothing,176.28,1,0,176.28,West,Net Banking,60,0,4,3,Mar,Wednesday,1
ORD101756,2023-09-01 05:38:00,Beauty,1091.24,5,10,4910.6,Central,COD,46,0,4,9,Sep,Friday,3
ORD101757,2023-04-14 16:45:00,Sports,1566.96,1,5,1488.62,West,UPI,60,0,5,4,Apr,Friday,2
ORD101758,2023-03-15 14:04:00,Electronics,9045.23,1,0,9045.23,West,Credit Card,47,0,4,3,Mar,Wednesday,1
ORD101759,2023-09-27 10:58:00,Clothing,1517.33,2,5,2882.93,Central,Net Banking,42,0,4,9,Sep,Wednesday,3
ORD101760,2023-08-25 18:02:00,Home & Kitchen,2708.31,1,0,2708.31,North,UPI,63,0,4,8,Aug,Friday,3
ORD101761,2023-06-27 22:53:00,Home & Kitchen,1911.57,1,5,1815.99,East,UPI,30,0,1,6,Jun,Tuesday,2
ORD101762,2023-08-01 07:11:00,Clothing,1207.63,2,15,2052.97,Central,Debit Card,57,0,5,8,Aug,Tuesday,3
ORD101763,2023-07-16 21:11:00,Home & Kitchen,1908.2,1,5,1812.79,Central,UPI,64,0,4,7,Jul,Sunday,3
ORD101764,2023-01-23 07:56:00,Beauty,843.2,4,0,3372.78,South,UPI,36,0,4,1,Jan,Monday,1
ORD101765,2023-10-03 09:42:00,Beauty,466.67,1,10,420.0,North,Debit Card,46,0,2,10,Oct,Tuesday,4
ORD101766,2023-04-22 15:26:00,Beauty,642.41,3,10,1734.52,Central,UPI,30,0,3,4,Apr,Saturday,2
ORD101767,2023-02-09 03:32:00,Books,434.62,1,0,434.62,East,Credit Card,54,0,4,2,Feb,Thursday,1
ORD101768,2023-05-10 06:32:00,Clothing,2038.3,1,5,1936.38,North,Credit Card,21,0,5,5,May,Wednesday,2
ORD101769,2023-11-24 22:43:00,Electronics,8692.97,1,10,7823.67,West,UPI,41,0,5,11,Nov,Friday,4
ORD101770,2023-07-24 06:25:00,Beauty,724.12,1,10,651.71,North,UPI,62,0,4,7,Jul,Monday,3
ORD101771,2023-12-30 04:20:00,Electronics,9067.15,1,5,8613.8,West,Credit Card,61,0,3,12,Dec,Saturday,4
ORD101772,2023-02-12 17:42:00,Electronics,8916.6,5,0,44582.98,South,Debit Card,38,0,5,2,Feb,Sunday,1
ORD101773,2023-03-13 15:52:00,Home & Kitchen,2694.56,2,0,5389.13,East,Net Banking,47,0,5,3,Mar,Monday,1
ORD101774,2023-01-10 19:06:00,Clothing,1264.23,1,0,1264.23,South,UPI,35,0,4,1,Jan,Tuesday,1
ORD101775,2023-07-20 05:04:00,Sports,1386.09,1,5,1316.78,North,Debit Card,37,0,4,7,Jul,Thursday,3
ORD101776,2023-08-14 11:11:00,Clothing,1785.1,1,0,1785.1,South,Debit Card,63,0,4,8,Aug,Monday,3
ORD101777,2023-09-30 06:28:00,Beauty,1352.71,2,10,2434.87,North,Net Banking,29,0,5,9,Sep,Saturday,3
ORD101778,2023-11-25 21:45:00,Sports,1835.19,1,0,1835.19,North,UPI,48,0,3,11,Nov,Saturday,4
ORD101779,2023-08-16 01:38:00,Books,348.28,1,10,313.45,North,UPI,26,0,4,8,Aug,Wednesday,3
ORD101780,2023-04-14 07:23:00,Home & Kitchen,1329.35,1,5,1262.88,South,UPI,51,0,5,4,Apr,Friday,2
ORD101781,2023-08-04 00:00:00,Electronics,6003.75,4,20,19212.0,East,Net Banking,63,0,3,8,Aug,Friday,3
ORD101782,2023-12-09 02:14:00,Beauty,766.04,3,0,2298.12,North,Debit Card,62,0,3,12,Dec,Saturday,4
ORD101783,2023-03-27 23:10:00,Beauty,550.3,1,0,550.3,North,Credit Card,64,0,5,3,Mar,Monday,1
ORD101784,2023-06-17 10:35:00,Electronics,4701.43,1,15,3996.21,South,Debit Card,39,0,4,6,Jun,Saturday,2
ORD101785,2023-07-22 13:07:00,Sports,3027.68,1,5,2876.29,South,UPI,62,0,5,7,Jul,Saturday,3
ORD101786,2023-06-15 05:00:00,Books,212.81,4,5,808.69,West,Debit Card,48,0,5,6,Jun,Thursday,2
ORD101787,2023-07-19 06:29:00,Electronics,4977.33,3,5,14185.39,South,UPI,36,0,4,7,Jul,Wednesday,3
ORD101788,2023-11-29 19:23:00,Books,437.44,4,15,1487.3,North,UPI,35,0,4,11,Nov,Wednesday,4
ORD101789,2023-07-30 09:49:00,Clothing,100.0,1,5,95.0,Central,Credit Card,33,0,4,7,Jul,Sunday,3
ORD101790,2023-12-31 17:50:00,Electronics,11754.23,1,5,11166.52,Central,UPI,63,0,4,12,Dec,Sunday,4
ORD101791,2023-11-04 10:40:00,Electronics,5514.77,1,10,4963.29,West,Debit Card,45,0,5,11,Nov,Saturday,4
ORD101792,2023-03-10 10:11:00,Beauty,1185.36,1,5,1126.09,East,COD,18,0,5,3,Mar,Friday,1
ORD101793,2023-09-04 02:21:00,Beauty,1134.29,1,0,1134.29,North,Credit Card,58,0,4,9,Sep,Monday,3
ORD101794,2023-08-18 12:32:00,Sports,1770.97,1,0,1770.97,South,Credit Card,24,0,4,8,Aug,Friday,3
ORD101795,2023-01-07 07:01:00,Beauty,955.95,1,5,908.15,Central,Debit Card,41,0,4,1,Jan,Saturday,1
ORD101796,2023-06-08 07:47:00,Electronics,6618.72,3,5,18863.36,West,Debit Card,30,0,4,6,Jun,Thursday,2
ORD101797,2023-02-10 01:08:00,Sports,1771.36,1,0,1771.36,East,Credit Card,39,0,5,2,Feb,Friday,1
ORD101798,2023-03-19 12:13:00,Clothing,880.3,1,0,880.3,North,UPI,24,0,5,3,Mar,Sunday,1
ORD101799,2023-11-03 14:47:00,Beauty,714.95,2,20,1143.92,East,UPI,23,0,5,11,Nov,Friday,4
ORD101800,2023-11-26 01:33:00,Books,524.57,1,0,524.57,West,Debit Card,25,0,5,11,Nov,Sunday,4
ORD101801,2023-01-13 07:54:00,Books,264.13,1,10,237.72,East,UPI,59,0,3,1,Jan,Friday,1
ORD101802,2023-10-04 01:58:00,Clothing,1310.02,1,0,1310.02,South,Net Banking,45,0,3,10,Oct,Wednesday,4
ORD101803,2023-04-24 19:55:00,Beauty,954.26,1,0,954.26,West,Credit Card,34,1,2,4,Apr,Monday,2
ORD101804,2023-08-15 20:00:00,Clothing,2084.9,1,10,1876.41,North,Net Banking,57,0,4,8,Aug,Tuesday,3
ORD101805,2023-04-09 01:40:00,Electronics,12245.4,2,0,24490.81,South,COD,42,1,1,4,Apr,Sunday,2
ORD101806,2023-02-16 05:37:00,Clothing,757.14,1,0,757.14,Central,Net Banking,31,0,2,2,Feb,Thursday,1
ORD101807,2023-05-01 16:05:00,Clothing,887.58,5,0,4437.91,West,Debit Card,41,0,4,5,May,Monday,2
ORD101808,2023-03-26 23:12:00,Books,205.6,2,0,411.21,South,Credit Card,22,0,3,3,Mar,Sunday,1
ORD101809,2023-05-08 09:18:00,Sports,1675.66,2,15,2848.63,Central,Credit Card,30,0,4,5,May,Monday,2
ORD101810,2023-04-14 08:55:00,Beauty,702.49,1,10,632.24,West,UPI,59,0,2,4,Apr,Friday,2
ORD101811,2023-07-23 12:10:00,Books,310.82,2,0,621.65,West,Credit Card,56,0,4,7,Jul,Sunday,3
ORD101812,2023-11-09 23:27:00,Sports,2424.16,1,10,2181.75,South,Net Banking,33,0,4,11,Nov,Thursday,4
ORD101813,2023-01-11 12:27:00,Home & Kitchen,1435.86,1,10,1292.27,North,Debit Card,38,0,1,1,Jan,Wednesday,1
ORD101814,2023-11-01 17:09:00,Books,644.67,1,10,580.2,Central,Debit Card,24,0,2,11,Nov,Wednesday,4
ORD101815,2023-07-14 14:19:00,Books,290.05,4,0,1160.2,West,UPI,49,0,4,7,Jul,Friday,3
ORD101816,2023-11-07 15:04:00,Sports,839.31,1,0,839.31,East,UPI,32,0,3,11,Nov,Tuesday,4
ORD101817,2023-04-11 04:58:00,Home & Kitchen,1955.49,1,5,1857.72,South,UPI,51,0,5,4,Apr,Tuesday,2
ORD101818,2023-07-11 15:25:00,Sports,2524.05,1,0,2524.05,West,COD,37,0,5,7,Jul,Tuesday,3
ORD101819,2023-07-11 12:31:00,Beauty,1188.45,1,5,1129.03,East,Debit Card,22,0,4,7,Jul,Tuesday,3
ORD101820,2023-02-06 13:56:00,Sports,2212.8,1,0,2212.8,North,COD,22,0,4,2,Feb,Monday,1
ORD101821,2023-07-17 18:10:00,Electronics,5365.09,3,0,16095.26,South,Debit Card,27,0,4,7,Jul,Monday,3
ORD101822,2023-06-28 16:45:00,Books,455.29,2,0,910.59,West,Debit Card,42,0,5,6,Jun,Wednesday,2
ORD101823,2023-12-23 01:41:00,Books,120.52,2,5,228.98,West,COD,52,0,5,12,Dec,Saturday,4
ORD101824,2023-05-07 07:30:00,Beauty,1176.19,1,5,1117.38,North,COD,37,0,4,5,May,Sunday,2
ORD101825,2023-11-20 22:43:00,Books,584.18,1,0,584.18,North,Debit Card,62,0,4,11,Nov,Monday,4
ORD101826,2023-03-17 08:38:00,Beauty,769.48,1,0,769.48,West,COD,63,0,1,3,Mar,Friday,1
ORD101827,2023-05-11 07:38:00,Clothing,1044.16,2,0,2088.32,Central,COD,32,0,5,5,May,Thursday,2
ORD101828,2023-01-07 03:49:00,Clothing,1747.72,1,0,1747.72,North,Debit Card,37,0,4,1,Jan,Saturday,1
ORD101829,2023-07-23 22:37:00,Home & Kitchen,2131.93,2,20,3411.09,North,Credit Card,48,0,4,7,Jul,Sunday,3
ORD101830,2023-08-05 05:53:00,Clothing,1815.23,1,5,1724.47,West,UPI,49,0,4,8,Aug,Saturday,3
ORD101831,2023-09-14 17:42:00,Books,479.12,1,5,455.17,West,Credit Card,29,0,4,9,Sep,Thursday,3
ORD101832,2023-07-30 23:55:00,Beauty,223.26,1,5,212.1,North,UPI,34,1,5,7,Jul,Sunday,3
ORD101833,2023-06-26 04:17:00,Sports,2101.71,2,0,4203.41,South,COD,62,0,2,6,Jun,Monday,2
ORD101834,2023-12-24 09:00:00,Home & Kitchen,2055.21,1,0,2055.21,South,Net Banking,33,0,4,12,Dec,Sunday,4
ORD101835,2023-02-19 02:49:00,Electronics,10370.22,2,5,19703.43,West,Credit Card,50,0,2,2,Feb,Sunday,1
ORD101836,2023-05-28 23:27:00,Beauty,769.12,2,0,1538.24,South,UPI,27,0,2,5,May,Sunday,2
ORD101837,2023-12-27 04:12:00,Clothing,1724.06,1,5,1637.86,West,UPI,58,0,5,12,Dec,Wednesday,4
ORD101838,2023-08-19 18:52:00,Electronics,2760.07,1,5,2622.07,South,UPI,54,0,3,8,Aug,Saturday,3
ORD101839,2023-04-04 06:16:00,Electronics,8349.55,1,10,7514.6,West,Credit Card,42,0,5,4,Apr,Tuesday,2
ORD101840,2023-02-25 20:10:00,Sports,3524.49,1,10,3172.04,North,UPI,47,0,1,2,Feb,Saturday,1
ORD101841,2023-03-05 08:04:00,Home & Kitchen,2112.87,1,5,2007.23,East,UPI,52,1,5,3,Mar,Sunday,1
ORD101842,2023-09-02 15:43:00,Clothing,821.93,1,0,821.93,North,UPI,57,0,4,9,Sep,Saturday,3
ORD101843,2023-01-04 21:37:00,Books,274.54,1,15,233.36,North,UPI,45,0,4,1,Jan,Wednesday,1
ORD101844,2023-01-04 12:38:00,Sports,1878.53,4,15,6387.0,Central,COD,28,0,5,1,Jan,Wednesday,1
ORD101845,2023-09-06 15:48:00,Books,393.64,1,20,314.91,East,Credit Card,45,0,4,9,Sep,Wednesday,3
ORD101846,2023-07-09 21:56:00,Books,352.69,3,10,952.25,East,COD,30,0,4,7,Jul,Sunday,3
ORD101847,2023-07-04 21:25:00,Clothing,623.32,1,15,529.82,West,Credit Card,49,0,5,7,Jul,Tuesday,3
ORD101848,2023-06-19 03:00:00,Books,439.28,1,0,439.28,West,Net Banking,60,0,4,6,Jun,Monday,2
ORD101849,2023-03-13 00:38:00,Home & Kitchen,1814.99,2,5,3448.47,North,Net Banking,63,0,4,3,Mar,Monday,1
ORD101850,2023-12-25 07:23:00,Books,245.88,2,5,467.17,West,Credit Card,29,0,3,12,Dec,Monday,4
ORD101851,2023-09-01 16:26:00,Beauty,1154.73,1,0,1154.73,South,UPI,44,0,3,9,Sep,Friday,3
ORD101852,2023-06-14 00:40:00,Beauty,623.05,2,10,1121.49,East,Net Banking,25,1,4,6,Jun,Wednesday,2
ORD101853,2023-06-16 21:28:00,Beauty,1060.99,1,5,1007.94,South,Credit Card,36,0,4,6,Jun,Friday,2
ORD101854,2023-11-10 02:22:00,Home & Kitchen,973.36,1,0,973.36,West,COD,40,0,4,11,Nov,Friday,4
ORD101855,2023-12-04 22:57:00,Home & Kitchen,2226.36,1,5,2115.04,North,Debit Card,46,0,4,12,Dec,Monday,4
ORD101856,2023-11-07 06:45:00,Books,569.59,1,0,569.59,South,Net Banking,27,0,5,11,Nov,Tuesday,4
ORD101857,2023-09-16 01:08:00,Sports,1726.06,1,10,1553.45,West,Debit Card,20,0,4,9,Sep,Saturday,3
ORD101858,2023-12-11 17:55:00,Books,384.43,3,0,1153.28,West,UPI,18,0,4,12,Dec,Monday,4
ORD101859,2023-03-01 15:42:00,Home & Kitchen,1255.63,2,10,2260.14,Central,UPI,45,0,4,3,Mar,Wednesday,1
ORD101860,2023-03-29 21:44:00,Clothing,818.73,5,15,3479.59,North,UPI,58,0,5,3,Mar,Wednesday,1
ORD101861,2023-01-15 05:59:00,Beauty,915.88,1,0,915.88,East,COD,32,0,5,1,Jan,Sunday,1
ORD101862,2023-04-23 23:16:00,Books,438.63,3,0,1315.9,West,COD,27,0,4,4,Apr,Sunday,2
ORD101863,2023-03-05 21:08:00,Beauty,1389.83,1,0,1389.83,Central,Debit Card,34,0,2,3,Mar,Sunday,1
ORD101864,2023-02-16 22:21:00,Home & Kitchen,2422.01,1,0,2422.01,South,COD,42,0,4,2,Feb,Thursday,1
ORD101865,2023-02-03 20:21:00,Sports,2024.13,1,5,1922.92,West,COD,38,0,4,2,Feb,Friday,1
ORD101866,2023-07-15 20:41:00,Beauty,879.54,1,5,835.56,Central,COD,26,0,3,7,Jul,Saturday,3
ORD101867,2023-04-30 07:16:00,Home & Kitchen,2075.86,1,0,2075.86,North,UPI,32,0,4,4,Apr,Sunday,2
ORD101868,2023-02-15 10:47:00,Electronics,6245.96,4,5,23734.66,Central,COD,45,0,4,2,Feb,Wednesday,1
ORD101869,2023-03-01 18:23:00,Beauty,1356.03,2,10,2440.85,South,Net Banking,31,0,4,3,Mar,Wednesday,1
ORD101870,2023-10-23 23:00:00,Home & Kitchen,3113.25,3,10,8405.77,East,UPI,21,0,5,10,Oct,Monday,4
ORD101871,2023-04-08 12:27:00,Sports,1059.61,2,0,2119.22,East,Debit Card,23,0,4,4,Apr,Saturday,2
ORD101872,2023-03-06 16:42:00,Beauty,838.79,3,5,2390.56,Central,Credit Card,27,0,5,3,Mar,Monday,1
ORD101873,2023-07-22 00:34:00,Electronics,8672.45,1,0,8672.45,West,UPI,41,1,4,7,Jul,Saturday,3
ORD101874,2023-04-23 15:43:00,Books,343.73,2,0,687.47,West,UPI,38,0,1,4,Apr,Sunday,2
ORD101875,2023-03-16 23:42:00,Books,635.28,2,10,1143.5,North,Credit Card,18,0,4,3,Mar,Thursday,1
ORD101876,2023-09-15 22:07:00,Books,554.92,2,15,943.37,East,COD,23,0,3,9,Sep,Friday,3
ORD101877,2023-10-21 15:40:00,Beauty,824.27,1,15,700.63,South,Credit Card,49,1,5,10,Oct,Saturday,4
ORD101878,2023-07-12 01:51:00,Beauty,790.71,1,15,672.11,East,UPI,24,0,3,7,Jul,Wednesday,3
ORD101879,2023-04-18 23:59:00,Beauty,1507.53,2,5,2864.3,South,Debit Card,36,0,4,4,Apr,Tuesday,2
ORD101880,2023-04-02 15:46:00,Electronics,12268.59,1,0,12268.59,West,UPI,61,0,4,4,Apr,Sunday,2
ORD101881,2023-03-23 00:35:00,Beauty,1256.31,1,5,1193.5,West,UPI,34,0,4,3,Mar,Thursday,1
ORD101882,2023-08-31 11:48:00,Beauty,957.63,2,15,1627.98,West,UPI,48,0,3,8,Aug,Thursday,3
ORD101883,2023-05-25 09:44:00,Sports,1866.08,1,0,1866.08,South,Debit Card,48,0,5,5,May,Thursday,2
ORD101884,2023-07-21 03:08:00,Sports,3034.53,5,0,15172.67,East,Debit Card,47,0,4,7,Jul,Friday,3
ORD101885,2023-01-28 22:19:00,Sports,2404.16,2,10,4327.49,West,Debit Card,21,0,2,1,Jan,Saturday,1
ORD101886,2023-03-12 14:44:00,Sports,2313.01,1,5,2197.36,West,UPI,64,0,4,3,Mar,Sunday,1
ORD101887,2023-04-18 06:51:00,Clothing,943.34,3,10,2547.01,South,Debit Card,35,0,5,4,Apr,Tuesday,2
ORD101888,2023-07-05 23:54:00,Electronics,6379.99,1,0,6379.99,Central,UPI,29,0,4,7,Jul,Wednesday,3
ORD101889,2023-07-12 13:43:00,Clothing,1559.8,1,10,1403.82,South,COD,44,0,2,7,Jul,Wednesday,3
ORD101890,2023-07-02 15:11:00,Electronics,10655.11,1,5,10122.35,North,UPI,43,0,4,7,Jul,Sunday,3
ORD101891,2023-11-29 10:37:00,Sports,1715.48,1,0,1715.48,West,COD,25,1,3,11,Nov,Wednesday,4
ORD101892,2023-07-26 07:02:00,Beauty,1317.63,2,0,2635.26,North,UPI,62,0,4,7,Jul,Wednesday,3
ORD101893,2023-06-04 22:38:00,Home & Kitchen,1974.78,1,15,1678.56,South,Debit Card,35,0,1,6,Jun,Sunday,2
ORD101894,2023-12-21 21:42:00,Home & Kitchen,4306.06,1,10,3875.46,North,Debit Card,30,0,4,12,Dec,Thursday,4
ORD101895,2023-07-15 08:40:00,Beauty,918.0,1,0,918.0,West,UPI,23,0,5,7,Jul,Saturday,3
ORD101896,2023-03-01 02:07:00,Electronics,8641.5,1,15,7345.28,West,Debit Card,38,0,4,3,Mar,Wednesday,1
ORD101897,2023-04-26 00:37:00,Sports,2000.23,3,0,6000.69,Central,COD,25,0,4,4,Apr,Wednesday,2
ORD101898,2023-05-21 22:47:00,Home & Kitchen,3541.65,3,10,9562.45,North,Debit Card,31,0,5,5,May,Sunday,2
ORD101899,2023-07-16 15:41:00,Clothing,971.94,1,10,874.74,West,UPI,33,0,2,7,Jul,Sunday,3
ORD101900,2023-02-20 10:04:00,Clothing,988.08,1,5,938.68,Central,UPI,52,0,2,2,Feb,Monday,1
ORD101901,2023-01-11 12:35:00,Beauty,670.32,1,10,603.28,Central,Debit Card,49,0,5,1,Jan,Wednesday,1
ORD101902,2023-09-08 02:33:00,Sports,1283.57,2,5,2438.79,Central,Credit Card,38,0,3,9,Sep,Friday,3
ORD101903,2023-03-05 06:42:00,Beauty,314.88,3,0,944.63,North,UPI,58,0,4,3,Mar,Sunday,1
ORD101904,2023-12-22 05:00:00,Sports,570.61,1,0,570.61,Central,Credit Card,57,0,1,12,Dec,Friday,4
ORD101905,2023-03-04 01:08:00,Books,244.64,1,20,195.71,Central,UPI,25,1,4,3,Mar,Saturday,1
ORD101906,2023-02-14 17:16:00,Clothing,1516.55,1,0,1516.55,North,UPI,44,1,5,2,Feb,Tuesday,1
ORD101907,2023-09-17 09:23:00,Electronics,10927.02,2,5,20761.34,Central,UPI,44,1,4,9,Sep,Sunday,3
ORD101908,2023-01-01 07:19:00,Beauty,461.13,1,15,391.96,North,COD,51,0,3,1,Jan,Sunday,1
ORD101909,2023-05-31 21:34:00,Sports,2102.02,2,0,4204.04,West,UPI,55,0,3,5,May,Wednesday,2
ORD101910,2023-12-22 10:33:00,Home & Kitchen,2466.21,1,5,2342.9,East,Credit Card,25,0,4,12,Dec,Friday,4
ORD101911,2023-04-18 22:06:00,Sports,2191.88,2,15,3726.2,North,UPI,27,0,4,4,Apr,Tuesday,2
ORD101912,2023-03-14 09:54:00,Clothing,1033.12,4,15,3512.61,South,COD,47,0,4,3,Mar,Tuesday,1
ORD101913,2023-10-10 06:37:00,Sports,2434.33,2,0,4868.66,East,UPI,21,0,4,10,Oct,Tuesday,4
ORD101914,2023-11-15 13:04:00,Beauty,791.01,1,15,672.36,Central,UPI,64,0,1,11,Nov,Wednesday,4
ORD101915,2023-11-29 05:25:00,Home & Kitchen,2437.26,1,0,2437.26,West,UPI,60,0,3,11,Nov,Wednesday,4
ORD101916,2023-12-13 13:44:00,Books,315.58,5,0,1577.9,South,Credit Card,43,0,4,12,Dec,Wednesday,4
ORD101917,2023-11-19 23:17:00,Electronics,13313.58,1,5,12647.9,South,Debit Card,45,0,4,11,Nov,Sunday,4
ORD101918,2023-12-03 20:52:00,Sports,1642.25,1,0,1642.25,Central,Credit Card,19,0,4,12,Dec,Sunday,4
ORD101919,2023-03-20 10:50:00,Home & Kitchen,3533.33,1,10,3180.0,West,UPI,18,0,1,3,Mar,Monday,1
ORD101920,2023-05-07 02:17:00,Sports,1709.16,1,10,1538.24,North,Credit Card,39,0,2,5,May,Sunday,2
ORD101921,2023-10-08 13:04:00,Beauty,892.59,2,0,1785.17,East,Debit Card,62,0,5,10,Oct,Sunday,4
ORD101922,2023-06-20 08:09:00,Books,579.53,1,10,521.58,South,UPI,22,0,5,6,Jun,Tuesday,2
ORD101923,2023-07-13 07:24:00,Electronics,7691.06,3,0,23073.17,North,Debit Card,43,0,2,7,Jul,Thursday,3
ORD101924,2023-03-31 16:46:00,Electronics,7951.59,1,15,6758.85,East,Credit Card,60,0,3,3,Mar,Friday,1
ORD101925,2023-02-18 16:22:00,Home & Kitchen,1502.16,1,10,1351.94,Central,Net Banking,50,1,4,2,Feb,Saturday,1
ORD101926,2023-05-19 19:06:00,Sports,1494.44,1,10,1345.0,North,UPI,21,0,4,5,May,Friday,2
ORD101927,2023-04-03 11:51:00,Home & Kitchen,3057.34,1,10,2751.61,Central,Credit Card,62,0,5,4,Apr,Monday,2
ORD101928,2023-09-02 18:08:00,Home & Kitchen,684.81,4,15,2328.34,East,UPI,54,0,2,9,Sep,Saturday,3
ORD101929,2023-03-21 21:08:00,Sports,4280.85,1,20,3424.68,South,UPI,34,0,5,3,Mar,Tuesday,1
ORD101930,2023-05-17 01:58:00,Beauty,842.0,1,15,715.7,East,Debit Card,46,0,3,5,May,Wednesday,2
ORD101931,2023-12-14 19:26:00,Clothing,1648.4,1,5,1565.98,West,UPI,31,0,4,12,Dec,Thursday,4
ORD101932,2023-08-28 16:18:00,Books,489.17,3,0,1467.5,East,COD,45,0,4,8,Aug,Monday,3
ORD101933,2023-04-28 09:40:00,Sports,1601.9,1,15,1361.62,North,COD,40,0,4,4,Apr,Friday,2
ORD101934,2023-06-10 02:40:00,Home & Kitchen,1953.24,3,0,5859.71,North,UPI,58,0,5,6,Jun,Saturday,2
ORD101935,2023-02-17 05:36:00,Clothing,1746.5,1,5,1659.17,North,UPI,24,0,4,2,Feb,Friday,1
ORD101936,2023-10-11 15:51:00,Books,369.34,1,0,369.34,North,COD,48,0,4,10,Oct,Wednesday,4
ORD101937,2023-12-13 16:59:00,Home & Kitchen,1434.26,1,5,1362.55,South,Credit Card,37,0,5,12,Dec,Wednesday,4
ORD101938,2023-12-17 21:56:00,Sports,1324.04,2,5,2515.68,Central,Debit Card,29,1,4,12,Dec,Sunday,4
ORD101939,2023-01-08 19:12:00,Home & Kitchen,868.63,1,5,825.2,North,Debit Card,38,0,5,1,Jan,Sunday,1
ORD101940,2023-10-01 23:22:00,Beauty,553.03,1,10,497.73,South,COD,63,1,4,10,Oct,Sunday,4
ORD101941,2023-09-28 21:38:00,Beauty,1284.37,1,5,1220.15,North,Credit Card,19,1,4,9,Sep,Thursday,3
ORD101942,2023-12-12 16:57:00,Clothing,611.96,1,10,550.76,South,UPI,46,0,5,12,Dec,Tuesday,4
ORD101943,2023-03-10 16:22:00,Books,344.21,2,0,688.41,North,Credit Card,48,0,4,3,Mar,Friday,1
ORD101944,2023-03-29 11:07:00,Home & Kitchen,1846.99,3,5,5263.92,East,COD,34,1,2,3,Mar,Wednesday,1
ORD101945,2023-10-04 03:18:00,Clothing,1345.31,4,0,5381.24,East,Credit Card,49,0,4,10,Oct,Wednesday,4
ORD101946,2023-04-20 00:47:00,Books,500.13,2,0,1000.26,Central,UPI,42,0,5,4,Apr,Thursday,2
ORD101947,2023-11-26 16:52:00,Books,711.03,1,5,675.48,North,COD,42,0,5,11,Nov,Sunday,4
ORD101948,2023-09-07 01:22:00,Sports,2223.86,1,10,2001.47,North,Credit Card,62,0,5,9,Sep,Thursday,3
ORD101949,2023-06-02 11:06:00,Books,409.66,1,0,409.66,North,UPI,37,0,5,6,Jun,Friday,2
ORD101950,2023-04-06 12:22:00,Beauty,443.05,3,5,1262.69,North,UPI,21,0,4,4,Apr,Thursday,2
ORD101951,2023-04-12 02:33:00,Home & Kitchen,1774.87,2,0,3549.74,Central,Net Banking,64,0,3,4,Apr,Wednesday,2
ORD101952,2023-03-05 15:00:00,Home & Kitchen,1523.65,1,10,1371.29,South,Debit Card,52,0,5,3,Mar,Sunday,1
ORD101953,2023-04-26 15:25:00,Books,382.69,2,0,765.39,East,UPI,52,0,3,4,Apr,Wednesday,2
ORD101954,2023-04-04 17:51:00,Home & Kitchen,2450.26,2,10,4410.46,East,UPI,31,0,5,4,Apr,Tuesday,2
ORD101955,2023-12-03 14:10:00,Home & Kitchen,2659.01,2,5,5052.13,South,UPI,62,0,4,12,Dec,Sunday,4
ORD101956,2023-01-03 11:56:00,Home & Kitchen,2668.69,1,0,2668.69,South,UPI,47,0,4,1,Jan,Tuesday,1
ORD101957,2023-01-21 04:25:00,Books,505.8,1,10,455.22,West,Debit Card,60,0,5,1,Jan,Saturday,1
ORD101958,2023-03-24 21:12:00,Electronics,9354.12,4,0,37416.48,West,COD,47,0,5,3,Mar,Friday,1
ORD101959,2023-03-02 13:31:00,Books,522.98,1,0,522.98,Central,Credit Card,42,0,3,3,Mar,Thursday,1
ORD101960,2023-03-07 10:48:00,Beauty,838.99,1,10,755.09,West,Credit Card,40,0,3,3,Mar,Tuesday,1
ORD101961,2023-07-19 04:07:00,Beauty,1035.55,1,0,1035.55,North,Debit Card,56,0,4,7,Jul,Wednesday,3
ORD101962,2023-03-21 11:32:00,Clothing,1058.16,1,5,1005.25,North,Debit Card,25,0,5,3,Mar,Tuesday,1
ORD101963,2023-01-27 21:53:00,Clothing,319.83,3,0,959.48,East,Credit Card,29,0,5,1,Jan,Friday,1
ORD101964,2023-01-05 13:30:00,Sports,1813.35,3,15,4624.03,East,UPI,27,0,4,1,Jan,Thursday,1
ORD101965,2023-08-08 07:39:00,Electronics,12472.99,1,0,12472.99,South,Debit Card,27,0,4,8,Aug,Tuesday,3
ORD101966,2023-05-08 08:49:00,Clothing,883.51,1,5,839.33,North,Net Banking,58,0,5,5,May,Monday,2
ORD101967,2023-05-07 21:52:00,Beauty,869.88,5,5,4131.94,West,UPI,58,0,1,5,May,Sunday,2
ORD101968,2023-02-22 22:46:00,Beauty,1228.01,4,0,4912.03,Central,Credit Card,31,0,3,2,Feb,Wednesday,1
ORD101969,2023-10-30 20:40:00,Clothing,656.71,1,15,558.2,South,UPI,51,0,4,10,Oct,Monday,4
ORD101970,2023-07-25 01:17:00,Clothing,1532.88,1,0,1532.88,South,COD,43,0,5,7,Jul,Tuesday,3
ORD101971,2023-01-10 19:12:00,Home & Kitchen,4025.52,1,10,3622.97,North,Net Banking,55,0,5,1,Jan,Tuesday,1
ORD101972,2023-07-28 16:19:00,Home & Kitchen,3141.6,1,5,2984.52,South,UPI,29,0,5,7,Jul,Friday,3
ORD101973,2023-09-03 01:32:00,Home & Kitchen,1150.03,1,0,1150.03,West,Debit Card,36,1,5,9,Sep,Sunday,3
ORD101974,2023-02-26 08:23:00,Books,253.11,1,0,253.11,East,COD,51,0,4,2,Feb,Sunday,1
ORD101975,2023-08-03 07:20:00,Beauty,896.65,1,0,896.65,North,UPI,51,0,2,8,Aug,Thursday,3
ORD101976,2023-01-27 21:47:00,Electronics,6080.44,1,5,5776.42,East,UPI,19,0,3,1,Jan,Friday,1
ORD101977,2023-05-24 19:06:00,Home & Kitchen,3541.76,1,0,3541.76,West,UPI,45,0,4,5,May,Wednesday,2
ORD101978,2023-07-06 10:19:00,Home & Kitchen,659.55,1,10,593.59,North,UPI,59,0,2,7,Jul,Thursday,3
ORD101979,2023-12-16 17:49:00,Electronics,12981.13,1,5,12332.07,South,UPI,38,0,4,12,Dec,Saturday,4
ORD101980,2023-07-05 23:49:00,Beauty,1160.03,2,10,2088.06,Central,Credit Card,44,0,4,7,Jul,Wednesday,3
ORD101981,2023-05-02 20:17:00,Books,619.71,1,20,495.76,South,Credit Card,57,0,1,5,May,Tuesday,2
ORD101982,2023-02-24 04:40:00,Electronics,8761.32,3,10,23655.56,Central,UPI,18,0,5,2,Feb,Friday,1
ORD101983,2023-12-02 06:12:00,Sports,1094.55,3,0,3283.65,West,COD,64,0,4,12,Dec,Saturday,4
ORD101984,2023-10-07 19:21:00,Electronics,6482.82,2,0,12965.64,East,Debit Card,56,0,4,10,Oct,Saturday,4
ORD101985,2023-10-01 23:09:00,Clothing,1368.25,2,15,2326.02,North,UPI,34,0,5,10,Oct,Sunday,4
ORD101986,2023-10-09 22:16:00,Home & Kitchen,1902.97,1,0,1902.97,Central,COD,37,0,5,10,Oct,Monday,4
ORD101987,2023-08-18 20:45:00,Books,236.64,1,10,212.98,North,COD,37,0,4,8,Aug,Friday,3
ORD101988,2023-09-05 13:33:00,Electronics,11796.44,1,20,9437.15,Central,Debit Card,24,0,4,9,Sep,Tuesday,3
ORD101989,2023-11-03 08:44:00,Clothing,1444.43,2,0,2888.85,South,UPI,19,0,4,11,Nov,Friday,4
ORD101990,2023-02-01 22:12:00,Sports,1475.3,1,20,1180.24,West,Credit Card,21,0,4,2,Feb,Wednesday,1
ORD101991,2023-09-20 02:10:00,Sports,1031.27,1,10,928.14,West,Debit Card,52,0,5,9,Sep,Wednesday,3
ORD101992,2023-10-15 12:25:00,Home & Kitchen,1811.37,1,5,1720.8,Central,UPI,38,0,4,10,Oct,Sunday,4
ORD101993,2023-01-02 05:36:00,Clothing,883.28,1,5,839.11,South,Credit Card,44,0,5,1,Jan,Monday,1
ORD101994,2023-09-20 14:32:00,Electronics,6776.54,1,15,5760.06,Central,UPI,56,0,3,9,Sep,Wednesday,3
ORD101995,2023-06-01 22:17:00,Clothing,1635.85,2,5,3108.12,Central,UPI,35,0,4,6,Jun,Thursday,2
ORD101996,2023-01-24 17:15:00,Clothing,1296.65,2,0,2593.3,East,UPI,42,0,4,1,Jan,Tuesday,1
ORD101997,2023-05-23 04:17:00,Clothing,764.16,1,5,725.95,North,Debit Card,57,0,1,5,May,Tuesday,2
ORD101998,2023-04-18 17:07:00,Clothing,1109.8,1,20,887.84,North,Debit Card,32,0,4,4,Apr,Tuesday,2
ORD101999,2023-11-06 11:20:00,Beauty,1074.5,2,10,1934.1,North,COD,42,0,1,11,Nov,Monday,4
ORD102000,2023-05-16 23:08:00,Sports,1523.47,1,0,1523.47,West,Net Banking,51,0,5,5,May,Tuesday,2
ORD102001,2023-06-16 01:40:00,Books,446.36,1,5,424.04,North,Net Banking,57,0,3,6,Jun,Friday,2
ORD102002,2023-05-24 05:16:00,Clothing,859.89,1,10,773.9,North,Credit Card,21,0,1,5,May,Wednesday,2
ORD102003,2023-02-24 23:47:00,Sports,1503.65,2,0,3007.3,West,COD,50,1,4,2,Feb,Friday,1
ORD102004,2023-11-17 20:38:00,Books,574.29,1,5,545.57,Central,UPI,42,0,4,11,Nov,Friday,4
ORD102005,2023-04-23 10:17:00,Home & Kitchen,3547.29,1,0,3547.29,South,Credit Card,21,0,5,4,Apr,Sunday,2
ORD102006,2023-03-21 14:14:00,Home & Kitchen,3058.12,1,0,3058.12,West,UPI,59,0,5,3,Mar,Tuesday,1
ORD102007,2023-02-17 15:11:00,Home & Kitchen,3209.77,2,5,6098.56,West,UPI,54,0,4,2,Feb,Friday,1
ORD102008,2023-04-07 18:31:00,Clothing,1420.65,3,5,4048.86,South,Debit Card,35,1,5,4,Apr,Friday,2
ORD102009,2023-06-08 05:56:00,Electronics,10627.75,5,0,53138.74,South,Net Banking,51,0,4,6,Jun,Thursday,2
ORD102010,2023-11-08 06:04:00,Beauty,614.19,1,10,552.77,South,UPI,31,0,4,11,Nov,Wednesday,4
ORD102011,2023-08-21 20:25:00,Clothing,931.92,1,10,838.73,North,Debit Card,34,0,4,8,Aug,Monday,3
ORD102012,2023-01-07 19:06:00,Clothing,174.72,2,5,331.97,West,UPI,62,0,4,1,Jan,Saturday,1
ORD102013,2023-01-07 20:59:00,Electronics,5442.35,1,0,5442.35,North,UPI,50,0,5,1,Jan,Saturday,1
ORD102014,2023-05-18 04:40:00,Electronics,5190.65,1,0,5190.65,Central,UPI,57,0,5,5,May,Thursday,2
ORD102015,2023-02-24 17:47:00,Electronics,7183.38,1,0,7183.38,East,Net Banking,52,0,5,2,Feb,Friday,1
ORD102016,2023-04-14 04:30:00,Electronics,6626.64,2,0,13253.28,Central,Net Banking,29,1,5,4,Apr,Friday,2
ORD102017,2023-06-07 10:30:00,Clothing,1070.61,1,0,1070.61,South,UPI,38,0,5,6,Jun,Wednesday,2
ORD102018,2023-12-21 08:40:00,Sports,1612.31,2,0,3224.63,Central,UPI,19,0,4,12,Dec,Thursday,4
ORD102019,2023-02-22 17:18:00,Electronics,7172.0,3,5,20440.19,North,Credit Card,19,0,5,2,Feb,Wednesday,1
ORD102020,2023-03-14 00:58:00,Home & Kitchen,793.43,1,0,793.43,South,UPI,37,0,4,3,Mar,Tuesday,1
ORD102021,2023-07-17 04:22:00,Home & Kitchen,1999.11,1,20,1599.28,East,UPI,20,0,5,7,Jul,Monday,3
ORD102022,2023-07-16 21:56:00,Beauty,1013.67,1,10,912.3,North,Credit Card,56,0,5,7,Jul,Sunday,3
ORD102023,2023-04-25 03:18:00,Electronics,8000.66,1,0,8000.66,East,UPI,58,0,5,4,Apr,Tuesday,2
ORD102024,2023-03-02 11:59:00,Books,457.19,4,0,1828.75,North,Net Banking,32,0,5,3,Mar,Thursday,1
ORD102025,2023-03-19 05:27:00,Sports,1771.58,1,0,1771.58,Central,UPI,40,0,3,3,Mar,Sunday,1
ORD102026,2023-12-14 13:09:00,Clothing,1119.49,2,15,1903.14,East,Debit Card,46,0,4,12,Dec,Thursday,4
ORD102027,2023-06-28 03:17:00,Books,296.11,2,0,592.23,West,Debit Card,48,0,4,6,Jun,Wednesday,2
ORD102028,2023-12-31 02:50:00,Books,100.0,2,5,190.0,North,Net Banking,44,0,3,12,Dec,Sunday,4
ORD102029,2023-12-02 04:20:00,Clothing,1215.81,2,10,2188.46,South,UPI,40,0,4,12,Dec,Saturday,4
ORD102030,2023-09-02 02:07:00,Beauty,1200.68,1,10,1080.61,Central,Credit Card,49,0,5,9,Sep,Saturday,3
ORD102031,2023-05-23 04:05:00,Beauty,775.78,2,0,1551.56,East,COD,64,0,4,5,May,Tuesday,2
ORD102032,2023-07-17 11:20:00,Clothing,1344.44,1,5,1277.22,West,Credit Card,50,0,1,7,Jul,Monday,3
ORD102033,2023-07-31 19:50:00,Beauty,1052.65,2,0,2105.3,East,UPI,52,0,4,7,Jul,Monday,3
ORD102034,2023-05-06 12:26:00,Beauty,863.69,1,20,690.95,Central,Credit Card,55,0,5,5,May,Saturday,2
ORD102035,2023-09-10 17:34:00,Sports,2309.02,1,5,2193.57,South,UPI,56,1,4,9,Sep,Sunday,3
ORD102036,2023-08-04 16:36:00,Sports,1656.3,1,0,1656.3,South,Debit Card,57,0,4,8,Aug,Friday,3
ORD102037,2023-07-05 00:13:00,Clothing,1324.02,2,0,2648.04,North,UPI,41,0,3,7,Jul,Wednesday,3
ORD102038,2023-03-10 03:03:00,Home & Kitchen,3023.68,2,5,5745.0,East,UPI,26,0,5,3,Mar,Friday,1
ORD102039,2023-05-31 14:09:00,Clothing,2191.24,1,10,1972.11,Central,COD,36,0,4,5,May,Wednesday,2
ORD102040,2023-05-05 06:52:00,Home & Kitchen,1535.37,1,0,1535.37,South,UPI,19,0,5,5,May,Friday,2
ORD102041,2023-03-02 22:45:00,Clothing,1036.81,2,0,2073.61,South,UPI,38,1,5,3,Mar,Thursday,1
ORD102042,2023-12-23 13:23:00,Electronics,10287.95,1,0,10287.95,North,Debit Card,25,0,5,12,Dec,Saturday,4
ORD102043,2023-10-25 02:30:00,Beauty,993.6,2,0,1987.21,Central,Net Banking,23,0,3,10,Oct,Wednesday,4
ORD102044,2023-03-17 11:09:00,Electronics,9177.24,1,5,8718.38,North,UPI,36,0,4,3,Mar,Friday,1
ORD102045,2023-10-19 13:09:00,Electronics,2249.54,2,0,4499.08,South,Credit Card,27,0,5,10,Oct,Thursday,4
ORD102046,2023-09-28 22:19:00,Clothing,958.35,1,10,862.52,West,Credit Card,51,0,4,9,Sep,Thursday,3
ORD102047,2023-08-16 20:44:00,Books,490.07,5,10,2205.29,North,UPI,38,0,4,8,Aug,Wednesday,3
ORD102048,2023-01-31 20:02:00,Clothing,1562.04,2,5,2967.88,Central,Debit Card,24,0,4,1,Jan,Tuesday,1
ORD102049,2023-03-24 00:25:00,Sports,2396.82,2,0,4793.65,West,Debit Card,32,0,5,3,Mar,Friday,1
ORD102050,2023-10-11 22:53:00,Home & Kitchen,2430.59,1,15,2066.0,East,COD,31,0,4,10,Oct,Wednesday,4
ORD102051,2023-06-06 22:14:00,Sports,2615.76,2,15,4446.79,West,COD,22,0,3,6,Jun,Tuesday,2
ORD102052,2023-02-17 16:24:00,Books,577.09,3,0,1731.27,South,Debit Card,61,0,4,2,Feb,Friday,1
ORD102053,2023-11-13 01:14:00,Home & Kitchen,945.37,1,0,945.37,West,UPI,21,0,4,11,Nov,Monday,4
ORD102054,2023-10-14 19:53:00,Beauty,531.25,3,15,1354.68,North,Net Banking,40,0,4,10,Oct,Saturday,4
ORD102055,2023-09-02 10:41:00,Home & Kitchen,3830.83,1,5,3639.29,West,Net Banking,23,1,4,9,Sep,Saturday,3
ORD102056,2023-01-28 11:41:00,Clothing,950.38,3,0,2851.13,West,UPI,62,0,4,1,Jan,Saturday,1
ORD102057,2023-02-23 02:23:00,Electronics,2880.28,2,0,5760.56,Central,Debit Card,45,1,5,2,Feb,Thursday,1
ORD102058,2023-01-15 07:18:00,Books,433.74,2,0,867.49,South,Credit Card,20,0,5,1,Jan,Sunday,1
ORD102059,2023-04-19 19:00:00,Electronics,9462.32,1,0,9462.32,East,UPI,64,0,4,4,Apr,Wednesday,2
ORD102060,2023-11-23 01:15:00,Clothing,715.01,1,0,715.01,East,UPI,20,0,4,11,Nov,Thursday,4
ORD102061,2023-10-17 01:36:00,Sports,1453.28,1,0,1453.28,West,UPI,42,0,4,10,Oct,Tuesday,4
ORD102062,2023-02-17 09:00:00,Books,379.34,5,10,1707.02,East,Debit Card,55,0,5,2,Feb,Friday,1
ORD102063,2023-09-14 06:20:00,Home & Kitchen,1020.99,1,15,867.84,West,Debit Card,33,0,5,9,Sep,Thursday,3
ORD102064,2023-12-26 21:06:00,Clothing,1761.71,2,5,3347.26,East,Credit Card,49,0,4,12,Dec,Tuesday,4
ORD102065,2023-09-15 03:32:00,Beauty,1103.1,2,20,1764.96,South,UPI,61,1,4,9,Sep,Friday,3
ORD102066,2023-09-02 18:55:00,Home & Kitchen,1896.97,2,5,3604.24,North,UPI,18,0,4,9,Sep,Saturday,3
ORD102067,2023-12-16 14:05:00,Clothing,427.38,2,0,854.75,North,COD,39,0,5,12,Dec,Saturday,4
ORD102068,2023-04-21 21:41:00,Clothing,1420.0,4,5,5396.01,South,Debit Card,19,1,3,4,Apr,Friday,2
ORD102069,2023-09-14 16:46:00,Clothing,1788.65,1,0,1788.65,Central,Debit Card,21,0,5,9,Sep,Thursday,3
ORD102070,2023-08-18 04:21:00,Books,228.57,3,5,651.44,East,UPI,49,0,3,8,Aug,Friday,3
ORD102071,2023-01-21 22:49:00,Home & Kitchen,976.49,3,5,2783.0,West,UPI,35,0,5,1,Jan,Saturday,1
ORD102072,2023-11-07 02:09:00,Sports,1348.19,1,0,1348.19,Central,Debit Card,55,0,3,11,Nov,Tuesday,4
ORD102073,2023-02-19 00:09:00,Home & Kitchen,1393.12,1,20,1114.49,East,Credit Card,21,0,1,2,Feb,Sunday,1
ORD102074,2023-09-13 03:29:00,Electronics,8871.36,3,0,26614.08,East,UPI,33,0,4,9,Sep,Wednesday,3
ORD102075,2023-03-24 02:17:00,Books,415.65,1,0,415.65,Central,UPI,32,0,5,3,Mar,Friday,1
ORD102076,2023-02-06 05:45:00,Electronics,6735.67,1,5,6398.89,West,UPI,40,0,3,2,Feb,Monday,1
ORD102077,2023-05-12 14:41:00,Home & Kitchen,2354.15,2,20,3766.64,South,COD,35,0,3,5,May,Friday,2
ORD102078,2023-09-07 01:23:00,Sports,2434.91,1,10,2191.42,East,Credit Card,36,0,4,9,Sep,Thursday,3
ORD102079,2023-12-15 04:28:00,Sports,2161.73,1,0,2161.73,East,Credit Card,50,0,2,12,Dec,Friday,4
ORD102080,2023-06-10 11:05:00,Sports,1214.96,1,0,1214.96,West,Credit Card,28,0,3,6,Jun,Saturday,2
ORD102081,2023-12-16 01:39:00,Books,449.6,1,5,427.12,North,Debit Card,19,0,5,12,Dec,Saturday,4
ORD102082,2023-12-25 17:00:00,Clothing,1141.01,2,0,2282.02,South,Net Banking,37,0,4,12,Dec,Monday,4
ORD102083,2023-07-12 05:36:00,Books,226.45,1,10,203.81,West,Net Banking,58,0,5,7,Jul,Wednesday,3
ORD102084,2023-07-18 14:42:00,Clothing,1244.87,1,15,1058.14,North,UPI,43,0,5,7,Jul,Tuesday,3
ORD102085,2023-11-25 17:57:00,Home & Kitchen,2677.07,1,15,2275.51,West,UPI,56,0,2,11,Nov,Saturday,4
ORD102086,2023-02-25 12:49:00,Clothing,1376.64,1,0,1376.64,West,UPI,18,0,5,2,Feb,Saturday,1
ORD102087,2023-02-03 10:21:00,Books,152.75,1,10,137.47,Central,Credit Card,60,0,5,2,Feb,Friday,1
ORD102088,2023-09-01 03:17:00,Beauty,809.37,2,10,1456.87,West,UPI,22,0,3,9,Sep,Friday,3
ORD102089,2023-08-29 04:40:00,Clothing,724.9,2,5,1377.3,South,UPI,18,0,4,8,Aug,Tuesday,3
ORD102090,2023-11-04 12:03:00,Electronics,6986.52,2,10,12575.74,East,Debit Card,56,1,4,11,Nov,Saturday,4
ORD102091,2023-04-20 01:13:00,Home & Kitchen,1800.16,3,0,5400.49,North,COD,29,0,2,4,Apr,Thursday,2
ORD102092,2023-08-05 08:16:00,Beauty,954.09,2,0,1908.18,South,UPI,46,0,3,8,Aug,Saturday,3
ORD102093,2023-05-21 12:05:00,Electronics,5631.59,1,10,5068.43,East,Net Banking,50,0,4,5,May,Sunday,2
ORD102094,2023-08-03 16:13:00,Home & Kitchen,3119.01,2,0,6238.02,East,UPI,38,0,4,8,Aug,Thursday,3
ORD102095,2023-02-17 13:21:00,Electronics,8669.16,1,20,6935.33,East,UPI,32,0,5,2,Feb,Friday,1
ORD102096,2023-08-03 15:30:00,Books,238.6,1,5,226.67,Central,Debit Card,30,0,2,8,Aug,Thursday,3
ORD102097,2023-12-23 13:22:00,Clothing,750.63,1,5,713.1,Central,UPI,29,0,4,12,Dec,Saturday,4
ORD102098,2023-10-15 19:12:00,Electronics,12838.3,1,5,12196.38,North,Debit Card,49,0,4,10,Oct,Sunday,4
ORD102099,2023-11-12 04:20:00,Sports,1664.54,1,10,1498.09,East,UPI,63,0,3,11,Nov,Sunday,4
ORD102100,2023-03-17 15:55:00,Home & Kitchen,1622.29,1,0,1622.29,East,UPI,36,0,5,3,Mar,Friday,1
ORD102101,2023-07-28 08:33:00,Beauty,1194.92,1,0,1194.92,North,COD,46,0,4,7,Jul,Friday,3
ORD102102,2023-11-21 14:40:00,Clothing,100.0,1,0,100.0,Central,UPI,25,0,5,11,Nov,Tuesday,4
ORD102103,2023-04-07 13:44:00,Clothing,1719.86,3,0,5159.57,Central,Debit Card,53,0,1,4,Apr,Friday,2
ORD102104,2023-07-13 06:22:00,Sports,1987.95,3,5,5665.66,South,COD,19,0,3,7,Jul,Thursday,3
ORD102105,2023-10-23 00:23:00,Beauty,1735.38,1,0,1735.38,East,UPI,37,1,4,10,Oct,Monday,4
ORD102106,2023-09-15 03:44:00,Books,633.42,3,10,1710.22,West,Debit Card,56,0,4,9,Sep,Friday,3
ORD102107,2023-07-31 13:22:00,Home & Kitchen,2397.38,2,15,4075.55,East,Net Banking,47,0,5,7,Jul,Monday,3
ORD102108,2023-09-25 10:07:00,Home & Kitchen,2503.76,1,20,2003.01,South,Credit Card,56,1,5,9,Sep,Monday,3
ORD102109,2023-04-01 17:38:00,Books,353.28,1,15,300.29,South,Credit Card,21,0,4,4,Apr,Saturday,2
ORD102110,2023-05-26 21:44:00,Home & Kitchen,2961.99,1,15,2517.69,West,Debit Card,61,0,1,5,May,Friday,2
ORD102111,2023-11-14 03:05:00,Beauty,874.41,2,0,1748.82,North,UPI,21,1,4,11,Nov,Tuesday,4
ORD102112,2023-11-12 13:06:00,Electronics,2500.21,1,0,2500.21,West,Debit Card,57,0,3,11,Nov,Sunday,4
ORD102113,2023-10-06 03:40:00,Sports,2747.81,1,0,2747.81,West,Credit Card,22,0,4,10,Oct,Friday,4
ORD102114,2023-12-08 09:54:00,Electronics,6413.74,2,0,12827.48,West,UPI,30,0,5,12,Dec,Friday,4
ORD102115,2023-10-10 12:07:00,Home & Kitchen,864.29,1,0,864.29,South,Net Banking,37,0,4,10,Oct,Tuesday,4
ORD102116,2023-06-29 14:26:00,Electronics,11685.45,3,5,33303.53,West,UPI,51,0,4,6,Jun,Thursday,2
ORD102117,2023-04-25 16:18:00,Books,612.1,2,10,1101.79,East,Net Banking,31,0,5,4,Apr,Tuesday,2
ORD102118,2023-06-07 13:43:00,Books,418.1,1,20,334.48,South,UPI,25,0,2,6,Jun,Wednesday,2
ORD102119,2023-01-17 00:01:00,Home & Kitchen,1678.38,2,0,3356.76,South,Debit Card,62,0,4,1,Jan,Tuesday,1
ORD102120,2023-11-04 10:21:00,Sports,1651.72,3,15,4211.88,South,COD,49,0,4,11,Nov,Saturday,4
ORD102121,2023-05-04 17:25:00,Home & Kitchen,1608.13,1,10,1447.32,South,Credit Card,46,0,4,5,May,Thursday,2
ORD102122,2023-01-27 18:27:00,Home & Kitchen,1189.63,1,0,1189.63,South,COD,55,0,4,1,Jan,Friday,1
ORD102123,2023-03-30 12:57:00,Home & Kitchen,671.07,2,0,1342.15,East,Credit Card,20,0,4,3,Mar,Thursday,1
ORD102124,2023-04-29 03:45:00,Home & Kitchen,2041.54,2,15,3470.62,South,Credit Card,31,0,3,4,Apr,Saturday,2
ORD102125,2023-10-23 12:53:00,Beauty,1290.19,1,0,1290.19,East,Net Banking,39,0,5,10,Oct,Monday,4
ORD102126,2023-06-15 06:05:00,Clothing,875.77,1,0,875.77,North,UPI,26,0,4,6,Jun,Thursday,2
ORD102127,2023-11-18 18:09:00,Electronics,9194.09,2,10,16549.36,North,Credit Card,53,0,3,11,Nov,Saturday,4
ORD102128,2023-02-10 18:24:00,Sports,2281.95,2,10,4107.5,North,Debit Card,25,0,4,2,Feb,Friday,1
ORD102129,2023-08-21 20:40:00,Clothing,1082.75,1,0,1082.75,East,UPI,54,0,5,8,Aug,Monday,3
ORD102130,2023-04-24 09:12:00,Beauty,791.76,2,5,1504.34,Central,Net Banking,19,0,3,4,Apr,Monday,2
ORD102131,2023-07-13 08:42:00,Beauty,1281.68,1,0,1281.68,North,UPI,38,0,3,7,Jul,Thursday,3
ORD102132,2023-11-18 00:40:00,Clothing,1462.97,1,0,1462.97,Central,Net Banking,50,1,5,11,Nov,Saturday,4
ORD102133,2023-08-24 19:07:00,Electronics,9231.67,3,15,23540.77,North,UPI,48,0,5,8,Aug,Thursday,3
ORD102134,2023-04-03 02:04:00,Books,499.33,2,10,898.79,West,Net Banking,46,1,2,4,Apr,Monday,2
ORD102135,2023-07-20 03:31:00,Clothing,450.68,3,0,1352.05,North,Credit Card,34,0,4,7,Jul,Thursday,3
ORD102136,2023-11-17 02:13:00,Home & Kitchen,547.85,3,10,1479.2,West,UPI,52,0,5,11,Nov,Friday,4
ORD102137,2023-11-21 14:51:00,Books,551.22,2,0,1102.43,South,UPI,52,0,4,11,Nov,Tuesday,4
ORD102138,2023-04-02 21:36:00,Electronics,8824.04,4,5,33531.34,Central,Net Banking,39,0,3,4,Apr,Sunday,2
ORD102139,2023-06-25 11:30:00,Electronics,4088.59,2,0,8177.18,Central,Credit Card,59,0,5,6,Jun,Sunday,2
ORD102140,2023-03-23 16:47:00,Electronics,10796.31,1,10,9716.68,East,COD,45,0,4,3,Mar,Thursday,1
ORD102141,2023-11-07 00:34:00,Clothing,1938.86,1,10,1744.97,North,Credit Card,27,0,5,11,Nov,Tuesday,4
ORD102142,2023-04-21 11:07:00,Clothing,1117.78,1,5,1061.89,South,UPI,23,0,4,4,Apr,Friday,2
ORD102143,2023-04-23 02:46:00,Clothing,2043.19,1,0,2043.19,South,UPI,34,0,2,4,Apr,Sunday,2
ORD102144,2023-04-13 02:22:00,Home & Kitchen,1521.23,3,5,4335.52,Central,Debit Card,22,0,5,4,Apr,Thursday,2
ORD102145,2023-09-11 13:32:00,Home & Kitchen,2240.83,2,15,3809.42,West,COD,20,0,3,9,Sep,Monday,3
ORD102146,2023-03-30 06:43:00,Books,235.49,1,5,223.72,East,COD,40,0,3,3,Mar,Thursday,1
ORD102147,2023-10-26 18:19:00,Electronics,6484.05,1,0,6484.05,South,Debit Card,38,1,5,10,Oct,Thursday,4
ORD102148,2023-09-07 13:56:00,Beauty,1165.67,1,0,1165.67,West,Credit Card,34,0,4,9,Sep,Thursday,3
ORD102149,2023-05-20 10:39:00,Beauty,1434.51,1,0,1434.51,North,Credit Card,21,0,1,5,May,Saturday,2
ORD102150,2023-04-13 18:22:00,Home & Kitchen,2035.83,1,10,1832.25,East,Net Banking,34,0,4,4,Apr,Thursday,2
ORD102151,2023-08-19 05:56:00,Electronics,7816.29,2,5,14850.94,North,COD,18,0,4,8,Aug,Saturday,3
ORD102152,2023-10-28 13:18:00,Books,677.3,2,5,1286.87,Central,Net Banking,29,0,4,10,Oct,Saturday,4
ORD102153,2023-09-29 11:25:00,Beauty,507.71,1,10,456.94,North,UPI,34,0,3,9,Sep,Friday,3
ORD102154,2023-08-08 05:22:00,Books,311.97,1,0,311.97,South,UPI,22,0,3,8,Aug,Tuesday,3
ORD102155,2023-07-10 11:09:00,Beauty,222.03,1,0,222.03,East,UPI,38,0,3,7,Jul,Monday,3
ORD102156,2023-12-19 00:45:00,Books,610.85,1,20,488.68,East,UPI,36,0,4,12,Dec,Tuesday,4
ORD102157,2023-06-14 07:35:00,Sports,1940.52,5,0,9702.58,North,UPI,22,0,3,6,Jun,Wednesday,2
ORD102158,2023-04-19 16:13:00,Sports,1210.24,1,0,1210.24,North,Credit Card,42,0,4,4,Apr,Wednesday,2
ORD102159,2023-11-08 21:04:00,Beauty,1181.46,2,10,2126.63,Central,Net Banking,40,0,5,11,Nov,Wednesday,4
ORD102160,2023-12-16 13:20:00,Home & Kitchen,2145.53,2,5,4076.5,East,UPI,40,0,2,12,Dec,Saturday,4
ORD102161,2023-09-10 15:02:00,Electronics,5549.58,1,0,5549.58,East,Credit Card,22,1,4,9,Sep,Sunday,3
ORD102162,2023-08-20 05:38:00,Electronics,7363.78,2,0,14727.55,East,Credit Card,63,0,5,8,Aug,Sunday,3
ORD102163,2023-10-23 00:18:00,Clothing,539.27,1,10,485.35,North,Debit Card,23,0,2,10,Oct,Monday,4
ORD102164,2023-01-03 14:18:00,Sports,995.63,2,0,1991.27,South,Net Banking,31,0,3,1,Jan,Tuesday,1
ORD102165,2023-01-19 17:58:00,Home & Kitchen,3715.03,1,15,3157.77,Central,UPI,32,0,5,1,Jan,Thursday,1
ORD102166,2023-01-09 02:30:00,Beauty,965.54,4,0,3862.17,North,Net Banking,48,0,4,1,Jan,Monday,1
ORD102167,2023-06-04 08:20:00,Home & Kitchen,3369.87,1,5,3201.38,East,Credit Card,45,0,4,6,Jun,Sunday,2
ORD102168,2023-06-10 15:39:00,Sports,2343.5,1,0,2343.5,North,UPI,34,0,4,6,Jun,Saturday,2
ORD102169,2023-08-21 15:54:00,Beauty,328.88,4,5,1249.76,North,Net Banking,44,0,5,8,Aug,Monday,3
ORD102170,2023-02-22 00:14:00,Sports,1078.23,2,10,1940.81,North,Net Banking,63,0,4,2,Feb,Wednesday,1
ORD102171,2023-02-23 10:55:00,Clothing,943.44,1,20,754.75,West,UPI,60,0,4,2,Feb,Thursday,1
ORD102172,2023-04-08 23:57:00,Electronics,10166.34,1,10,9149.7,East,Net Banking,51,0,5,4,Apr,Saturday,2
ORD102173,2023-01-03 22:55:00,Sports,3190.16,5,0,15950.81,North,UPI,27,0,5,1,Jan,Tuesday,1
ORD102174,2023-02-26 01:19:00,Electronics,2403.58,2,5,4566.8,North,UPI,18,0,5,2,Feb,Sunday,1
ORD102175,2023-11-10 12:17:00,Beauty,1324.76,1,15,1126.05,South,COD,40,0,3,11,Nov,Friday,4
ORD102176,2023-08-24 03:08:00,Sports,1616.81,3,10,4365.38,East,Net Banking,43,0,5,8,Aug,Thursday,3
ORD102177,2023-07-31 20:28:00,Sports,2145.7,2,20,3433.12,North,Credit Card,27,0,5,7,Jul,Monday,3
ORD102178,2023-10-23 15:42:00,Clothing,1522.28,1,5,1446.16,West,COD,23,0,5,10,Oct,Monday,4
ORD102179,2023-09-05 07:05:00,Books,326.94,1,5,310.59,East,Debit Card,19,0,4,9,Sep,Tuesday,3
ORD102180,2023-02-12 11:35:00,Beauty,864.73,1,0,864.73,South,Debit Card,34,0,5,2,Feb,Sunday,1
ORD102181,2023-04-16 22:04:00,Beauty,892.8,1,0,892.8,North,COD,45,0,4,4,Apr,Sunday,2
ORD102182,2023-04-19 00:42:00,Electronics,5504.05,2,0,11008.1,South,Credit Card,55,0,2,4,Apr,Wednesday,2
ORD102183,2023-04-07 15:06:00,Home & Kitchen,1410.9,3,10,3809.43,East,UPI,62,0,2,4,Apr,Friday,2
ORD102184,2023-09-28 16:54:00,Sports,2613.05,2,0,5226.1,East,Debit Card,24,0,5,9,Sep,Thursday,3
ORD102185,2023-12-29 14:41:00,Books,372.27,3,0,1116.81,South,Net Banking,58,0,5,12,Dec,Friday,4
ORD102186,2023-03-08 07:58:00,Electronics,5763.21,2,5,10950.1,East,UPI,63,0,3,3,Mar,Wednesday,1
ORD102187,2023-11-14 16:12:00,Home & Kitchen,2496.05,1,15,2121.64,West,UPI,31,0,4,11,Nov,Tuesday,4
ORD102188,2023-08-05 05:43:00,Books,284.0,2,0,568.0,East,COD,47,1,3,8,Aug,Saturday,3
ORD102189,2023-11-28 03:09:00,Sports,2151.27,1,5,2043.71,West,Net Banking,42,0,4,11,Nov,Tuesday,4
ORD102190,2023-02-26 07:01:00,Beauty,1211.99,1,10,1090.8,West,UPI,31,0,4,2,Feb,Sunday,1
ORD102191,2023-09-01 21:33:00,Electronics,6378.38,4,10,22962.15,West,UPI,21,1,4,9,Sep,Friday,3
ORD102192,2023-10-09 02:22:00,Electronics,14305.78,2,10,25750.41,West,UPI,39,1,5,10,Oct,Monday,4
ORD102193,2023-09-15 13:32:00,Home & Kitchen,3162.75,1,0,3162.75,East,UPI,32,0,5,9,Sep,Friday,3
ORD102194,2023-07-09 03:03:00,Books,328.67,1,10,295.81,West,Debit Card,56,0,4,7,Jul,Sunday,3
ORD102195,2023-04-10 09:12:00,Home & Kitchen,2130.07,5,5,10117.84,West,UPI,27,0,4,4,Apr,Monday,2
ORD102196,2023-09-29 19:31:00,Books,202.36,1,0,202.36,Central,Credit Card,51,0,4,9,Sep,Friday,3
ORD102197,2023-01-26 20:15:00,Beauty,1101.38,1,5,1046.31,North,UPI,56,0,1,1,Jan,Thursday,1
ORD102198,2023-01-19 18:17:00,Electronics,9779.97,1,5,9290.97,South,UPI,50,0,4,1,Jan,Thursday,1
ORD102199,2023-05-22 07:56:00,Electronics,14463.42,5,0,72317.1,Central,Debit Card,57,0,4,5,May,Monday,2
ORD102200,2023-07-20 12:06:00,Home & Kitchen,2390.99,5,5,11357.2,South,Debit Card,43,1,4,7,Jul,Thursday,3
ORD102201,2023-05-18 15:13:00,Beauty,517.85,1,0,517.85,South,Debit Card,36,0,3,5,May,Thursday,2
ORD102202,2023-11-23 09:45:00,Books,530.23,1,0,530.23,Central,UPI,58,0,4,11,Nov,Thursday,4
ORD102203,2023-02-18 05:32:00,Electronics,6530.16,2,5,12407.3,Central,Credit Card,45,0,3,2,Feb,Saturday,1
ORD102204,2023-12-19 07:10:00,Books,553.86,4,0,2215.44,East,Debit Card,48,1,3,12,Dec,Tuesday,4
ORD102205,2023-04-06 10:57:00,Clothing,1239.65,2,0,2479.29,West,UPI,24,0,3,4,Apr,Thursday,2
ORD102206,2023-12-08 15:27:00,Electronics,14186.52,1,0,14186.52,East,UPI,20,0,5,12,Dec,Friday,4
ORD102207,2023-02-09 05:43:00,Books,377.45,2,0,754.9,North,Credit Card,31,0,3,2,Feb,Thursday,1
ORD102208,2023-10-26 00:31:00,Home & Kitchen,2075.78,1,0,2075.78,South,Credit Card,19,0,5,10,Oct,Thursday,4
ORD102209,2023-01-09 18:43:00,Electronics,7281.3,1,5,6917.23,East,Net Banking,18,0,5,1,Jan,Monday,1
ORD102210,2023-09-15 05:48:00,Sports,1898.78,1,5,1803.84,South,Debit Card,27,0,4,9,Sep,Friday,3
ORD102211,2023-06-05 23:21:00,Electronics,3925.05,1,20,3140.04,West,Credit Card,52,1,3,6,Jun,Monday,2
ORD102212,2023-10-07 08:42:00,Books,484.27,1,0,484.27,West,UPI,35,0,4,10,Oct,Saturday,4
ORD102213,2023-01-07 11:19:00,Home & Kitchen,2410.11,4,10,8676.38,East,Net Banking,43,0,1,1,Jan,Saturday,1
ORD102214,2023-11-02 15:07:00,Beauty,1169.26,2,0,2338.52,East,Debit Card,36,0,2,11,Nov,Thursday,4
ORD102215,2023-11-24 00:09:00,Beauty,596.8,4,0,2387.2,West,Net Banking,24,1,4,11,Nov,Friday,4
ORD102216,2023-03-14 11:31:00,Beauty,1146.34,1,0,1146.34,North,UPI,41,0,1,3,Mar,Tuesday,1
ORD102217,2023-12-23 13:23:00,Beauty,1818.34,1,0,1818.34,South,Debit Card,27,0,4,12,Dec,Saturday,4
ORD102218,2023-07-13 20:06:00,Clothing,345.15,2,10,621.27,East,Net Banking,57,0,2,7,Jul,Thursday,3
ORD102219,2023-10-06 14:56:00,Beauty,965.69,1,0,965.69,Central,UPI,43,0,2,10,Oct,Friday,4
ORD102220,2023-06-28 10:25:00,Beauty,1325.95,2,10,2386.71,Central,Credit Card,41,0,3,6,Jun,Wednesday,2
ORD102221,2023-06-08 06:02:00,Books,704.57,1,5,669.34,Central,Credit Card,30,1,3,6,Jun,Thursday,2
ORD102222,2023-11-10 03:27:00,Books,538.6,3,15,1373.42,West,Credit Card,22,0,3,11,Nov,Friday,4
ORD102223,2023-05-28 03:00:00,Books,116.69,4,20,373.41,West,COD,64,0,4,5,May,Sunday,2
ORD102224,2023-08-27 21:09:00,Clothing,567.8,3,0,1703.41,Central,COD,33,1,4,8,Aug,Sunday,3
ORD102225,2023-10-13 21:10:00,Sports,644.02,1,0,644.02,East,Credit Card,55,0,4,10,Oct,Friday,4
ORD102226,2023-05-31 00:29:00,Electronics,9222.84,1,10,8300.56,North,UPI,31,0,4,5,May,Wednesday,2
ORD102227,2023-03-05 01:31:00,Sports,719.22,1,0,719.22,East,UPI,29,0,4,3,Mar,Sunday,1
ORD102228,2023-12-05 00:03:00,Books,308.66,4,10,1111.17,East,UPI,33,0,5,12,Dec,Tuesday,4
ORD102229,2023-09-15 21:49:00,Books,311.89,2,15,530.22,Central,UPI,45,0,3,9,Sep,Friday,3
ORD102230,2023-05-19 04:46:00,Electronics,3819.67,1,15,3246.72,South,Credit Card,51,0,5,5,May,Friday,2
ORD102231,2023-05-29 07:02:00,Electronics,9820.22,1,5,9329.21,West,COD,41,0,4,5,May,Monday,2
ORD102232,2023-12-14 20:24:00,Clothing,1029.83,1,10,926.85,West,UPI,57,0,4,12,Dec,Thursday,4
ORD102233,2023-05-14 09:38:00,Electronics,7822.83,2,0,15645.66,East,UPI,44,0,4,5,May,Sunday,2
ORD102234,2023-12-14 10:51:00,Home & Kitchen,2179.8,3,15,5558.49,Central,UPI,32,0,4,12,Dec,Thursday,4
ORD102235,2023-05-09 04:26:00,Clothing,1290.43,1,0,1290.43,Central,UPI,25,0,3,5,May,Tuesday,2
ORD102236,2023-02-13 09:36:00,Books,312.55,1,10,281.29,West,Credit Card,60,0,5,2,Feb,Monday,1
ORD102237,2023-08-12 03:08:00,Home & Kitchen,1505.81,3,0,4517.43,Central,Credit Card,41,1,3,8,Aug,Saturday,3
ORD102238,2023-09-15 21:45:00,Books,567.82,4,5,2157.7,East,Credit Card,30,0,3,9,Sep,Friday,3
ORD102239,2023-08-27 13:26:00,Home & Kitchen,1991.98,1,0,1991.98,West,UPI,37,0,4,8,Aug,Sunday,3
ORD102240,2023-01-14 13:05:00,Sports,676.18,1,5,642.37,South,Credit Card,57,0,4,1,Jan,Saturday,1
ORD102241,2023-05-05 18:32:00,Books,289.71,1,10,260.74,East,UPI,25,1,5,5,May,Friday,2
ORD102242,2023-10-17 09:03:00,Sports,1305.97,1,0,1305.97,West,UPI,39,0,3,10,Oct,Tuesday,4
ORD102243,2023-01-04 14:51:00,Beauty,821.82,1,10,739.64,Central,Credit Card,47,1,5,1,Jan,Wednesday,1
ORD102244,2023-02-13 01:17:00,Electronics,2684.83,1,0,2684.83,North,UPI,21,0,2,2,Feb,Monday,1
ORD102245,2023-05-29 18:30:00,Electronics,8880.91,1,0,8880.91,East,Net Banking,62,0,4,5,May,Monday,2
ORD102246,2023-10-27 21:32:00,Electronics,11335.58,4,0,45342.32,North,Debit Card,59,0,4,10,Oct,Friday,4
ORD102247,2023-03-15 17:47:00,Sports,964.06,1,0,964.06,West,UPI,39,0,4,3,Mar,Wednesday,1
ORD102248,2023-11-24 04:19:00,Beauty,802.9,1,15,682.46,East,Debit Card,30,0,4,11,Nov,Friday,4
ORD102249,2023-09-06 19:44:00,Electronics,8819.69,1,0,8819.69,South,UPI,28,0,2,9,Sep,Wednesday,3
ORD102250,2023-03-20 19:56:00,Electronics,9150.1,1,0,9150.1,North,Credit Card,53,0,5,3,Mar,Monday,1
ORD102251,2023-04-15 03:30:00,Clothing,1838.63,1,15,1562.83,North,Net Banking,34,0,5,4,Apr,Saturday,2
ORD102252,2023-07-20 01:59:00,Home & Kitchen,1890.01,1,0,1890.01,North,UPI,45,0,1,7,Jul,Thursday,3
ORD102253,2023-04-05 07:53:00,Home & Kitchen,2770.0,3,10,7479.01,Central,UPI,55,0,4,4,Apr,Wednesday,2
ORD102254,2023-12-15 14:54:00,Sports,2497.11,2,5,4744.51,Central,UPI,25,0,5,12,Dec,Friday,4
ORD102255,2023-11-22 00:11:00,Clothing,2384.24,1,10,2145.82,South,Net Banking,44,0,2,11,Nov,Wednesday,4
ORD102256,2023-05-04 05:32:00,Beauty,1049.81,1,5,997.32,Central,UPI,30,0,3,5,May,Thursday,2
ORD102257,2023-05-29 09:42:00,Home & Kitchen,1618.77,2,0,3237.54,North,COD,51,0,4,5,May,Monday,2
ORD102258,2023-07-08 21:17:00,Home & Kitchen,2761.18,2,5,5246.24,West,UPI,34,0,1,7,Jul,Saturday,3
ORD102259,2023-08-26 13:52:00,Electronics,8758.01,1,20,7006.41,West,UPI,32,0,4,8,Aug,Saturday,3
ORD102260,2023-08-23 03:36:00,Books,748.37,2,10,1347.06,West,UPI,55,0,5,8,Aug,Wednesday,3
ORD102261,2023-01-18 20:41:00,Books,183.5,1,0,183.5,Central,Credit Card,22,0,3,1,Jan,Wednesday,1
ORD102262,2023-03-13 14:56:00,Books,424.75,1,10,382.27,West,UPI,58,0,5,3,Mar,Monday,1
ORD102263,2023-07-03 16:54:00,Clothing,1043.77,1,10,939.39,Central,UPI,21,0,4,7,Jul,Monday,3
ORD102264,2023-09-26 12:32:00,Beauty,742.06,1,10,667.85,North,UPI,27,0,5,9,Sep,Tuesday,3
ORD102265,2023-06-30 20:46:00,Clothing,1399.64,1,5,1329.66,Central,UPI,39,0,4,6,Jun,Friday,2
ORD102266,2023-03-13 08:50:00,Beauty,333.81,2,0,667.61,East,COD,35,0,5,3,Mar,Monday,1
ORD102267,2023-11-27 15:24:00,Electronics,8269.01,2,0,16538.02,West,Credit Card,56,0,4,11,Nov,Monday,4
ORD102268,2023-10-22 22:59:00,Clothing,989.43,2,5,1879.93,Central,Debit Card,56,0,4,10,Oct,Sunday,4
ORD102269,2023-05-13 04:44:00,Sports,2113.55,1,10,1902.2,East,Credit Card,28,0,5,5,May,Saturday,2
ORD102270,2023-06-28 18:39:00,Sports,1460.19,2,10,2628.34,West,UPI,34,0,4,6,Jun,Wednesday,2
ORD102271,2023-03-23 07:06:00,Electronics,5171.57,1,0,5171.57,North,Credit Card,63,0,5,3,Mar,Thursday,1
ORD102272,2023-09-01 10:48:00,Beauty,441.77,1,0,441.77,South,COD,45,0,4,9,Sep,Friday,3
ORD102273,2023-05-02 03:57:00,Beauty,448.93,3,10,1212.11,South,Debit Card,36,0,2,5,May,Tuesday,2
ORD102274,2023-08-04 02:03:00,Home & Kitchen,3770.84,1,5,3582.3,Central,UPI,24,0,4,8,Aug,Friday,3
ORD102275,2023-02-07 14:48:00,Electronics,9505.48,2,15,16159.32,East,Credit Card,21,0,5,2,Feb,Tuesday,1
ORD102276,2023-03-31 10:06:00,Electronics,7769.11,2,0,15538.22,West,UPI,58,0,2,3,Mar,Friday,1
ORD102277,2023-10-21 17:12:00,Beauty,670.58,1,15,569.99,South,UPI,51,1,4,10,Oct,Saturday,4
ORD102278,2023-12-14 09:14:00,Home & Kitchen,1381.51,3,0,4144.52,South,Debit Card,37,0,1,12,Dec,Thursday,4
ORD102279,2023-09-28 06:05:00,Home & Kitchen,1712.19,1,5,1626.58,Central,UPI,36,1,5,9,Sep,Thursday,3
ORD102280,2023-02-19 06:02:00,Beauty,1265.41,1,15,1075.6,South,Net Banking,36,0,5,2,Feb,Sunday,1
ORD102281,2023-07-28 18:34:00,Books,555.2,1,0,555.2,North,UPI,59,1,3,7,Jul,Friday,3
ORD102282,2023-11-25 16:31:00,Beauty,809.97,1,0,809.97,South,Net Banking,23,0,2,11,Nov,Saturday,4
ORD102283,2023-08-31 16:22:00,Sports,2499.36,3,0,7498.08,East,Credit Card,60,0,3,8,Aug,Thursday,3
ORD102284,2023-03-12 02:28:00,Sports,1244.93,2,10,2240.87,West,Debit Card,39,0,4,3,Mar,Sunday,1
ORD102285,2023-10-19 02:08:00,Electronics,7569.65,1,10,6812.69,Central,UPI,45,0,4,10,Oct,Thursday,4
ORD102286,2023-09-13 07:03:00,Electronics,13177.33,1,5,12518.47,Central,Credit Card,24,1,3,9,Sep,Wednesday,3
ORD102287,2023-04-25 09:59:00,Electronics,10154.62,1,15,8631.43,East,UPI,61,0,1,4,Apr,Tuesday,2
ORD102288,2023-02-04 05:18:00,Books,406.93,1,10,366.24,North,Credit Card,57,0,5,2,Feb,Saturday,1
ORD102289,2023-09-23 19:32:00,Clothing,1574.47,2,0,3148.94,East,UPI,64,0,5,9,Sep,Saturday,3
ORD102290,2023-10-07 22:57:00,Electronics,8288.15,1,15,7044.93,North,Credit Card,28,0,5,10,Oct,Saturday,4
ORD102291,2023-12-01 00:02:00,Books,435.43,3,20,1045.03,East,Credit Card,48,0,4,12,Dec,Friday,4
ORD102292,2023-06-21 01:08:00,Clothing,1856.85,1,0,1856.85,South,Credit Card,46,0,3,6,Jun,Wednesday,2
ORD102293,2023-06-18 21:58:00,Beauty,261.65,1,5,248.56,North,UPI,50,0,4,6,Jun,Sunday,2
ORD102294,2023-10-16 19:44:00,Electronics,5271.98,1,5,5008.38,North,UPI,62,0,5,10,Oct,Monday,4
ORD102295,2023-08-02 19:47:00,Electronics,10683.82,5,5,50748.16,Central,COD,50,0,4,8,Aug,Wednesday,3
ORD102296,2023-09-03 04:17:00,Sports,473.79,3,5,1350.31,North,UPI,24,0,4,9,Sep,Sunday,3
ORD102297,2023-09-17 07:41:00,Home & Kitchen,2071.97,2,0,4143.94,East,Credit Card,29,1,3,9,Sep,Sunday,3
ORD102298,2023-04-27 00:59:00,Books,588.21,3,10,1588.17,North,UPI,27,0,3,4,Apr,Thursday,2
ORD102299,2023-10-01 19:55:00,Clothing,1825.76,2,0,3651.53,West,Debit Card,23,0,4,10,Oct,Sunday,4
ORD102300,2023-01-10 17:30:00,Beauty,1271.24,2,5,2415.35,North,UPI,51,0,5,1,Jan,Tuesday,1
ORD102301,2023-12-23 04:27:00,Home & Kitchen,3462.67,1,15,2943.27,West,Credit Card,62,0,4,12,Dec,Saturday,4
ORD102302,2023-08-13 03:57:00,Electronics,13616.12,1,0,13616.12,Central,COD,48,0,3,8,Aug,Sunday,3
ORD102303,2023-06-30 06:21:00,Books,465.22,2,10,837.4,West,COD,59,0,4,6,Jun,Friday,2
ORD102304,2023-04-29 02:37:00,Clothing,1098.61,2,10,1977.5,North,UPI,24,0,2,4,Apr,Saturday,2
ORD102305,2023-10-02 18:02:00,Beauty,865.07,1,20,692.06,North,Net Banking,63,0,4,10,Oct,Monday,4
ORD102306,2023-01-30 02:03:00,Clothing,2157.61,1,5,2049.73,South,Credit Card,30,0,3,1,Jan,Monday,1
ORD102307,2023-01-23 10:22:00,Books,373.55,2,20,597.69,Central,Debit Card,64,0,5,1,Jan,Monday,1
ORD102308,2023-05-30 04:38:00,Clothing,161.42,5,5,766.75,West,Credit Card,51,0,5,5,May,Tuesday,2
ORD102309,2023-12-03 02:04:00,Electronics,6149.13,1,0,6149.13,East,COD,32,0,2,12,Dec,Sunday,4
ORD102310,2023-09-11 22:47:00,Clothing,1097.81,2,10,1976.05,East,Net Banking,19,0,3,9,Sep,Monday,3
ORD102311,2023-08-16 22:19:00,Clothing,1734.66,5,10,7805.98,East,Debit Card,33,0,5,8,Aug,Wednesday,3
ORD102312,2023-12-01 07:33:00,Books,232.13,1,0,232.13,East,UPI,35,0,2,12,Dec,Friday,4
ORD102313,2023-09-15 03:03:00,Sports,1014.74,1,15,862.53,East,COD,62,0,5,9,Sep,Friday,3
ORD102314,2023-11-15 15:17:00,Beauty,744.66,1,0,744.66,North,UPI,63,1,5,11,Nov,Wednesday,4
ORD102315,2023-09-24 07:19:00,Clothing,1455.45,2,0,2910.9,Central,UPI,21,0,4,9,Sep,Sunday,3
ORD102316,2023-03-14 01:15:00,Books,462.64,2,5,879.01,West,Debit Card,30,0,2,3,Mar,Tuesday,1
ORD102317,2023-02-28 00:31:00,Home & Kitchen,1451.76,1,20,1161.4,North,UPI,30,0,3,2,Feb,Tuesday,1
ORD102318,2023-07-16 09:52:00,Sports,1656.7,1,0,1656.7,North,UPI,59,0,4,7,Jul,Sunday,3
ORD102319,2023-07-16 15:01:00,Sports,1529.45,3,0,4588.36,West,UPI,56,0,5,7,Jul,Sunday,3
ORD102320,2023-04-25 06:24:00,Electronics,4171.12,3,5,11887.68,South,Debit Card,47,0,3,4,Apr,Tuesday,2
ORD102321,2023-01-27 21:19:00,Sports,1223.82,2,10,2202.88,North,Credit Card,59,0,3,1,Jan,Friday,1
ORD102322,2023-01-14 19:48:00,Books,273.8,1,10,246.42,East,COD,34,0,5,1,Jan,Saturday,1
ORD102323,2023-10-30 06:48:00,Books,215.4,1,0,215.4,North,UPI,63,0,3,10,Oct,Monday,4
ORD102324,2023-08-11 13:50:00,Sports,1462.8,2,10,2633.04,North,Net Banking,27,0,5,8,Aug,Friday,3
ORD102325,2023-07-18 23:59:00,Sports,1969.82,5,0,9849.11,East,Net Banking,32,0,5,7,Jul,Tuesday,3
ORD102326,2023-08-26 13:36:00,Sports,2386.22,3,15,6084.86,Central,Debit Card,42,0,1,8,Aug,Saturday,3
ORD102327,2023-03-25 12:29:00,Books,425.02,2,0,850.03,South,UPI,48,0,3,3,Mar,Saturday,1
ORD102328,2023-05-24 21:17:00,Electronics,6468.97,3,0,19406.9,North,COD,33,0,5,5,May,Wednesday,2
ORD102329,2023-06-01 10:36:00,Sports,1537.93,1,10,1384.13,West,UPI,21,0,4,6,Jun,Thursday,2
ORD102330,2023-07-05 08:42:00,Books,390.05,1,20,312.04,East,Debit Card,45,0,2,7,Jul,Wednesday,3
ORD102331,2023-01-07 03:19:00,Sports,1745.78,1,0,1745.78,Central,Debit Card,52,0,4,1,Jan,Saturday,1
ORD102332,2023-04-02 14:29:00,Books,246.45,2,20,394.32,North,Credit Card,18,0,5,4,Apr,Sunday,2
ORD102333,2023-01-19 11:30:00,Home & Kitchen,1971.45,3,5,5618.63,Central,UPI,20,0,4,1,Jan,Thursday,1
ORD102334,2023-10-24 02:17:00,Electronics,6186.19,1,0,6186.19,Central,Credit Card,57,0,4,10,Oct,Tuesday,4
ORD102335,2023-08-14 05:16:00,Electronics,6991.27,1,0,6991.27,East,UPI,40,0,4,8,Aug,Monday,3
ORD102336,2023-03-07 07:40:00,Home & Kitchen,1299.98,1,0,1299.98,South,UPI,51,0,4,3,Mar,Tuesday,1
ORD102337,2023-12-02 01:14:00,Sports,2033.77,1,0,2033.77,North,Debit Card,27,0,5,12,Dec,Saturday,4
ORD102338,2023-12-17 16:55:00,Clothing,1732.55,1,5,1645.92,West,Credit Card,30,0,4,12,Dec,Sunday,4
ORD102339,2023-10-11 22:14:00,Electronics,10315.29,2,15,17536.0,North,COD,60,0,3,10,Oct,Wednesday,4
ORD102340,2023-05-12 00:43:00,Books,363.03,1,5,344.88,East,Credit Card,61,0,4,5,May,Friday,2
ORD102341,2023-11-04 07:22:00,Electronics,9775.58,2,10,17596.04,North,UPI,61,0,1,11,Nov,Saturday,4
ORD102342,2023-02-27 16:04:00,Home & Kitchen,2166.66,1,10,1950.0,South,UPI,42,1,4,2,Feb,Monday,1
ORD102343,2023-07-10 21:26:00,Sports,1565.06,2,5,2973.61,North,Debit Card,35,0,3,7,Jul,Monday,3
ORD102344,2023-03-15 00:20:00,Books,467.07,3,5,1331.16,Central,Debit Card,57,0,4,3,Mar,Wednesday,1
ORD102345,2023-07-28 20:23:00,Books,577.38,2,0,1154.76,West,COD,18,0,3,7,Jul,Friday,3
ORD102346,2023-11-15 00:10:00,Books,541.63,1,10,487.47,East,UPI,21,0,4,11,Nov,Wednesday,4
ORD102347,2023-10-30 00:06:00,Clothing,1297.58,4,0,5190.32,Central,UPI,39,0,3,10,Oct,Monday,4
ORD102348,2023-09-19 22:49:00,Books,427.39,1,0,427.39,Central,Debit Card,54,0,5,9,Sep,Tuesday,3
ORD102349,2023-06-26 06:24:00,Beauty,562.68,1,10,506.41,Central,UPI,42,0,5,6,Jun,Monday,2
ORD102350,2023-03-18 12:48:00,Beauty,546.55,2,10,983.78,North,COD,33,0,5,3,Mar,Saturday,1
ORD102351,2023-10-17 16:36:00,Clothing,1416.43,1,15,1203.96,Central,Debit Card,18,0,3,10,Oct,Tuesday,4
ORD102352,2023-03-04 16:51:00,Sports,2573.84,3,20,6177.21,North,Credit Card,44,1,5,3,Mar,Saturday,1
ORD102353,2023-09-26 16:28:00,Beauty,157.0,5,10,706.48,East,UPI,58,0,4,9,Sep,Tuesday,3
ORD102354,2023-05-31 07:21:00,Sports,1875.37,1,10,1687.83,South,Debit Card,43,0,5,5,May,Wednesday,2
ORD102355,2023-04-29 14:20:00,Books,100.0,2,20,160.0,North,Debit Card,23,0,4,4,Apr,Saturday,2
ORD102356,2023-07-29 11:05:00,Home & Kitchen,2373.38,2,15,4034.74,East,Credit Card,58,0,4,7,Jul,Saturday,3
ORD102357,2023-07-05 20:30:00,Electronics,4249.53,2,0,8499.06,Central,UPI,31,0,2,7,Jul,Wednesday,3
ORD102358,2023-04-28 18:52:00,Home & Kitchen,1813.22,1,20,1450.58,South,COD,42,0,5,4,Apr,Friday,2
ORD102359,2023-07-28 21:37:00,Clothing,1543.06,1,10,1388.75,South,Credit Card,30,0,4,7,Jul,Friday,3
ORD102360,2023-06-24 10:07:00,Books,324.09,3,5,923.65,North,Credit Card,22,0,3,6,Jun,Saturday,2
ORD102361,2023-03-17 18:31:00,Sports,1006.87,1,15,855.84,South,Net Banking,20,0,4,3,Mar,Friday,1
ORD102362,2023-01-08 05:07:00,Home & Kitchen,3355.47,1,20,2684.38,West,UPI,38,1,5,1,Jan,Sunday,1
ORD102363,2023-12-31 15:47:00,Sports,629.32,2,0,1258.63,North,UPI,64,0,5,12,Dec,Sunday,4
ORD102364,2023-08-09 00:44:00,Electronics,9426.16,1,0,9426.16,South,COD,55,0,4,8,Aug,Wednesday,3
ORD102365,2023-09-21 16:58:00,Clothing,1030.52,2,0,2061.03,West,COD,20,0,4,9,Sep,Thursday,3
ORD102366,2023-03-07 12:44:00,Books,277.04,1,0,277.04,Central,UPI,18,0,3,3,Mar,Tuesday,1
ORD102367,2023-03-02 10:57:00,Books,396.71,1,5,376.87,East,Credit Card,54,0,4,3,Mar,Thursday,1
ORD102368,2023-02-25 23:02:00,Sports,2668.1,3,0,8004.3,North,Debit Card,21,0,3,2,Feb,Saturday,1
ORD102369,2023-08-18 13:40:00,Books,428.97,4,0,1715.9,West,Debit Card,25,0,4,8,Aug,Friday,3
ORD102370,2023-05-29 15:44:00,Home & Kitchen,1087.12,1,5,1032.76,South,Debit Card,38,0,4,5,May,Monday,2
ORD102371,2023-10-29 16:05:00,Beauty,967.62,5,10,4354.3,South,Net Banking,36,0,5,10,Oct,Sunday,4
ORD102372,2023-10-31 11:43:00,Sports,2531.27,1,5,2404.7,West,UPI,61,0,4,10,Oct,Tuesday,4
ORD102373,2023-04-01 16:46:00,Home & Kitchen,1709.12,1,10,1538.21,Central,UPI,26,0,4,4,Apr,Saturday,2
ORD102374,2023-04-29 09:31:00,Electronics,4558.17,3,20,10939.6,East,UPI,47,0,3,4,Apr,Saturday,2
ORD102375,2023-09-26 18:32:00,Sports,1985.18,2,5,3771.84,West,UPI,62,0,4,9,Sep,Tuesday,3
ORD102376,2023-06-13 05:09:00,Home & Kitchen,2106.81,1,20,1685.45,North,Net Banking,61,0,4,6,Jun,Tuesday,2
ORD102377,2023-04-18 13:33:00,Beauty,1046.76,2,20,1674.82,East,Credit Card,26,0,4,4,Apr,Tuesday,2
ORD102378,2023-06-10 03:22:00,Sports,1166.71,1,10,1050.04,East,UPI,23,0,3,6,Jun,Saturday,2
ORD102379,2023-05-21 15:28:00,Books,552.23,2,0,1104.47,South,Net Banking,38,0,4,5,May,Sunday,2
ORD102380,2023-05-13 19:48:00,Books,427.05,1,0,427.05,North,COD,27,0,5,5,May,Saturday,2
ORD102381,2023-05-23 04:06:00,Beauty,497.04,1,10,447.33,South,Credit Card,52,0,4,5,May,Tuesday,2
ORD102382,2023-03-28 00:38:00,Sports,2629.61,2,0,5259.23,North,COD,54,0,5,3,Mar,Tuesday,1
ORD102383,2023-10-03 06:00:00,Sports,2428.81,1,0,2428.81,West,Net Banking,34,0,5,10,Oct,Tuesday,4
ORD102384,2023-07-09 06:18:00,Electronics,5186.0,1,10,4667.4,Central,Credit Card,53,0,5,7,Jul,Sunday,3
ORD102385,2023-09-24 04:53:00,Home & Kitchen,1285.47,2,0,2570.94,West,UPI,58,0,4,9,Sep,Sunday,3
ORD102386,2023-12-28 03:28:00,Electronics,4688.54,1,0,4688.54,West,Credit Card,48,0,3,12,Dec,Thursday,4
ORD102387,2023-03-12 08:46:00,Electronics,11389.68,1,10,10250.71,North,COD,27,0,5,3,Mar,Sunday,1
ORD102388,2023-04-24 23:04:00,Electronics,11568.28,1,0,11568.28,East,UPI,38,0,2,4,Apr,Monday,2
ORD102389,2023-05-22 14:40:00,Books,445.43,1,5,423.16,Central,Debit Card,60,0,4,5,May,Monday,2
ORD102390,2023-12-28 22:20:00,Electronics,7100.13,1,10,6390.12,North,Credit Card,24,0,2,12,Dec,Thursday,4
ORD102391,2023-09-24 10:12:00,Beauty,789.45,1,15,671.03,Central,Debit Card,47,0,5,9,Sep,Sunday,3
ORD102392,2023-01-19 20:40:00,Beauty,704.92,4,15,2396.73,North,UPI,49,0,2,1,Jan,Thursday,1
ORD102393,2023-07-12 07:43:00,Sports,2299.06,1,10,2069.15,South,UPI,52,0,4,7,Jul,Wednesday,3
ORD102394,2023-09-06 05:46:00,Clothing,525.14,1,0,525.14,West,UPI,48,0,5,9,Sep,Wednesday,3
ORD102395,2023-11-22 02:33:00,Clothing,1494.82,3,10,4036.0,South,UPI,29,0,3,11,Nov,Wednesday,4
ORD102396,2023-09-09 17:39:00,Electronics,13364.73,1,20,10691.78,South,Debit Card,45,0,5,9,Sep,Saturday,3
ORD102397,2023-08-03 22:16:00,Electronics,6191.02,1,0,6191.02,Central,UPI,63,0,4,8,Aug,Thursday,3
ORD102398,2023-05-01 20:22:00,Sports,1912.36,1,10,1721.13,West,Credit Card,52,0,5,5,May,Monday,2
ORD102399,2023-06-03 07:56:00,Clothing,1764.17,2,10,3175.51,East,Debit Card,58,0,4,6,Jun,Saturday,2
ORD102400,2023-11-19 12:38:00,Home & Kitchen,3686.46,1,0,3686.46,East,Credit Card,26,1,5,11,Nov,Sunday,4
ORD102401,2023-02-19 07:07:00,Books,624.01,1,5,592.81,East,Credit Card,62,0,3,2,Feb,Sunday,1
ORD102402,2023-06-16 07:42:00,Home & Kitchen,1915.91,1,10,1724.32,West,UPI,24,0,4,6,Jun,Friday,2
ORD102403,2023-06-13 21:07:00,Home & Kitchen,2020.43,3,5,5758.24,East,Debit Card,46,0,5,6,Jun,Tuesday,2
ORD102404,2023-03-07 15:53:00,Beauty,826.79,4,0,3307.14,West,Credit Card,62,0,2,3,Mar,Tuesday,1
ORD102405,2023-05-01 00:18:00,Beauty,1050.66,4,5,3992.52,East,Credit Card,40,0,5,5,May,Monday,2
ORD102406,2023-02-01 17:49:00,Home & Kitchen,1665.43,1,0,1665.43,East,UPI,30,0,4,2,Feb,Wednesday,1
ORD102407,2023-07-30 12:51:00,Books,100.0,1,0,100.0,West,Credit Card,64,0,5,7,Jul,Sunday,3
ORD102408,2023-01-28 08:31:00,Books,540.2,2,10,972.36,South,UPI,62,0,5,1,Jan,Saturday,1
ORD102409,2023-06-07 14:26:00,Electronics,8991.83,1,0,8991.83,South,Credit Card,30,0,3,6,Jun,Wednesday,2
ORD102410,2023-10-02 06:49:00,Clothing,1554.13,3,0,4662.4,North,COD,44,0,2,10,Oct,Monday,4
ORD102411,2023-11-09 10:08:00,Sports,2342.97,1,5,2225.82,Central,Credit Card,30,0,3,11,Nov,Thursday,4
ORD102412,2023-01-11 12:05:00,Beauty,742.7,1,0,742.7,East,COD,54,0,4,1,Jan,Wednesday,1
ORD102413,2023-02-02 20:03:00,Sports,1409.11,2,0,2818.21,Central,UPI,37,1,5,2,Feb,Thursday,1
ORD102414,2023-04-12 05:53:00,Sports,1726.13,3,20,4142.72,Central,UPI,46,0,5,4,Apr,Wednesday,2
ORD102415,2023-04-28 09:51:00,Beauty,779.92,3,5,2222.76,South,COD,41,0,3,4,Apr,Friday,2
ORD102416,2023-07-31 06:35:00,Books,354.91,1,20,283.93,South,COD,55,1,4,7,Jul,Monday,3
ORD102417,2023-01-11 16:06:00,Electronics,7159.07,1,0,7159.07,Central,UPI,37,1,5,1,Jan,Wednesday,1
ORD102418,2023-01-22 05:18:00,Home & Kitchen,2999.02,2,10,5398.23,East,UPI,53,0,4,1,Jan,Sunday,1
ORD102419,2023-12-19 07:02:00,Beauty,1254.89,1,5,1192.14,East,Debit Card,39,0,2,12,Dec,Tuesday,4
ORD102420,2023-12-02 12:08:00,Home & Kitchen,1690.1,2,5,3211.2,East,Net Banking,36,1,5,12,Dec,Saturday,4
ORD102421,2023-02-07 16:46:00,Electronics,10891.86,2,15,18516.16,West,UPI,64,0,5,2,Feb,Tuesday,1
ORD102422,2023-10-05 19:58:00,Beauty,1024.31,2,10,1843.76,South,UPI,56,0,4,10,Oct,Thursday,4
ORD102423,2023-07-20 06:53:00,Sports,2016.36,1,10,1814.72,Central,Net Banking,37,0,3,7,Jul,Thursday,3
ORD102424,2023-08-06 16:47:00,Books,494.85,1,0,494.85,North,UPI,58,1,5,8,Aug,Sunday,3
ORD102425,2023-04-14 03:16:00,Home & Kitchen,3788.43,1,10,3409.58,Central,Credit Card,57,0,5,4,Apr,Friday,2
ORD102426,2023-08-08 02:14:00,Books,434.44,1,5,412.71,West,Credit Card,41,0,5,8,Aug,Tuesday,3
ORD102427,2023-05-26 22:34:00,Home & Kitchen,1620.51,1,5,1539.48,Central,UPI,34,0,2,5,May,Friday,2
ORD102428,2023-09-12 23:25:00,Electronics,8949.49,1,0,8949.49,East,Debit Card,42,0,4,9,Sep,Tuesday,3
ORD102429,2023-02-25 14:14:00,Beauty,1339.63,1,10,1205.67,Central,COD,58,0,3,2,Feb,Saturday,1
ORD102430,2023-04-29 14:23:00,Home & Kitchen,3443.43,2,5,6542.51,West,Credit Card,39,0,4,4,Apr,Saturday,2
ORD102431,2023-06-09 10:09:00,Beauty,1310.93,1,0,1310.93,North,UPI,59,0,4,6,Jun,Friday,2
ORD102432,2023-04-17 15:37:00,Clothing,1578.76,1,5,1499.83,South,UPI,30,0,4,4,Apr,Monday,2
ORD102433,2023-11-12 15:33:00,Home & Kitchen,2988.99,1,0,2988.99,Central,Debit Card,31,0,4,11,Nov,Sunday,4
ORD102434,2023-09-10 08:26:00,Electronics,7140.22,2,0,14280.44,East,Debit Card,30,0,5,9,Sep,Sunday,3
ORD102435,2023-01-19 10:44:00,Clothing,2059.22,1,0,2059.22,Central,Credit Card,20,0,4,1,Jan,Thursday,1
ORD102436,2023-05-18 22:13:00,Electronics,10254.86,3,0,30764.58,Central,Debit Card,23,0,5,5,May,Thursday,2
ORD102437,2023-09-13 10:41:00,Sports,1839.69,1,5,1747.71,South,UPI,22,0,5,9,Sep,Wednesday,3
ORD102438,2023-09-05 16:35:00,Beauty,679.75,1,20,543.8,North,COD,38,0,4,9,Sep,Tuesday,3
ORD102439,2023-12-25 02:24:00,Home & Kitchen,2825.71,4,0,11302.83,South,Debit Card,31,0,5,12,Dec,Monday,4
ORD102440,2023-09-24 23:07:00,Clothing,1462.58,4,20,4680.27,South,UPI,32,0,5,9,Sep,Sunday,3
ORD102441,2023-01-20 13:31:00,Electronics,1334.41,2,0,2668.81,South,Debit Card,64,0,2,1,Jan,Friday,1
ORD102442,2023-09-07 04:47:00,Sports,1457.32,3,0,4371.97,Central,Credit Card,57,0,4,9,Sep,Thursday,3
ORD102443,2023-06-01 03:27:00,Electronics,8197.47,1,0,8197.47,East,Debit Card,44,0,4,6,Jun,Thursday,2
ORD102444,2023-05-19 16:20:00,Beauty,805.62,1,5,765.34,Central,Net Banking,24,0,1,5,May,Friday,2
ORD102445,2023-11-29 05:09:00,Sports,2871.13,1,0,2871.13,East,Credit Card,25,0,5,11,Nov,Wednesday,4
ORD102446,2023-11-11 22:23:00,Clothing,1651.39,1,0,1651.39,Central,Credit Card,19,0,3,11,Nov,Saturday,4
ORD102447,2023-08-25 06:59:00,Home & Kitchen,1826.2,1,15,1552.27,East,COD,38,0,5,8,Aug,Friday,3
ORD102448,2023-03-11 05:33:00,Beauty,819.4,1,0,819.4,West,UPI,20,0,5,3,Mar,Saturday,1
ORD102449,2023-04-02 04:30:00,Home & Kitchen,2478.14,1,5,2354.23,North,COD,24,0,4,4,Apr,Sunday,2
ORD102450,2023-06-09 22:12:00,Electronics,10398.75,2,0,20797.5,South,Debit Card,54,0,5,6,Jun,Friday,2
ORD102451,2023-08-23 10:06:00,Sports,2675.62,2,0,5351.24,North,Debit Card,23,0,4,8,Aug,Wednesday,3
ORD102452,2023-03-22 02:22:00,Sports,2586.64,1,5,2457.31,Central,Net Banking,49,0,5,3,Mar,Wednesday,1
ORD102453,2023-11-18 00:59:00,Books,518.99,3,0,1556.97,South,UPI,61,0,4,11,Nov,Saturday,4
ORD102454,2023-10-27 23:19:00,Home & Kitchen,1939.41,2,0,3878.82,East,Debit Card,64,0,4,10,Oct,Friday,4
ORD102455,2023-05-11 17:34:00,Home & Kitchen,2290.67,1,0,2290.67,South,UPI,52,0,5,5,May,Thursday,2
ORD102456,2023-02-22 23:13:00,Clothing,575.41,4,5,2186.58,East,UPI,55,0,4,2,Feb,Wednesday,1
ORD102457,2023-02-22 04:51:00,Sports,1555.26,1,0,1555.26,Central,Credit Card,50,0,3,2,Feb,Wednesday,1
ORD102458,2023-06-19 18:49:00,Home & Kitchen,1725.76,1,5,1639.47,Central,Credit Card,39,0,1,6,Jun,Monday,2
ORD102459,2023-11-12 21:58:00,Beauty,892.98,1,15,759.03,West,UPI,23,0,5,11,Nov,Sunday,4
ORD102460,2023-04-29 06:05:00,Electronics,6171.17,3,15,15736.48,Central,UPI,38,0,3,4,Apr,Saturday,2
ORD102461,2023-09-01 00:20:00,Clothing,2616.95,1,0,2616.95,North,Net Banking,33,0,3,9,Sep,Friday,3
ORD102462,2023-03-12 16:51:00,Electronics,9632.48,1,20,7705.99,West,Credit Card,24,0,4,3,Mar,Sunday,1
ORD102463,2023-06-17 09:32:00,Home & Kitchen,100.0,3,10,270.0,North,UPI,62,0,5,6,Jun,Saturday,2
ORD102464,2023-07-13 12:45:00,Home & Kitchen,2837.98,2,0,5675.97,West,UPI,19,0,4,7,Jul,Thursday,3
ORD102465,2023-06-12 16:05:00,Sports,607.66,1,10,546.89,Central,Net Banking,58,0,5,6,Jun,Monday,2
ORD102466,2023-11-21 08:45:00,Clothing,1498.04,2,0,2996.08,South,Net Banking,56,0,4,11,Nov,Tuesday,4
ORD102467,2023-08-15 15:44:00,Sports,1134.93,1,10,1021.43,East,Debit Card,51,0,5,8,Aug,Tuesday,3
ORD102468,2023-08-11 20:22:00,Sports,1813.27,1,5,1722.61,South,UPI,47,0,3,8,Aug,Friday,3
ORD102469,2023-08-27 21:22:00,Books,405.92,1,0,405.92,West,UPI,61,0,5,8,Aug,Sunday,3
ORD102470,2023-04-08 12:23:00,Sports,2623.21,1,20,2098.57,South,COD,43,0,5,4,Apr,Saturday,2
ORD102471,2023-04-11 14:23:00,Electronics,11904.31,1,5,11309.09,Central,UPI,59,0,3,4,Apr,Tuesday,2
ORD102472,2023-06-08 10:06:00,Sports,3215.74,1,5,3054.95,East,COD,45,0,4,6,Jun,Thursday,2
ORD102473,2023-01-07 19:17:00,Sports,2304.89,1,15,1959.15,North,Debit Card,62,0,5,1,Jan,Saturday,1
ORD102474,2023-09-03 12:02:00,Beauty,1198.12,1,0,1198.12,East,UPI,18,0,4,9,Sep,Sunday,3
ORD102475,2023-10-20 00:55:00,Electronics,7740.74,4,0,30962.96,West,COD,39,0,5,10,Oct,Friday,4
ORD102476,2023-08-21 15:11:00,Beauty,1228.98,1,10,1106.09,West,Debit Card,20,0,4,8,Aug,Monday,3
ORD102477,2023-10-07 03:02:00,Beauty,771.6,1,0,771.6,East,UPI,24,0,4,10,Oct,Saturday,4
ORD102478,2023-03-20 22:47:00,Beauty,1599.9,4,5,6079.64,South,Net Banking,37,0,3,3,Mar,Monday,1
ORD102479,2023-02-12 13:53:00,Clothing,1847.96,1,5,1755.57,North,UPI,62,0,4,2,Feb,Sunday,1
ORD102480,2023-12-30 01:20:00,Beauty,568.1,4,15,1931.53,North,Net Banking,51,0,4,12,Dec,Saturday,4
ORD102481,2023-04-10 20:39:00,Books,415.25,5,0,2076.24,North,UPI,51,0,5,4,Apr,Monday,2
ORD102482,2023-06-12 22:10:00,Beauty,975.5,1,15,829.17,Central,Debit Card,47,0,2,6,Jun,Monday,2
ORD102483,2023-09-22 00:42:00,Books,566.68,5,5,2691.72,West,Credit Card,56,0,5,9,Sep,Friday,3
ORD102484,2023-12-09 01:04:00,Beauty,490.1,1,5,465.59,South,Net Banking,58,0,5,12,Dec,Saturday,4
ORD102485,2023-03-17 23:17:00,Sports,1871.25,1,0,1871.25,North,UPI,25,1,5,3,Mar,Friday,1
ORD102486,2023-05-22 19:12:00,Electronics,3664.25,1,15,3114.61,Central,Credit Card,32,0,3,5,May,Monday,2
ORD102487,2023-01-02 09:17:00,Beauty,1401.45,3,10,3783.91,Central,UPI,54,0,4,1,Jan,Monday,1
ORD102488,2023-08-27 18:53:00,Books,507.79,1,5,482.4,North,Credit Card,48,0,2,8,Aug,Sunday,3
ORD102489,2023-02-15 03:58:00,Home & Kitchen,2072.11,3,15,5283.89,North,UPI,27,0,4,2,Feb,Wednesday,1
ORD102490,2023-04-06 10:37:00,Electronics,12235.37,4,20,39153.18,North,Debit Card,20,1,5,4,Apr,Thursday,2
ORD102491,2023-04-22 20:23:00,Electronics,11017.2,2,5,20932.68,West,UPI,50,1,5,4,Apr,Saturday,2
ORD102492,2023-05-07 09:53:00,Beauty,1688.37,1,5,1603.95,South,Debit Card,40,0,4,5,May,Sunday,2
ORD102493,2023-03-09 09:03:00,Beauty,1404.03,1,20,1123.22,West,Debit Card,33,0,5,3,Mar,Thursday,1
ORD102494,2023-05-23 04:36:00,Clothing,1250.71,1,10,1125.64,East,Credit Card,62,0,4,5,May,Tuesday,2
ORD102495,2023-05-20 06:11:00,Clothing,823.15,1,0,823.15,East,UPI,40,0,4,5,May,Saturday,2
ORD102496,2023-05-16 02:31:00,Home & Kitchen,705.83,1,0,705.83,East,Credit Card,45,0,5,5,May,Tuesday,2
ORD102497,2023-11-25 16:28:00,Books,101.78,3,10,274.8,South,UPI,53,0,4,11,Nov,Saturday,4
ORD102498,2023-07-17 04:34:00,Sports,2494.45,1,15,2120.29,Central,UPI,51,0,5,7,Jul,Monday,3
ORD102499,2023-08-11 11:41:00,Beauty,888.47,1,10,799.62,East,UPI,47,0,5,8,Aug,Friday,3
ORD102500,2023-09-15 17:53:00,Beauty,1032.55,3,10,2787.89,East,UPI,24,0,5,9,Sep,Friday,3
ORD102501,2023-05-13 06:29:00,Clothing,2013.41,2,0,4026.81,East,UPI,54,0,4,5,May,Saturday,2
ORD102502,2023-09-22 21:40:00,Electronics,8994.73,2,0,17989.47,South,Credit Card,25,0,5,9,Sep,Friday,3
ORD102503,2023-10-28 10:23:00,Home & Kitchen,1933.85,1,10,1740.47,Central,UPI,58,0,3,10,Oct,Saturday,4
ORD102504,2023-01-18 10:44:00,Sports,689.63,1,0,689.63,North,Debit Card,52,0,4,1,Jan,Wednesday,1
ORD102505,2023-03-23 13:30:00,Electronics,5637.67,1,0,5637.67,East,UPI,40,0,4,3,Mar,Thursday,1
ORD102506,2023-04-06 11:19:00,Electronics,12801.65,2,5,24323.14,South,Credit Card,37,0,1,4,Apr,Thursday,2
ORD102507,2023-01-12 14:51:00,Clothing,852.16,2,5,1619.1,Central,Credit Card,42,0,4,1,Jan,Thursday,1
ORD102508,2023-12-22 13:46:00,Sports,100.0,3,5,285.0,West,Credit Card,49,0,3,12,Dec,Friday,4
ORD102509,2023-05-10 23:23:00,Clothing,691.56,1,5,656.98,Central,UPI,61,0,2,5,May,Wednesday,2
ORD102510,2023-07-25 09:02:00,Beauty,919.65,1,0,919.65,South,Debit Card,55,0,2,7,Jul,Tuesday,3
ORD102511,2023-02-25 13:27:00,Sports,1271.03,1,0,1271.03,East,COD,57,0,3,2,Feb,Saturday,1
ORD102512,2023-10-31 00:10:00,Home & Kitchen,807.37,2,0,1614.74,Central,UPI,43,0,5,10,Oct,Tuesday,4
ORD102513,2023-11-02 22:33:00,Books,452.97,2,0,905.95,South,COD,32,0,4,11,Nov,Thursday,4
ORD102514,2023-03-13 04:42:00,Sports,1874.12,2,5,3560.83,East,Debit Card,54,0,3,3,Mar,Monday,1
ORD102515,2023-02-16 09:50:00,Electronics,2386.0,2,0,4771.99,South,Net Banking,27,0,2,2,Feb,Thursday,1
ORD102516,2023-07-22 05:29:00,Home & Kitchen,1371.06,1,5,1302.51,North,Debit Card,19,1,4,7,Jul,Saturday,3
ORD102517,2023-03-30 09:19:00,Clothing,1106.52,4,10,3983.46,North,UPI,36,0,3,3,Mar,Thursday,1
ORD102518,2023-08-12 02:46:00,Clothing,2357.41,1,5,2239.54,South,UPI,47,0,5,8,Aug,Saturday,3
ORD102519,2023-07-11 00:30:00,Sports,1945.09,1,5,1847.84,South,UPI,41,0,3,7,Jul,Tuesday,3
ORD102520,2023-10-09 21:25:00,Home & Kitchen,2653.02,1,5,2520.37,South,COD,32,1,4,10,Oct,Monday,4
ORD102521,2023-07-12 14:45:00,Beauty,1204.28,1,5,1144.07,South,Debit Card,20,0,4,7,Jul,Wednesday,3
ORD102522,2023-07-18 04:20:00,Electronics,4095.21,1,0,4095.21,South,UPI,51,0,5,7,Jul,Tuesday,3
ORD102523,2023-05-25 21:46:00,Books,394.71,1,0,394.71,West,Credit Card,40,0,4,5,May,Thursday,2
ORD102524,2023-02-06 11:31:00,Sports,3892.92,3,0,11678.77,Central,UPI,28,0,4,2,Feb,Monday,1
ORD102525,2023-04-02 07:23:00,Sports,2291.22,3,15,5842.61,East,UPI,57,0,3,4,Apr,Sunday,2
ORD102526,2023-11-09 19:48:00,Electronics,8710.88,2,0,17421.77,West,COD,27,0,3,11,Nov,Thursday,4
ORD102527,2023-04-28 04:31:00,Beauty,901.99,1,10,811.79,South,UPI,30,1,4,4,Apr,Friday,2
ORD102528,2023-08-11 02:21:00,Books,447.84,1,10,403.05,West,Debit Card,18,0,2,8,Aug,Friday,3
ORD102529,2023-03-19 09:19:00,Home & Kitchen,3518.03,1,20,2814.42,West,Debit Card,32,0,5,3,Mar,Sunday,1
ORD102530,2023-01-18 08:26:00,Home & Kitchen,3700.18,1,10,3330.16,South,UPI,64,0,3,1,Jan,Wednesday,1
ORD102531,2023-09-22 03:29:00,Beauty,931.35,4,0,3725.42,North,UPI,57,0,3,9,Sep,Friday,3
ORD102532,2023-02-21 20:55:00,Beauty,530.19,4,5,2014.72,West,Net Banking,28,0,5,2,Feb,Tuesday,1
ORD102533,2023-03-24 10:08:00,Electronics,10506.65,2,10,18911.98,Central,Credit Card,25,0,2,3,Mar,Friday,1
ORD102534,2023-08-21 00:31:00,Beauty,1223.24,1,0,1223.24,West,Credit Card,52,0,3,8,Aug,Monday,3
ORD102535,2023-06-05 13:16:00,Electronics,5201.49,1,0,5201.49,North,Credit Card,23,0,5,6,Jun,Monday,2
ORD102536,2023-09-15 11:49:00,Home & Kitchen,3540.51,1,10,3186.46,West,Debit Card,19,0,1,9,Sep,Friday,3
ORD102537,2023-07-06 03:50:00,Sports,1664.2,1,0,1664.2,South,COD,38,0,5,7,Jul,Thursday,3
ORD102538,2023-07-16 21:05:00,Sports,2371.73,1,0,2371.73,South,UPI,24,1,3,7,Jul,Sunday,3
ORD102539,2023-10-30 08:12:00,Beauty,1216.88,2,0,2433.75,Central,Net Banking,27,0,1,10,Oct,Monday,4
ORD102540,2023-08-21 13:03:00,Beauty,720.41,1,10,648.37,West,UPI,25,0,2,8,Aug,Monday,3
ORD102541,2023-09-08 14:23:00,Electronics,7831.54,1,0,7831.54,North,Net Banking,53,0,4,9,Sep,Friday,3
ORD102542,2023-07-09 08:27:00,Beauty,547.42,2,5,1040.09,East,Debit Card,38,0,4,7,Jul,Sunday,3
ORD102543,2023-10-05 08:11:00,Electronics,6476.54,1,5,6152.71,East,UPI,24,0,4,10,Oct,Thursday,4
ORD102544,2023-08-17 10:19:00,Electronics,11731.49,3,0,35194.46,North,Credit Card,45,0,4,8,Aug,Thursday,3
ORD102545,2023-01-19 17:47:00,Books,426.7,1,0,426.7,West,UPI,34,0,1,1,Jan,Thursday,1
ORD102546,2023-10-01 03:08:00,Electronics,10223.16,2,15,17379.37,South,Debit Card,26,0,4,10,Oct,Sunday,4
ORD102547,2023-05-21 11:29:00,Home & Kitchen,1802.1,1,5,1712.0,Central,UPI,63,0,3,5,May,Sunday,2
ORD102548,2023-09-26 18:29:00,Beauty,1035.35,1,10,931.81,North,UPI,49,0,5,9,Sep,Tuesday,3
ORD102549,2023-01-20 04:38:00,Books,421.34,4,0,1685.35,North,UPI,59,0,4,1,Jan,Friday,1
ORD102550,2023-02-10 10:59:00,Beauty,401.33,4,10,1444.79,East,Credit Card,61,0,5,2,Feb,Friday,1
ORD102551,2023-04-05 23:16:00,Electronics,5877.09,1,10,5289.38,North,Net Banking,34,0,5,4,Apr,Wednesday,2
ORD102552,2023-03-01 06:36:00,Home & Kitchen,2829.82,4,0,11319.28,East,COD,29,0,4,3,Mar,Wednesday,1
ORD102553,2023-09-21 17:54:00,Sports,2121.7,1,5,2015.62,South,Debit Card,62,0,4,9,Sep,Thursday,3
ORD102554,2023-07-11 18:30:00,Electronics,7293.07,1,0,7293.07,South,Debit Card,30,0,5,7,Jul,Tuesday,3
ORD102555,2023-05-21 23:44:00,Home & Kitchen,100.0,1,0,100.0,South,UPI,48,0,5,5,May,Sunday,2
ORD102556,2023-01-24 19:25:00,Beauty,971.07,2,0,1942.14,South,Debit Card,22,0,2,1,Jan,Tuesday,1
ORD102557,2023-01-03 13:13:00,Books,384.66,1,0,384.66,North,Debit Card,36,0,3,1,Jan,Tuesday,1
ORD102558,2023-03-08 08:17:00,Beauty,1035.73,2,0,2071.46,West,Credit Card,38,0,3,3,Mar,Wednesday,1
ORD102559,2023-06-12 03:14:00,Beauty,726.2,1,0,726.2,South,UPI,42,0,4,6,Jun,Monday,2
ORD102560,2023-04-24 02:39:00,Books,575.73,1,0,575.73,East,Debit Card,56,0,3,4,Apr,Monday,2
ORD102561,2023-08-24 18:26:00,Sports,656.29,1,5,623.48,Central,UPI,38,0,4,8,Aug,Thursday,3
ORD102562,2023-09-01 17:00:00,Home & Kitchen,2736.5,1,10,2462.85,East,UPI,33,0,2,9,Sep,Friday,3
ORD102563,2023-08-16 04:29:00,Books,344.63,1,5,327.4,West,UPI,61,1,5,8,Aug,Wednesday,3
ORD102564,2023-03-29 21:24:00,Beauty,1208.82,3,0,3626.46,East,Credit Card,49,0,4,3,Mar,Wednesday,1
ORD102565,2023-10-20 02:40:00,Beauty,758.53,5,20,3034.11,West,Credit Card,52,0,4,10,Oct,Friday,4
ORD102566,2023-02-12 06:47:00,Books,350.83,5,5,1666.45,Central,UPI,50,1,3,2,Feb,Sunday,1
ORD102567,2023-06-11 14:43:00,Books,393.75,1,10,354.38,West,UPI,43,1,4,6,Jun,Sunday,2
ORD102568,2023-10-27 05:39:00,Sports,1487.0,2,0,2974.0,East,Credit Card,46,0,5,10,Oct,Friday,4
ORD102569,2023-01-12 09:35:00,Home & Kitchen,1482.29,2,0,2964.59,West,COD,26,0,2,1,Jan,Thursday,1
ORD102570,2023-10-03 04:24:00,Home & Kitchen,3938.0,3,15,10041.91,Central,COD,42,0,3,10,Oct,Tuesday,4
ORD102571,2023-02-19 12:13:00,Electronics,8456.77,2,0,16913.55,South,COD,36,0,4,2,Feb,Sunday,1
ORD102572,2023-05-29 05:55:00,Sports,2312.99,2,0,4625.99,South,Debit Card,53,0,5,5,May,Monday,2
ORD102573,2023-07-25 17:26:00,Beauty,691.16,4,10,2488.19,East,Debit Card,60,0,4,7,Jul,Tuesday,3
ORD102574,2023-11-03 08:20:00,Home & Kitchen,2374.36,1,5,2255.64,East,Debit Card,26,0,4,11,Nov,Friday,4
ORD102575,2023-12-18 20:48:00,Beauty,786.98,1,15,668.93,East,Credit Card,27,0,5,12,Dec,Monday,4
ORD102576,2023-07-20 07:54:00,Sports,1682.16,2,0,3364.33,West,Credit Card,42,0,4,7,Jul,Thursday,3
ORD102577,2023-05-27 14:10:00,Home & Kitchen,2391.57,5,15,10164.19,South,Credit Card,37,0,4,5,May,Saturday,2
ORD102578,2023-09-30 10:48:00,Electronics,5947.06,1,0,5947.06,West,Debit Card,21,0,3,9,Sep,Saturday,3
ORD102579,2023-02-20 12:37:00,Beauty,1050.22,2,5,1995.43,West,COD,24,0,4,2,Feb,Monday,1
ORD102580,2023-04-07 20:01:00,Home & Kitchen,2459.07,5,0,12295.37,Central,UPI,55,0,5,4,Apr,Friday,2
ORD102581,2023-11-14 16:05:00,Sports,1631.04,1,0,1631.04,Central,Credit Card,34,0,5,11,Nov,Tuesday,4
ORD102582,2023-01-12 10:39:00,Home & Kitchen,602.42,2,0,1204.85,South,UPI,41,0,2,1,Jan,Thursday,1
ORD102583,2023-08-30 21:05:00,Beauty,783.61,2,0,1567.23,East,UPI,40,0,3,8,Aug,Wednesday,3
ORD102584,2023-12-01 12:35:00,Sports,1228.8,1,10,1105.92,Central,Net Banking,59,0,4,12,Dec,Friday,4
ORD102585,2023-08-23 11:46:00,Clothing,2260.72,2,5,4295.37,South,UPI,40,0,4,8,Aug,Wednesday,3
ORD102586,2023-04-13 10:08:00,Beauty,855.04,1,5,812.28,East,UPI,46,0,5,4,Apr,Thursday,2
ORD102587,2023-04-16 18:29:00,Electronics,11836.88,1,10,10653.19,West,UPI,33,0,5,4,Apr,Sunday,2
ORD102588,2023-08-16 07:50:00,Sports,2359.94,1,15,2005.95,South,COD,45,1,5,8,Aug,Wednesday,3
ORD102589,2023-11-25 03:51:00,Sports,2173.89,2,15,3695.61,Central,Net Banking,44,0,1,11,Nov,Saturday,4
ORD102590,2023-05-06 14:46:00,Clothing,1924.12,1,0,1924.12,North,UPI,57,0,5,5,May,Saturday,2
ORD102591,2023-12-16 21:26:00,Electronics,4333.48,1,0,4333.48,Central,COD,49,0,4,12,Dec,Saturday,4
ORD102592,2023-02-06 13:16:00,Home & Kitchen,1918.38,1,10,1726.54,Central,UPI,56,1,3,2,Feb,Monday,1
ORD102593,2023-11-28 17:45:00,Sports,1617.64,2,0,3235.28,North,Credit Card,55,0,5,11,Nov,Tuesday,4
ORD102594,2023-01-31 09:51:00,Beauty,1200.18,1,10,1080.16,West,Net Banking,36,0,1,1,Jan,Tuesday,1
ORD102595,2023-01-21 11:25:00,Beauty,944.54,1,0,944.54,Central,Debit Card,35,0,4,1,Jan,Saturday,1
ORD102596,2023-08-08 03:06:00,Home & Kitchen,1501.38,2,0,3002.76,South,Net Banking,61,0,5,8,Aug,Tuesday,3
ORD102597,2023-02-27 23:10:00,Sports,1718.23,1,5,1632.32,East,Credit Card,20,0,2,2,Feb,Monday,1
ORD102598,2023-03-14 07:50:00,Books,356.28,1,5,338.47,West,UPI,33,0,5,3,Mar,Tuesday,1
ORD102599,2023-06-18 20:44:00,Electronics,11470.25,1,5,10896.74,North,Credit Card,37,0,1,6,Jun,Sunday,2
ORD102600,2023-09-09 07:48:00,Beauty,974.47,4,0,3897.88,East,UPI,44,0,3,9,Sep,Saturday,3
ORD102601,2023-08-16 10:50:00,Beauty,871.75,5,5,4140.82,West,Debit Card,23,0,3,8,Aug,Wednesday,3
ORD102602,2023-05-21 19:02:00,Sports,1395.63,4,10,5024.26,South,UPI,57,0,4,5,May,Sunday,2
ORD102603,2023-01-14 07:56:00,Books,301.09,1,10,270.98,East,Credit Card,33,1,4,1,Jan,Saturday,1
ORD102604,2023-05-30 09:45:00,Beauty,1134.01,2,5,2154.62,South,Credit Card,55,0,4,5,May,Tuesday,2
ORD102605,2023-09-01 22:28:00,Books,431.67,1,15,366.92,East,UPI,23,0,5,9,Sep,Friday,3
ORD102606,2023-03-07 04:38:00,Beauty,1020.88,1,5,969.84,East,Net Banking,19,0,3,3,Mar,Tuesday,1
ORD102607,2023-11-23 07:01:00,Books,219.38,1,5,208.41,South,Credit Card,25,0,4,11,Nov,Thursday,4
ORD102608,2023-10-27 00:16:00,Clothing,1314.66,1,0,1314.66,East,Debit Card,25,0,4,10,Oct,Friday,4
ORD102609,2023-09-22 12:30:00,Beauty,496.28,2,5,942.92,Central,COD,48,1,4,9,Sep,Friday,3
ORD102610,2023-11-26 04:37:00,Books,483.73,2,10,870.72,Central,UPI,35,0,4,11,Nov,Sunday,4
ORD102611,2023-07-13 15:41:00,Books,374.11,2,15,635.98,South,Net Banking,41,0,5,7,Jul,Thursday,3
ORD102612,2023-03-31 15:57:00,Home & Kitchen,1982.1,1,0,1982.1,West,UPI,42,0,3,3,Mar,Friday,1
ORD102613,2023-06-25 07:19:00,Electronics,13766.57,5,10,61949.59,South,UPI,25,0,5,6,Jun,Sunday,2
ORD102614,2023-11-08 23:50:00,Books,237.0,2,10,426.61,North,Debit Card,36,1,5,11,Nov,Wednesday,4
ORD102615,2023-09-13 14:36:00,Books,415.42,4,10,1495.52,North,Net Banking,37,0,3,9,Sep,Wednesday,3
ORD102616,2023-04-27 23:12:00,Sports,1600.36,2,5,3040.69,East,Debit Card,39,0,4,4,Apr,Thursday,2
ORD102617,2023-11-17 03:21:00,Home & Kitchen,2625.63,2,5,4988.69,Central,UPI,40,0,4,11,Nov,Friday,4
ORD102618,2023-10-01 23:34:00,Sports,909.43,1,10,818.49,North,COD,23,0,5,10,Oct,Sunday,4
ORD102619,2023-08-17 18:33:00,Electronics,10639.08,4,5,40428.49,South,UPI,29,0,3,8,Aug,Thursday,3
ORD102620,2023-04-04 22:59:00,Beauty,1142.42,1,0,1142.42,South,UPI,51,0,3,4,Apr,Tuesday,2
ORD102621,2023-08-22 05:02:00,Beauty,1094.51,1,0,1094.51,Central,UPI,21,0,5,8,Aug,Tuesday,3
ORD102622,2023-02-16 23:12:00,Books,533.58,1,15,453.54,North,COD,20,0,3,2,Feb,Thursday,1
ORD102623,2023-09-25 09:03:00,Clothing,1652.42,2,5,3139.6,South,UPI,26,0,4,9,Sep,Monday,3
ORD102624,2023-10-25 15:29:00,Sports,2042.59,1,5,1940.46,North,Credit Card,30,0,3,10,Oct,Wednesday,4
ORD102625,2023-06-13 20:04:00,Electronics,7873.42,1,0,7873.42,South,Credit Card,34,0,4,6,Jun,Tuesday,2
ORD102626,2023-02-12 15:12:00,Home & Kitchen,2063.18,1,5,1960.02,North,Credit Card,36,0,2,2,Feb,Sunday,1
ORD102627,2023-11-03 15:19:00,Clothing,889.37,3,10,2401.29,Central,UPI,19,0,5,11,Nov,Friday,4
ORD102628,2023-02-27 23:56:00,Home & Kitchen,2237.53,2,0,4475.06,West,Debit Card,62,0,4,2,Feb,Monday,1
ORD102629,2023-10-29 20:39:00,Clothing,901.64,2,10,1622.95,West,COD,55,0,5,10,Oct,Sunday,4
ORD102630,2023-07-28 19:17:00,Books,468.24,2,20,749.18,West,Debit Card,45,0,5,7,Jul,Friday,3
ORD102631,2023-09-17 15:32:00,Books,118.36,2,5,224.88,East,COD,37,0,4,9,Sep,Sunday,3
ORD102632,2023-05-16 17:15:00,Books,395.39,1,15,336.08,East,UPI,54,0,3,5,May,Tuesday,2
ORD102633,2023-09-15 09:40:00,Sports,3449.1,3,0,10347.31,West,UPI,61,0,5,9,Sep,Friday,3
ORD102634,2023-09-07 00:20:00,Clothing,1073.43,1,15,912.42,Central,Credit Card,35,0,4,9,Sep,Thursday,3
ORD102635,2023-04-02 02:48:00,Clothing,2009.33,2,5,3817.73,West,Debit Card,23,0,3,4,Apr,Sunday,2
ORD102636,2023-08-15 10:40:00,Electronics,6315.01,2,0,12630.02,Central,Net Banking,22,1,5,8,Aug,Tuesday,3
ORD102637,2023-02-25 07:13:00,Clothing,1584.1,1,5,1504.89,East,Credit Card,18,0,4,2,Feb,Saturday,1
ORD102638,2023-09-29 15:06:00,Books,624.71,3,5,1780.43,East,COD,19,0,4,9,Sep,Friday,3
ORD102639,2023-10-20 21:09:00,Clothing,733.75,4,0,2935.01,East,UPI,26,0,5,10,Oct,Friday,4
ORD102640,2023-03-29 05:39:00,Home & Kitchen,2799.95,4,0,11199.8,South,UPI,33,0,1,3,Mar,Wednesday,1
ORD102641,2023-08-31 20:38:00,Sports,619.19,2,10,1114.54,West,Debit Card,30,1,2,8,Aug,Thursday,3
ORD102642,2023-04-28 08:30:00,Books,444.22,1,10,399.8,East,UPI,29,0,3,4,Apr,Friday,2
ORD102643,2023-06-20 23:22:00,Books,370.64,2,5,704.22,East,Credit Card,35,0,4,6,Jun,Tuesday,2
ORD102644,2023-10-16 12:48:00,Home & Kitchen,674.38,1,5,640.66,West,UPI,35,0,4,10,Oct,Monday,4
ORD102645,2023-01-29 13:22:00,Home & Kitchen,2169.94,1,5,2061.44,South,COD,25,0,5,1,Jan,Sunday,1
ORD102646,2023-01-10 22:12:00,Books,600.32,1,0,600.32,South,Debit Card,42,0,4,1,Jan,Tuesday,1
ORD102647,2023-05-31 11:01:00,Books,283.69,3,0,851.08,East,Credit Card,37,0,4,5,May,Wednesday,2
ORD102648,2023-06-16 17:35:00,Home & Kitchen,2756.67,2,15,4686.33,South,Debit Card,44,0,4,6,Jun,Friday,2
ORD102649,2023-09-15 14:54:00,Sports,1268.41,2,0,2536.81,East,UPI,48,1,4,9,Sep,Friday,3
ORD102650,2023-03-24 10:46:00,Clothing,1282.0,2,10,2307.61,West,COD,48,0,4,3,Mar,Friday,1
ORD102651,2023-08-29 01:49:00,Sports,880.86,1,0,880.86,West,Debit Card,41,0,4,8,Aug,Tuesday,3
ORD102652,2023-09-07 07:17:00,Beauty,1363.57,5,0,6817.84,Central,Credit Card,53,0,3,9,Sep,Thursday,3
ORD102653,2023-02-21 01:40:00,Electronics,11806.88,1,0,11806.88,East,UPI,34,0,4,2,Feb,Tuesday,1
ORD102654,2023-08-13 09:07:00,Books,469.84,2,5,892.69,West,UPI,37,0,5,8,Aug,Sunday,3
ORD102655,2023-02-07 10:49:00,Beauty,562.49,1,10,506.24,West,Net Banking,47,1,4,2,Feb,Tuesday,1
ORD102656,2023-10-29 09:36:00,Clothing,1315.23,1,20,1052.18,South,Credit Card,33,0,3,10,Oct,Sunday,4
ORD102657,2023-05-06 10:36:00,Home & Kitchen,2738.38,1,5,2601.46,Central,Debit Card,45,0,5,5,May,Saturday,2
ORD102658,2023-10-13 16:52:00,Books,215.14,3,5,613.15,East,Debit Card,49,0,4,10,Oct,Friday,4
ORD102659,2023-02-04 22:45:00,Clothing,798.47,3,10,2155.86,East,COD,54,0,4,2,Feb,Saturday,1
ORD102660,2023-08-17 23:56:00,Books,334.35,2,0,668.69,South,UPI,29,1,3,8,Aug,Thursday,3
ORD102661,2023-04-27 14:23:00,Home & Kitchen,2549.04,1,5,2421.59,East,UPI,35,0,4,4,Apr,Thursday,2
ORD102662,2023-05-13 08:38:00,Beauty,986.53,2,0,1973.05,North,UPI,50,0,3,5,May,Saturday,2
ORD102663,2023-07-30 13:25:00,Beauty,1052.49,1,15,894.62,West,Debit Card,55,0,3,7,Jul,Sunday,3
ORD102664,2023-01-31 16:23:00,Sports,2143.58,2,10,3858.44,North,Credit Card,23,0,5,1,Jan,Tuesday,1
ORD102665,2023-09-16 10:50:00,Electronics,9977.08,1,5,9478.22,Central,Credit Card,57,0,5,9,Sep,Saturday,3
ORD102666,2023-06-20 20:04:00,Sports,792.93,1,10,713.64,North,Credit Card,37,0,4,6,Jun,Tuesday,2
ORD102667,2023-02-27 17:10:00,Sports,2672.94,2,0,5345.88,Central,Net Banking,58,0,5,2,Feb,Monday,1
ORD102668,2023-10-21 14:39:00,Electronics,6875.62,1,0,6875.62,South,Debit Card,19,0,3,10,Oct,Saturday,4
ORD102669,2023-08-09 08:29:00,Beauty,1026.88,1,0,1026.88,West,Net Banking,54,0,5,8,Aug,Wednesday,3
ORD102670,2023-03-19 20:21:00,Beauty,1039.46,1,5,987.48,North,UPI,57,0,4,3,Mar,Sunday,1
ORD102671,2023-06-23 14:33:00,Sports,1670.64,1,10,1503.58,West,Net Banking,56,0,1,6,Jun,Friday,2
ORD102672,2023-10-22 09:00:00,Home & Kitchen,1211.38,3,0,3634.13,Central,Net Banking,27,0,1,10,Oct,Sunday,4
ORD102673,2023-01-05 07:20:00,Electronics,8042.05,1,0,8042.05,West,UPI,34,0,4,1,Jan,Thursday,1
ORD102674,2023-10-27 21:49:00,Clothing,694.44,1,5,659.72,East,Credit Card,51,0,4,10,Oct,Friday,4
ORD102675,2023-12-07 06:49:00,Beauty,600.1,4,0,2400.38,Central,COD,63,0,4,12,Dec,Thursday,4
ORD102676,2023-10-23 04:12:00,Beauty,1166.03,1,0,1166.03,South,UPI,26,0,5,10,Oct,Monday,4
ORD102677,2023-02-21 00:34:00,Clothing,1646.23,1,5,1563.92,Central,COD,37,0,3,2,Feb,Tuesday,1
ORD102678,2023-03-07 17:22:00,Electronics,6547.62,4,10,23571.43,North,UPI,53,0,5,3,Mar,Tuesday,1
ORD102679,2023-04-28 21:13:00,Books,286.28,1,0,286.28,South,UPI,24,0,4,4,Apr,Friday,2
ORD102680,2023-05-19 07:59:00,Home & Kitchen,1867.31,1,5,1773.95,South,Debit Card,62,0,5,5,May,Friday,2
ORD102681,2023-03-12 14:07:00,Electronics,8822.76,1,15,7499.35,West,UPI,42,0,1,3,Mar,Sunday,1
ORD102682,2023-04-17 12:03:00,Beauty,1120.6,1,5,1064.57,West,Credit Card,18,1,4,4,Apr,Monday,2
ORD102683,2023-04-16 12:37:00,Clothing,1036.1,2,10,1864.99,North,UPI,45,0,3,4,Apr,Sunday,2
ORD102684,2023-09-17 18:46:00,Clothing,664.92,1,5,631.67,Central,UPI,55,0,4,9,Sep,Sunday,3
ORD102685,2023-03-03 15:47:00,Clothing,1333.57,2,15,2267.07,Central,UPI,64,0,3,3,Mar,Friday,1
ORD102686,2023-08-01 06:13:00,Books,433.62,1,0,433.62,North,Debit Card,38,0,5,8,Aug,Tuesday,3
ORD102687,2023-09-02 08:32:00,Books,464.93,1,0,464.93,North,COD,39,0,1,9,Sep,Saturday,3
ORD102688,2023-01-04 12:51:00,Electronics,8560.04,2,15,14552.07,West,Credit Card,23,0,2,1,Jan,Wednesday,1
ORD102689,2023-07-01 11:19:00,Electronics,10760.93,2,10,19369.68,North,Credit Card,34,0,5,7,Jul,Saturday,3
ORD102690,2023-06-03 07:44:00,Beauty,1016.24,1,20,812.99,North,Debit Card,39,0,4,6,Jun,Saturday,2
ORD102691,2023-08-30 00:17:00,Home & Kitchen,3948.02,1,0,3948.02,East,UPI,38,1,4,8,Aug,Wednesday,3
ORD102692,2023-04-01 18:00:00,Clothing,2037.96,2,15,3464.53,South,Credit Card,20,0,4,4,Apr,Saturday,2
ORD102693,2023-12-22 15:48:00,Clothing,1480.38,1,20,1184.3,North,UPI,19,0,5,12,Dec,Friday,4
ORD102694,2023-12-05 09:23:00,Clothing,1629.19,2,10,2932.53,Central,Credit Card,63,0,3,12,Dec,Tuesday,4
ORD102695,2023-08-03 05:11:00,Clothing,989.0,3,5,2818.65,Central,COD,30,1,4,8,Aug,Thursday,3
ORD102696,2023-12-09 05:23:00,Beauty,702.14,1,10,631.92,North,Debit Card,35,0,4,12,Dec,Saturday,4
ORD102697,2023-09-12 06:19:00,Electronics,9497.42,1,0,9497.42,West,Debit Card,41,0,3,9,Sep,Tuesday,3
ORD102698,2023-11-15 10:01:00,Books,364.62,2,5,692.78,North,UPI,33,1,4,11,Nov,Wednesday,4
ORD102699,2023-01-18 23:55:00,Home & Kitchen,3039.04,1,0,3039.04,South,COD,58,0,3,1,Jan,Wednesday,1
ORD102700,2023-10-04 12:48:00,Electronics,11117.0,1,10,10005.3,Central,Debit Card,35,0,4,10,Oct,Wednesday,4
ORD102701,2023-03-22 03:00:00,Clothing,663.28,2,10,1193.91,East,Net Banking,18,0,1,3,Mar,Wednesday,1
ORD102702,2023-08-03 02:07:00,Electronics,11795.08,1,10,10615.57,West,Credit Card,43,0,2,8,Aug,Thursday,3
ORD102703,2023-10-02 14:08:00,Home & Kitchen,1818.6,2,0,3637.2,Central,Net Banking,23,0,4,10,Oct,Monday,4
ORD102704,2023-06-09 15:30:00,Electronics,5247.04,1,5,4984.69,East,UPI,28,0,3,6,Jun,Friday,2
ORD102705,2023-10-04 11:39:00,Beauty,698.57,1,0,698.57,North,Credit Card,60,0,4,10,Oct,Wednesday,4
ORD102706,2023-10-20 06:08:00,Beauty,676.01,1,10,608.41,South,Credit Card,35,1,3,10,Oct,Friday,4
ORD102707,2023-04-26 21:05:00,Clothing,978.92,2,10,1762.05,North,Debit Card,28,0,5,4,Apr,Wednesday,2
ORD102708,2023-11-11 03:15:00,Books,139.33,1,5,132.36,South,UPI,56,0,1,11,Nov,Saturday,4
ORD102709,2023-12-04 09:21:00,Beauty,750.3,1,0,750.3,West,Debit Card,46,0,4,12,Dec,Monday,4
ORD102710,2023-09-22 18:56:00,Sports,2094.62,2,10,3770.31,East,Debit Card,59,0,4,9,Sep,Friday,3
ORD102711,2023-06-17 13:23:00,Clothing,1463.78,5,10,6586.99,South,Credit Card,62,0,3,6,Jun,Saturday,2
ORD102712,2023-07-17 20:03:00,Electronics,10398.46,2,0,20796.91,South,COD,21,0,4,7,Jul,Monday,3
ORD102713,2023-03-15 20:02:00,Electronics,6970.63,2,0,13941.26,South,UPI,27,0,3,3,Mar,Wednesday,1
ORD102714,2023-01-06 18:30:00,Books,393.29,1,10,353.96,West,Net Banking,48,0,5,1,Jan,Friday,1
ORD102715,2023-11-18 18:25:00,Clothing,1418.63,1,5,1347.7,West,COD,34,0,4,11,Nov,Saturday,4
ORD102716,2023-11-15 08:34:00,Home & Kitchen,2301.09,5,0,11505.47,West,UPI,35,1,5,11,Nov,Wednesday,4
ORD102717,2023-12-02 16:59:00,Books,217.45,1,0,217.45,East,UPI,22,0,3,12,Dec,Saturday,4
ORD102718,2023-05-11 10:51:00,Clothing,1296.88,2,5,2464.06,West,Debit Card,32,0,5,5,May,Thursday,2
ORD102719,2023-12-06 03:42:00,Home & Kitchen,1086.04,2,0,2172.09,East,Debit Card,43,0,2,12,Dec,Wednesday,4
ORD102720,2023-02-02 11:27:00,Books,541.67,4,20,1733.35,North,COD,23,0,5,2,Feb,Thursday,1
ORD102721,2023-02-18 07:29:00,Clothing,1406.05,5,0,7030.27,North,UPI,29,0,5,2,Feb,Saturday,1
ORD102722,2023-06-01 04:55:00,Beauty,377.79,1,10,340.01,East,UPI,20,0,4,6,Jun,Thursday,2
ORD102723,2023-10-11 02:55:00,Home & Kitchen,1880.74,3,0,5642.23,Central,UPI,26,0,5,10,Oct,Wednesday,4
ORD102724,2023-04-10 04:53:00,Sports,2265.89,2,5,4305.19,South,Debit Card,28,0,5,4,Apr,Monday,2
ORD102725,2023-07-01 16:38:00,Clothing,1346.67,2,10,2424.0,South,Credit Card,32,0,4,7,Jul,Saturday,3
ORD102726,2023-09-26 01:51:00,Sports,2078.78,1,0,2078.78,Central,UPI,63,0,5,9,Sep,Tuesday,3
ORD102727,2023-12-22 16:10:00,Clothing,616.29,1,5,585.48,East,UPI,49,0,1,12,Dec,Friday,4
ORD102728,2023-03-26 20:40:00,Beauty,611.98,1,20,489.58,Central,UPI,22,0,4,3,Mar,Sunday,1
ORD102729,2023-03-19 17:39:00,Beauty,978.55,1,5,929.62,West,Net Banking,39,0,5,3,Mar,Sunday,1
ORD102730,2023-01-26 12:18:00,Books,373.29,4,10,1343.83,West,COD,39,0,5,1,Jan,Thursday,1
ORD102731,2023-09-01 14:20:00,Home & Kitchen,911.14,1,10,820.03,South,Debit Card,48,0,4,9,Sep,Friday,3
ORD102732,2023-01-01 02:16:00,Books,568.15,5,0,2840.74,Central,Debit Card,32,0,4,1,Jan,Sunday,1
ORD102733,2023-11-10 19:04:00,Clothing,1523.84,1,0,1523.84,North,Debit Card,39,0,5,11,Nov,Friday,4
ORD102734,2023-03-15 15:52:00,Clothing,1900.79,1,0,1900.79,South,Debit Card,57,0,5,3,Mar,Wednesday,1
ORD102735,2023-07-20 05:41:00,Clothing,697.21,1,10,627.49,West,UPI,48,0,3,7,Jul,Thursday,3
ORD102736,2023-05-08 11:04:00,Clothing,2078.54,1,0,2078.54,South,COD,49,1,4,5,May,Monday,2
ORD102737,2023-03-13 12:07:00,Books,516.19,2,0,1032.37,Central,COD,22,0,3,3,Mar,Monday,1
ORD102738,2023-04-16 14:09:00,Clothing,497.78,2,10,896.0,East,Debit Card,22,0,4,4,Apr,Sunday,2
ORD102739,2023-11-23 03:33:00,Electronics,11229.97,3,20,26951.93,East,Credit Card,28,0,1,11,Nov,Thursday,4
ORD102740,2023-11-03 15:14:00,Beauty,595.53,3,10,1607.92,West,UPI,62,0,2,11,Nov,Friday,4
ORD102741,2023-10-05 23:39:00,Electronics,6702.09,1,10,6031.88,West,UPI,26,0,4,10,Oct,Thursday,4
ORD102742,2023-06-24 08:02:00,Beauty,494.8,1,5,470.06,West,Net Banking,52,0,2,6,Jun,Saturday,2
ORD102743,2023-02-27 20:29:00,Books,632.54,2,5,1201.83,West,Credit Card,40,0,5,2,Feb,Monday,1
ORD102744,2023-12-21 15:48:00,Beauty,917.64,2,0,1835.27,East,UPI,43,0,3,12,Dec,Thursday,4
ORD102745,2023-02-15 23:38:00,Electronics,2553.5,2,15,4340.96,Central,Net Banking,50,0,3,2,Feb,Wednesday,1
ORD102746,2023-12-07 15:53:00,Clothing,1189.38,2,5,2259.82,West,Credit Card,63,0,1,12,Dec,Thursday,4
ORD102747,2023-02-23 08:53:00,Beauty,924.33,1,5,878.11,East,COD,53,1,4,2,Feb,Thursday,1
ORD102748,2023-09-18 10:26:00,Beauty,881.67,1,5,837.59,East,COD,39,0,4,9,Sep,Monday,3
ORD102749,2023-01-07 03:45:00,Electronics,9054.84,1,0,9054.84,West,UPI,35,0,4,1,Jan,Saturday,1
ORD102750,2023-04-24 18:27:00,Home & Kitchen,2231.95,1,0,2231.95,East,UPI,39,0,5,4,Apr,Monday,2
ORD102751,2023-09-07 17:38:00,Beauty,807.16,1,0,807.16,Central,UPI,47,0,4,9,Sep,Thursday,3
ORD102752,2023-12-08 12:02:00,Sports,2487.41,1,0,2487.41,Central,UPI,29,0,5,12,Dec,Friday,4
ORD102753,2023-02-20 18:06:00,Beauty,770.77,4,0,3083.07,North,COD,28,0,4,2,Feb,Monday,1
ORD102754,2023-07-04 18:43:00,Clothing,1261.95,2,5,2397.71,Central,Credit Card,43,0,1,7,Jul,Tuesday,3
ORD102755,2023-01-21 11:41:00,Home & Kitchen,1701.19,2,15,2892.03,West,Net Banking,19,1,2,1,Jan,Saturday,1
ORD102756,2023-09-25 01:25:00,Sports,2250.85,1,15,1913.22,West,Debit Card,19,0,3,9,Sep,Monday,3
ORD102757,2023-04-21 18:11:00,Electronics,15782.12,1,5,14993.01,North,Debit Card,23,0,4,4,Apr,Friday,2
ORD102758,2023-02-20 09:58:00,Books,229.66,1,5,218.18,West,Net Banking,47,1,1,2,Feb,Monday,1
ORD102759,2023-08-22 08:22:00,Beauty,1021.57,4,5,3881.97,East,UPI,37,0,4,8,Aug,Tuesday,3
ORD102760,2023-05-22 14:50:00,Clothing,1573.84,1,0,1573.84,North,UPI,39,0,5,5,May,Monday,2
ORD102761,2023-11-22 08:49:00,Beauty,779.74,1,10,701.77,South,UPI,43,0,4,11,Nov,Wednesday,4
ORD102762,2023-11-28 10:47:00,Sports,3332.69,4,10,11997.7,West,Debit Card,49,0,4,11,Nov,Tuesday,4
ORD102763,2023-09-13 02:21:00,Clothing,1242.09,1,0,1242.09,East,Credit Card,35,0,5,9,Sep,Wednesday,3
ORD102764,2023-04-27 10:53:00,Beauty,1259.28,1,10,1133.35,East,UPI,26,0,4,4,Apr,Thursday,2
ORD102765,2023-02-16 20:25:00,Beauty,938.64,1,15,797.85,East,Debit Card,39,0,4,2,Feb,Thursday,1
ORD102766,2023-04-06 12:12:00,Beauty,439.18,1,0,439.18,East,Net Banking,42,0,2,4,Apr,Thursday,2
ORD102767,2023-06-29 10:51:00,Home & Kitchen,947.22,1,5,899.86,West,Net Banking,29,0,5,6,Jun,Thursday,2
ORD102768,2023-03-28 10:01:00,Clothing,1934.73,1,10,1741.25,North,UPI,60,1,4,3,Mar,Tuesday,1
ORD102769,2023-09-17 22:41:00,Books,167.38,2,0,334.76,Central,UPI,20,0,5,9,Sep,Sunday,3
ORD102770,2023-10-03 05:25:00,Sports,558.57,1,15,474.79,Central,Debit Card,25,0,3,10,Oct,Tuesday,4
ORD102771,2023-02-17 02:45:00,Clothing,1855.23,2,0,3710.45,Central,COD,45,0,2,2,Feb,Friday,1
ORD102772,2023-07-27 08:09:00,Beauty,714.05,1,10,642.64,East,Credit Card,64,0,4,7,Jul,Thursday,3
ORD102773,2023-03-10 12:06:00,Home & Kitchen,2601.87,2,0,5203.75,East,Credit Card,46,0,4,3,Mar,Friday,1
ORD102774,2023-06-15 07:28:00,Electronics,6471.88,1,0,6471.88,North,UPI,40,0,3,6,Jun,Thursday,2
ORD102775,2023-12-08 08:01:00,Clothing,1429.64,1,0,1429.64,West,UPI,34,1,4,12,Dec,Friday,4
ORD102776,2023-04-23 07:56:00,Beauty,603.43,1,0,603.43,South,Credit Card,48,0,4,4,Apr,Sunday,2
ORD102777,2023-03-16 00:18:00,Clothing,1466.51,1,0,1466.51,South,COD,37,0,5,3,Mar,Thursday,1
ORD102778,2023-09-05 14:26:00,Sports,1290.77,2,5,2452.47,Central,Credit Card,53,0,4,9,Sep,Tuesday,3
ORD102779,2023-04-09 13:11:00,Sports,1885.61,3,5,5374.0,Central,Credit Card,64,0,3,4,Apr,Sunday,2
ORD102780,2023-10-22 12:47:00,Beauty,590.41,1,0,590.41,East,Debit Card,21,0,4,10,Oct,Sunday,4
ORD102781,2023-05-15 13:23:00,Books,378.03,2,5,718.25,East,COD,23,1,5,5,May,Monday,2
ORD102782,2023-06-13 17:22:00,Clothing,1777.75,3,5,5066.57,North,COD,47,0,4,6,Jun,Tuesday,2
ORD102783,2023-06-14 22:15:00,Clothing,1451.83,2,10,2613.3,Central,Credit Card,39,0,3,6,Jun,Wednesday,2
ORD102784,2023-09-17 22:30:00,Electronics,9865.92,3,5,28117.88,Central,UPI,58,0,2,9,Sep,Sunday,3
ORD102785,2023-04-27 23:22:00,Sports,227.81,1,10,205.03,Central,Net Banking,24,1,4,4,Apr,Thursday,2
ORD102786,2023-08-27 08:36:00,Clothing,1462.12,3,5,4167.03,North,Credit Card,52,0,2,8,Aug,Sunday,3
ORD102787,2023-09-12 18:27:00,Home & Kitchen,3936.36,1,5,3739.54,North,COD,18,0,4,9,Sep,Tuesday,3
ORD102788,2023-01-12 17:28:00,Clothing,679.35,1,15,577.45,Central,Debit Card,23,0,3,1,Jan,Thursday,1
ORD102789,2023-09-02 22:09:00,Books,220.83,1,10,198.75,North,Debit Card,24,0,4,9,Sep,Saturday,3
ORD102790,2023-05-22 18:16:00,Electronics,9703.41,2,10,17466.15,North,Debit Card,18,0,4,5,May,Monday,2
ORD102791,2023-08-09 22:48:00,Home & Kitchen,3683.99,1,15,3131.39,South,COD,48,0,4,8,Aug,Wednesday,3
ORD102792,2023-12-05 14:19:00,Clothing,1476.83,1,10,1329.14,Central,Debit Card,53,0,5,12,Dec,Tuesday,4
ORD102793,2023-06-19 07:36:00,Books,565.56,2,0,1131.12,Central,COD,50,0,5,6,Jun,Monday,2
ORD102794,2023-10-04 21:37:00,Clothing,1249.56,1,5,1187.08,East,Net Banking,34,0,3,10,Oct,Wednesday,4
ORD102795,2023-01-28 22:48:00,Sports,1827.55,1,15,1553.42,East,Credit Card,41,0,3,1,Jan,Saturday,1
ORD102796,2023-11-11 02:33:00,Electronics,8780.88,1,0,8780.88,West,Debit Card,58,0,4,11,Nov,Saturday,4
ORD102797,2023-04-10 07:38:00,Beauty,724.89,1,10,652.4,South,Net Banking,20,0,4,4,Apr,Monday,2
ORD102798,2023-11-29 15:46:00,Electronics,7586.56,2,5,14414.46,North,UPI,36,0,3,11,Nov,Wednesday,4
ORD102799,2023-07-26 18:44:00,Electronics,16731.13,1,0,16731.13,West,Net Banking,53,0,3,7,Jul,Wednesday,3
ORD102800,2023-12-23 15:08:00,Home & Kitchen,2463.87,2,15,4188.58,East,UPI,45,0,4,12,Dec,Saturday,4
ORD102801,2023-07-01 05:45:00,Books,442.91,1,20,354.33,West,Net Banking,61,0,3,7,Jul,Saturday,3
ORD102802,2023-02-16 05:16:00,Home & Kitchen,2576.72,4,5,9791.54,West,UPI,57,1,5,2,Feb,Thursday,1
ORD102803,2023-11-28 20:05:00,Books,355.51,1,5,337.73,East,Credit Card,21,0,4,11,Nov,Tuesday,4
ORD102804,2023-09-26 08:01:00,Electronics,9672.62,2,5,18377.99,Central,UPI,51,0,5,9,Sep,Tuesday,3
ORD102805,2023-01-31 21:23:00,Sports,2568.51,2,0,5137.03,North,UPI,60,0,5,1,Jan,Tuesday,1
ORD102806,2023-01-07 00:20:00,Sports,2253.65,1,5,2140.97,West,UPI,51,0,3,1,Jan,Saturday,1
ORD102807,2023-10-16 11:54:00,Sports,2786.93,3,5,7942.76,North,COD,24,0,3,10,Oct,Monday,4
ORD102808,2023-11-22 19:31:00,Clothing,795.22,2,5,1510.91,South,Credit Card,34,0,4,11,Nov,Wednesday,4
ORD102809,2023-02-19 21:58:00,Books,246.65,2,0,493.31,South,Credit Card,25,0,3,2,Feb,Sunday,1
ORD102810,2023-04-01 14:45:00,Sports,1089.05,1,5,1034.59,South,Credit Card,20,0,5,4,Apr,Saturday,2
ORD102811,2023-01-16 19:02:00,Home & Kitchen,1382.14,1,15,1174.82,Central,Net Banking,29,0,4,1,Jan,Monday,1
ORD102812,2023-06-09 09:06:00,Electronics,10380.44,3,5,29584.25,East,Debit Card,47,1,5,6,Jun,Friday,2
ORD102813,2023-09-23 05:57:00,Sports,1219.23,1,0,1219.23,North,Credit Card,50,0,5,9,Sep,Saturday,3
ORD102814,2023-03-21 19:58:00,Sports,928.06,2,15,1577.71,East,COD,46,0,1,3,Mar,Tuesday,1
ORD102815,2023-10-08 12:50:00,Beauty,699.55,1,10,629.59,West,COD,39,0,4,10,Oct,Sunday,4
ORD102816,2023-10-11 02:21:00,Beauty,811.49,1,0,811.49,South,UPI,62,0,3,10,Oct,Wednesday,4
ORD102817,2023-09-09 06:50:00,Clothing,1528.8,2,5,2904.72,West,UPI,40,0,5,9,Sep,Saturday,3
ORD102818,2023-09-03 21:45:00,Electronics,8223.65,1,10,7401.28,Central,UPI,29,0,5,9,Sep,Sunday,3
ORD102819,2023-02-16 21:41:00,Sports,1893.62,3,0,5680.86,East,COD,60,0,4,2,Feb,Thursday,1
ORD102820,2023-10-22 22:34:00,Sports,1071.16,3,5,3052.8,Central,UPI,58,0,5,10,Oct,Sunday,4
ORD102821,2023-11-26 06:18:00,Sports,3140.95,2,5,5967.8,East,UPI,39,0,3,11,Nov,Sunday,4
ORD102822,2023-05-30 20:27:00,Clothing,397.6,2,5,755.44,West,Credit Card,51,0,5,5,May,Tuesday,2
ORD102823,2023-09-09 00:31:00,Electronics,9008.21,1,20,7206.57,North,UPI,56,0,4,9,Sep,Saturday,3
ORD102824,2023-11-09 12:19:00,Home & Kitchen,2063.43,1,0,2063.43,West,COD,40,0,3,11,Nov,Thursday,4
ORD102825,2023-12-17 22:03:00,Books,525.48,1,0,525.48,Central,Net Banking,23,0,4,12,Dec,Sunday,4
ORD102826,2023-02-15 09:57:00,Clothing,934.96,5,10,4207.3,Central,Debit Card,47,0,3,2,Feb,Wednesday,1
ORD102827,2023-10-05 05:41:00,Sports,1867.83,1,0,1867.83,East,Debit Card,58,0,4,10,Oct,Thursday,4
ORD102828,2023-01-15 01:19:00,Sports,1935.04,1,5,1838.29,West,UPI,45,0,3,1,Jan,Sunday,1
ORD102829,2023-01-27 21:55:00,Sports,1413.63,2,15,2403.17,West,Debit Card,23,0,4,1,Jan,Friday,1
ORD102830,2023-04-02 16:23:00,Sports,1032.41,1,5,980.78,North,COD,52,0,3,4,Apr,Sunday,2
ORD102831,2023-08-23 05:57:00,Electronics,13701.57,1,0,13701.57,South,Debit Card,51,0,2,8,Aug,Wednesday,3
ORD102832,2023-04-15 15:13:00,Electronics,7212.45,1,5,6851.83,Central,Debit Card,32,0,4,4,Apr,Saturday,2
ORD102833,2023-01-24 12:13:00,Electronics,8739.99,3,10,23597.97,North,COD,26,0,2,1,Jan,Tuesday,1
ORD102834,2023-05-04 21:52:00,Electronics,6596.6,2,0,13193.2,East,COD,22,0,4,5,May,Thursday,2
ORD102835,2023-04-27 11:58:00,Home & Kitchen,1405.07,1,10,1264.56,West,UPI,47,0,4,4,Apr,Thursday,2
ORD102836,2023-11-03 07:39:00,Clothing,1609.4,1,10,1448.46,East,Net Banking,42,0,5,11,Nov,Friday,4
ORD102837,2023-12-15 18:45:00,Home & Kitchen,1995.37,2,0,3990.73,East,UPI,48,0,4,12,Dec,Friday,4
ORD102838,2023-05-20 13:44:00,Beauty,565.04,1,0,565.04,North,Credit Card,44,0,1,5,May,Saturday,2
ORD102839,2023-07-13 08:53:00,Home & Kitchen,1474.79,2,0,2949.59,South,Net Banking,56,0,1,7,Jul,Thursday,3
ORD102840,2023-05-10 19:00:00,Home & Kitchen,2255.91,2,0,4511.82,West,UPI,32,0,3,5,May,Wednesday,2
ORD102841,2023-03-07 21:44:00,Home & Kitchen,3139.84,1,10,2825.85,South,UPI,37,0,5,3,Mar,Tuesday,1
ORD102842,2023-03-01 05:57:00,Electronics,5669.36,2,15,9637.91,West,UPI,24,0,4,3,Mar,Wednesday,1
ORD102843,2023-06-17 05:47:00,Sports,1107.88,1,0,1107.88,East,COD,39,0,4,6,Jun,Saturday,2
ORD102844,2023-12-22 12:18:00,Beauty,1436.58,2,10,2585.85,Central,UPI,30,0,3,12,Dec,Friday,4
ORD102845,2023-05-14 03:48:00,Sports,2792.55,1,0,2792.55,North,UPI,42,0,4,5,May,Sunday,2
ORD102846,2023-02-14 17:54:00,Clothing,1340.14,1,15,1139.12,West,UPI,49,0,1,2,Feb,Tuesday,1
ORD102847,2023-01-19 15:30:00,Sports,2686.07,1,5,2551.76,North,UPI,56,0,3,1,Jan,Thursday,1
ORD102848,2023-07-18 05:05:00,Electronics,12231.61,3,5,34860.08,North,UPI,34,0,5,7,Jul,Tuesday,3
ORD102849,2023-07-09 14:47:00,Sports,2155.95,1,0,2155.95,South,Credit Card,41,0,4,7,Jul,Sunday,3
ORD102850,2023-12-06 16:49:00,Electronics,5796.21,1,0,5796.21,South,Debit Card,26,0,3,12,Dec,Wednesday,4
ORD102851,2023-06-12 01:36:00,Beauty,751.16,3,5,2140.82,North,COD,24,1,4,6,Jun,Monday,2
ORD102852,2023-05-09 05:22:00,Books,488.66,3,5,1392.68,West,UPI,38,0,5,5,May,Tuesday,2
ORD102853,2023-01-29 12:24:00,Beauty,1302.78,3,10,3517.5,South,COD,29,1,4,1,Jan,Sunday,1
ORD102854,2023-02-02 07:11:00,Sports,1499.12,3,15,3822.75,South,UPI,47,0,4,2,Feb,Thursday,1
ORD102855,2023-08-13 00:55:00,Beauty,754.02,1,0,754.02,West,UPI,19,0,4,8,Aug,Sunday,3
ORD102856,2023-11-05 16:18:00,Clothing,1591.81,1,0,1591.81,Central,UPI,23,0,5,11,Nov,Sunday,4
ORD102857,2023-06-12 01:07:00,Sports,1208.38,1,5,1147.96,North,Credit Card,30,0,4,6,Jun,Monday,2
ORD102858,2023-01-09 19:46:00,Sports,2377.01,1,0,2377.01,South,Debit Card,51,0,3,1,Jan,Monday,1
ORD102859,2023-07-09 01:09:00,Books,338.03,1,0,338.03,North,Debit Card,24,0,4,7,Jul,Sunday,3
ORD102860,2023-07-15 00:36:00,Electronics,10032.2,1,0,10032.2,North,Net Banking,45,0,4,7,Jul,Saturday,3
ORD102861,2023-03-03 07:48:00,Sports,1559.34,4,0,6237.37,North,Credit Card,32,0,4,3,Mar,Friday,1
ORD102862,2023-01-11 20:52:00,Electronics,3258.27,1,0,3258.27,West,COD,53,0,4,1,Jan,Wednesday,1
ORD102863,2023-07-17 09:43:00,Beauty,1212.94,4,10,4366.57,Central,UPI,31,0,4,7,Jul,Monday,3
ORD102864,2023-05-02 21:31:00,Beauty,795.04,5,0,3975.19,Central,UPI,21,0,5,5,May,Tuesday,2
ORD102865,2023-08-21 15:58:00,Beauty,706.63,1,10,635.97,South,Credit Card,62,0,1,8,Aug,Monday,3
ORD102866,2023-04-25 04:18:00,Books,301.32,3,10,813.55,South,COD,22,0,4,4,Apr,Tuesday,2
ORD102867,2023-05-12 05:23:00,Home & Kitchen,3032.51,3,0,9097.54,North,Credit Card,45,0,4,5,May,Friday,2
ORD102868,2023-03-15 01:29:00,Books,443.7,1,0,443.7,West,Debit Card,21,0,3,3,Mar,Wednesday,1
ORD102869,2023-04-27 12:08:00,Sports,3632.09,1,0,3632.09,East,UPI,61,0,3,4,Apr,Thursday,2
ORD102870,2023-08-04 13:29:00,Home & Kitchen,2275.62,1,5,2161.84,West,Credit Card,50,0,5,8,Aug,Friday,3
ORD102871,2023-08-26 11:21:00,Home & Kitchen,2798.58,2,0,5597.15,East,Debit Card,61,0,5,8,Aug,Saturday,3
ORD102872,2023-09-29 06:15:00,Clothing,2017.3,4,10,7262.3,South,Debit Card,62,0,4,9,Sep,Friday,3
ORD102873,2023-04-10 23:42:00,Sports,3334.54,2,0,6669.08,Central,UPI,46,0,3,4,Apr,Monday,2
ORD102874,2023-10-08 13:23:00,Home & Kitchen,3309.75,4,5,12577.06,East,UPI,26,1,4,10,Oct,Sunday,4
ORD102875,2023-08-29 03:34:00,Clothing,834.7,2,10,1502.45,West,UPI,21,0,4,8,Aug,Tuesday,3
ORD102876,2023-07-31 01:12:00,Sports,1897.76,1,15,1613.1,South,UPI,40,0,4,7,Jul,Monday,3
ORD102877,2023-12-04 12:59:00,Clothing,1227.65,1,5,1166.27,Central,Credit Card,34,0,3,12,Dec,Monday,4
ORD102878,2023-01-13 22:13:00,Home & Kitchen,1411.73,2,5,2682.28,West,Credit Card,37,0,5,1,Jan,Friday,1
ORD102879,2023-05-20 23:43:00,Clothing,772.21,2,5,1467.2,Central,Debit Card,60,0,4,5,May,Saturday,2
ORD102880,2023-07-25 18:50:00,Beauty,613.62,1,0,613.62,South,UPI,48,0,3,7,Jul,Tuesday,3
ORD102881,2023-08-28 07:55:00,Books,526.98,1,0,526.98,South,Debit Card,18,0,5,8,Aug,Monday,3
ORD102882,2023-06-11 19:59:00,Home & Kitchen,1380.57,1,5,1311.54,Central,Credit Card,33,0,3,6,Jun,Sunday,2
ORD102883,2023-01-19 21:06:00,Beauty,1254.24,2,0,2508.48,North,UPI,64,1,4,1,Jan,Thursday,1
ORD102884,2023-01-28 10:54:00,Electronics,8237.71,1,10,7413.94,North,UPI,55,1,4,1,Jan,Saturday,1
ORD102885,2023-04-14 23:09:00,Books,371.54,2,10,668.78,South,UPI,33,0,4,4,Apr,Friday,2
ORD102886,2023-07-05 19:58:00,Electronics,8774.5,1,0,8774.5,East,Credit Card,57,0,4,7,Jul,Wednesday,3
ORD102887,2023-09-01 10:45:00,Home & Kitchen,2666.21,3,5,7598.71,South,UPI,64,0,2,9,Sep,Friday,3
ORD102888,2023-10-15 05:57:00,Electronics,6931.92,5,5,32926.64,South,UPI,41,1,4,10,Oct,Sunday,4
ORD102889,2023-09-30 19:26:00,Electronics,8251.23,5,10,37130.54,South,Credit Card,24,0,4,9,Sep,Saturday,3
ORD102890,2023-08-29 22:17:00,Beauty,869.24,1,10,782.31,South,COD,19,0,4,8,Aug,Tuesday,3
ORD102891,2023-03-17 14:06:00,Beauty,1030.34,2,10,1854.61,North,UPI,19,0,4,3,Mar,Friday,1
ORD102892,2023-08-31 12:30:00,Home & Kitchen,2052.56,1,0,2052.56,South,Debit Card,41,0,2,8,Aug,Thursday,3
ORD102893,2023-12-19 11:59:00,Sports,2088.48,1,0,2088.48,West,Credit Card,46,0,3,12,Dec,Tuesday,4
ORD102894,2023-08-18 00:31:00,Clothing,1089.12,1,5,1034.66,Central,UPI,29,0,4,8,Aug,Friday,3
ORD102895,2023-02-13 11:04:00,Books,444.15,1,5,421.95,South,UPI,21,0,2,2,Feb,Monday,1
ORD102896,2023-12-13 12:58:00,Books,253.62,1,10,228.25,South,UPI,20,0,5,12,Dec,Wednesday,4
ORD102897,2023-04-11 20:20:00,Beauty,801.28,1,0,801.28,East,Debit Card,45,0,3,4,Apr,Tuesday,2
ORD102898,2023-07-01 19:51:00,Electronics,7545.49,2,0,15090.99,West,UPI,28,0,5,7,Jul,Saturday,3
ORD102899,2023-08-02 05:23:00,Sports,2030.53,1,10,1827.47,East,UPI,30,0,5,8,Aug,Wednesday,3
ORD102900,2023-09-24 00:31:00,Books,504.92,1,5,479.67,East,COD,60,0,4,9,Sep,Sunday,3
ORD102901,2023-11-29 07:44:00,Electronics,11976.26,1,0,11976.26,East,UPI,63,0,4,11,Nov,Wednesday,4
ORD102902,2023-06-22 01:17:00,Home & Kitchen,2684.3,5,0,13421.51,West,Debit Card,39,0,4,6,Jun,Thursday,2
ORD102903,2023-10-10 01:08:00,Books,479.54,1,10,431.59,Central,UPI,20,0,4,10,Oct,Tuesday,4
ORD102904,2023-01-10 09:24:00,Sports,1547.33,3,5,4409.88,South,COD,27,0,5,1,Jan,Tuesday,1
ORD102905,2023-07-18 01:44:00,Home & Kitchen,304.31,1,0,304.31,East,Debit Card,34,0,5,7,Jul,Tuesday,3
ORD102906,2023-07-07 16:54:00,Books,455.91,3,5,1299.34,West,Credit Card,19,0,4,7,Jul,Friday,3
ORD102907,2023-03-09 11:46:00,Books,204.36,1,10,183.92,East,Credit Card,62,0,5,3,Mar,Thursday,1
ORD102908,2023-05-25 08:05:00,Home & Kitchen,1434.5,1,0,1434.5,West,COD,37,0,4,5,May,Thursday,2
ORD102909,2023-12-08 10:55:00,Electronics,8028.74,1,10,7225.86,Central,Net Banking,47,0,4,12,Dec,Friday,4
ORD102910,2023-03-07 03:15:00,Electronics,7887.81,1,5,7493.42,North,UPI,54,0,5,3,Mar,Tuesday,1
ORD102911,2023-03-20 18:51:00,Electronics,3724.53,2,10,6704.16,South,Debit Card,30,0,2,3,Mar,Monday,1
ORD102912,2023-01-05 23:00:00,Electronics,10387.54,2,10,18697.57,East,Net Banking,24,0,4,1,Jan,Thursday,1
ORD102913,2023-02-06 04:37:00,Sports,659.63,1,5,626.65,West,Debit Card,24,0,4,2,Feb,Monday,1
ORD102914,2023-12-07 03:39:00,Books,346.93,1,10,312.24,North,UPI,23,0,4,12,Dec,Thursday,4
ORD102915,2023-04-13 23:59:00,Clothing,1242.67,1,5,1180.54,North,UPI,61,0,3,4,Apr,Thursday,2
ORD102916,2023-02-16 00:27:00,Beauty,655.65,1,10,590.08,South,UPI,52,0,3,2,Feb,Thursday,1
ORD102917,2023-02-10 12:20:00,Beauty,707.45,2,5,1344.15,Central,UPI,26,0,4,2,Feb,Friday,1
ORD102918,2023-12-29 15:38:00,Clothing,774.01,2,10,1393.23,South,Credit Card,54,0,4,12,Dec,Friday,4
ORD102919,2023-12-13 18:55:00,Beauty,988.86,1,15,840.53,North,Credit Card,54,0,5,12,Dec,Wednesday,4
ORD102920,2023-01-04 02:11:00,Sports,2452.21,1,15,2084.38,South,UPI,59,0,2,1,Jan,Wednesday,1
ORD102921,2023-10-22 06:44:00,Sports,3177.02,1,0,3177.02,North,Debit Card,53,0,3,10,Oct,Sunday,4
ORD102922,2023-04-07 05:54:00,Electronics,6631.81,1,10,5968.63,East,Debit Card,63,0,4,4,Apr,Friday,2
ORD102923,2023-03-25 12:40:00,Clothing,674.34,1,0,674.34,Central,UPI,33,0,3,3,Mar,Saturday,1
ORD102924,2023-09-17 20:18:00,Home & Kitchen,2299.71,1,10,2069.74,South,Credit Card,52,0,4,9,Sep,Sunday,3
ORD102925,2023-05-04 16:00:00,Books,312.03,2,0,624.07,East,UPI,26,0,1,5,May,Thursday,2
ORD102926,2023-02-03 01:04:00,Clothing,606.05,1,0,606.05,West,UPI,34,0,3,2,Feb,Friday,1
ORD102927,2023-01-31 19:48:00,Beauty,895.18,5,10,4028.29,West,UPI,40,0,4,1,Jan,Tuesday,1
ORD102928,2023-08-17 00:47:00,Beauty,860.21,1,0,860.21,North,UPI,42,0,4,8,Aug,Thursday,3
ORD102929,2023-12-24 21:38:00,Books,877.65,1,0,877.65,North,Credit Card,59,0,4,12,Dec,Sunday,4
ORD102930,2023-06-13 14:22:00,Beauty,804.06,1,20,643.25,West,UPI,49,0,5,6,Jun,Tuesday,2
ORD102931,2023-09-08 10:34:00,Books,247.31,1,0,247.31,South,UPI,25,0,1,9,Sep,Friday,3
ORD102932,2023-01-22 22:22:00,Clothing,989.51,1,5,940.03,West,Credit Card,25,0,5,1,Jan,Sunday,1
ORD102933,2023-06-16 12:29:00,Home & Kitchen,2272.03,4,5,8633.73,West,Credit Card,34,0,5,6,Jun,Friday,2
ORD102934,2023-07-17 13:01:00,Clothing,991.89,1,0,991.89,South,Debit Card,53,0,4,7,Jul,Monday,3
ORD102935,2023-11-20 04:25:00,Home & Kitchen,1764.94,1,0,1764.94,East,UPI,37,0,2,11,Nov,Monday,4
ORD102936,2023-03-30 04:37:00,Beauty,990.05,4,0,3960.21,South,UPI,63,0,3,3,Mar,Thursday,1
ORD102937,2023-07-20 15:09:00,Electronics,2562.01,1,5,2433.91,East,UPI,37,0,5,7,Jul,Thursday,3
ORD102938,2023-09-12 12:10:00,Electronics,9751.5,1,20,7801.2,East,Net Banking,23,0,4,9,Sep,Tuesday,3
ORD102939,2023-05-23 07:12:00,Sports,1722.54,1,0,1722.54,West,Credit Card,52,0,4,5,May,Tuesday,2
ORD102940,2023-08-10 13:54:00,Home & Kitchen,2465.38,1,5,2342.11,South,Credit Card,18,0,4,8,Aug,Thursday,3
ORD102941,2023-01-31 11:06:00,Beauty,1103.58,1,20,882.87,North,COD,19,0,4,1,Jan,Tuesday,1
ORD102942,2023-09-02 19:18:00,Beauty,933.32,1,5,886.65,South,UPI,60,0,5,9,Sep,Saturday,3
ORD102943,2023-04-21 13:31:00,Home & Kitchen,811.41,3,10,2190.81,North,COD,49,0,4,4,Apr,Friday,2
ORD102944,2023-03-23 10:40:00,Beauty,918.39,2,0,1836.79,East,Debit Card,58,0,5,3,Mar,Thursday,1
ORD102945,2023-11-10 03:38:00,Home & Kitchen,3808.5,2,0,7616.99,South,Credit Card,47,0,4,11,Nov,Friday,4
ORD102946,2023-07-11 22:55:00,Books,296.79,1,0,296.79,South,UPI,63,0,4,7,Jul,Tuesday,3
ORD102947,2023-02-02 00:28:00,Home & Kitchen,2126.49,3,0,6379.46,East,Credit Card,27,0,5,2,Feb,Thursday,1
ORD102948,2023-06-17 22:14:00,Clothing,1540.62,1,5,1463.58,East,Debit Card,37,0,3,6,Jun,Saturday,2
ORD102949,2023-05-24 17:21:00,Home & Kitchen,2942.75,3,15,7504.01,Central,Debit Card,58,0,4,5,May,Wednesday,2
ORD102950,2023-04-10 04:20:00,Beauty,969.13,1,5,920.67,Central,COD,34,0,3,4,Apr,Monday,2
ORD102951,2023-12-29 18:39:00,Clothing,684.62,1,0,684.62,South,Net Banking,35,0,4,12,Dec,Friday,4
ORD102952,2023-09-08 18:30:00,Clothing,1055.16,2,0,2110.32,North,UPI,57,0,5,9,Sep,Friday,3
ORD102953,2023-07-16 04:39:00,Electronics,8411.99,2,5,15982.78,East,UPI,22,1,4,7,Jul,Sunday,3
ORD102954,2023-08-25 19:57:00,Home & Kitchen,2707.84,3,0,8123.53,East,UPI,18,0,4,8,Aug,Friday,3
ORD102955,2023-04-09 08:45:00,Home & Kitchen,2426.39,2,0,4852.78,South,UPI,27,0,5,4,Apr,Sunday,2
ORD102956,2023-08-31 07:14:00,Electronics,3996.99,3,15,10192.32,North,UPI,32,0,3,8,Aug,Thursday,3
ORD102957,2023-09-05 17:09:00,Sports,2076.07,2,5,3944.53,East,COD,44,1,5,9,Sep,Tuesday,3
ORD102958,2023-06-10 19:56:00,Home & Kitchen,2684.28,1,5,2550.06,Central,UPI,50,0,3,6,Jun,Saturday,2
ORD102959,2023-04-07 19:38:00,Beauty,773.58,1,10,696.22,North,UPI,55,0,3,4,Apr,Friday,2
ORD102960,2023-04-10 16:51:00,Electronics,6177.33,2,0,12354.67,Central,UPI,50,0,4,4,Apr,Monday,2
ORD102961,2023-08-05 22:52:00,Home & Kitchen,2560.74,1,0,2560.74,North,UPI,57,0,4,8,Aug,Saturday,3
ORD102962,2023-03-15 09:01:00,Clothing,1224.12,3,0,3672.37,North,Debit Card,44,1,2,3,Mar,Wednesday,1
ORD102963,2023-02-10 11:29:00,Home & Kitchen,2028.7,1,5,1927.26,South,Credit Card,27,1,3,2,Feb,Friday,1
ORD102964,2023-10-12 05:38:00,Home & Kitchen,2916.32,4,10,10498.74,West,Debit Card,54,0,4,10,Oct,Thursday,4
ORD102965,2023-05-21 14:17:00,Electronics,5336.87,2,0,10673.75,South,Debit Card,40,0,4,5,May,Sunday,2
ORD102966,2023-05-26 05:37:00,Home & Kitchen,1918.54,2,0,3837.09,South,UPI,31,0,5,5,May,Friday,2
ORD102967,2023-03-05 01:55:00,Electronics,9778.5,3,0,29335.5,East,Credit Card,44,0,5,3,Mar,Sunday,1
ORD102968,2023-03-14 10:53:00,Books,244.4,2,10,439.92,West,Credit Card,50,0,5,3,Mar,Tuesday,1
ORD102969,2023-08-11 20:20:00,Beauty,664.63,1,5,631.4,West,UPI,35,0,5,8,Aug,Friday,3
ORD102970,2023-01-18 20:18:00,Sports,1985.79,1,15,1687.92,East,Credit Card,28,0,4,1,Jan,Wednesday,1
ORD102971,2023-01-21 16:03:00,Sports,1634.54,1,10,1471.09,South,Credit Card,48,0,5,1,Jan,Saturday,1
ORD102972,2023-03-13 04:06:00,Electronics,12480.29,3,0,37440.86,Central,UPI,60,0,4,3,Mar,Monday,1
ORD102973,2023-05-01 02:48:00,Beauty,373.54,2,10,672.38,East,COD,49,0,5,5,May,Monday,2
ORD102974,2023-02-11 13:21:00,Books,415.29,1,0,415.29,North,Credit Card,30,0,3,2,Feb,Saturday,1
ORD102975,2023-02-01 16:26:00,Sports,1961.47,4,0,7845.86,West,Debit Card,37,0,5,2,Feb,Wednesday,1
ORD102976,2023-02-15 06:28:00,Sports,1894.23,1,0,1894.23,South,UPI,53,0,5,2,Feb,Wednesday,1
ORD102977,2023-04-27 07:03:00,Books,458.98,1,20,367.18,Central,UPI,57,0,4,4,Apr,Thursday,2
ORD102978,2023-12-24 07:30:00,Beauty,737.34,5,0,3686.68,North,UPI,20,0,3,12,Dec,Sunday,4
ORD102979,2023-03-20 04:32:00,Clothing,926.41,1,0,926.41,East,UPI,42,0,3,3,Mar,Monday,1
ORD102980,2023-12-10 12:01:00,Beauty,808.12,1,0,808.12,Central,Debit Card,38,0,3,12,Dec,Sunday,4
ORD102981,2023-01-13 21:45:00,Home & Kitchen,3317.94,1,5,3152.04,West,Credit Card,18,0,2,1,Jan,Friday,1
ORD102982,2023-04-13 18:02:00,Electronics,6825.48,1,5,6484.21,South,UPI,25,0,5,4,Apr,Thursday,2
ORD102983,2023-01-04 11:44:00,Home & Kitchen,3358.08,2,10,6044.55,North,Credit Card,55,0,2,1,Jan,Wednesday,1
ORD102984,2023-09-18 05:25:00,Books,541.34,1,5,514.28,South,UPI,22,0,4,9,Sep,Monday,3
ORD102985,2023-11-18 23:39:00,Electronics,11361.26,1,0,11361.26,East,UPI,26,0,4,11,Nov,Saturday,4
ORD102986,2023-09-19 12:10:00,Books,509.21,3,5,1451.25,South,Debit Card,36,0,5,9,Sep,Tuesday,3
ORD102987,2023-06-21 06:20:00,Books,479.37,1,15,407.46,East,UPI,62,0,5,6,Jun,Wednesday,2
ORD102988,2023-05-27 14:01:00,Beauty,641.31,5,10,2885.89,West,Credit Card,48,0,4,5,May,Saturday,2
ORD102989,2023-12-10 16:49:00,Beauty,723.91,1,5,687.72,West,UPI,18,0,5,12,Dec,Sunday,4
ORD102990,2023-01-22 12:51:00,Electronics,12285.74,2,15,20885.76,North,Debit Card,60,0,3,1,Jan,Sunday,1
ORD102991,2023-04-13 18:47:00,Clothing,1324.02,3,5,3773.45,East,Net Banking,38,1,2,4,Apr,Thursday,2
ORD102992,2023-04-20 18:52:00,Beauty,784.51,2,15,1333.66,East,UPI,28,0,5,4,Apr,Thursday,2
ORD102993,2023-11-28 20:14:00,Electronics,7372.28,4,0,29489.11,Central,Net Banking,63,0,4,11,Nov,Tuesday,4
ORD102994,2023-04-22 16:01:00,Books,238.2,1,10,214.38,East,UPI,29,0,5,4,Apr,Saturday,2
ORD102995,2023-06-20 06:31:00,Clothing,1318.54,5,5,6263.07,West,Debit Card,64,0,4,6,Jun,Tuesday,2
ORD102996,2023-07-20 19:48:00,Home & Kitchen,3020.05,1,10,2718.05,South,COD,30,0,4,7,Jul,Thursday,3
ORD102997,2023-10-15 19:18:00,Home & Kitchen,2499.43,1,10,2249.49,South,UPI,53,0,4,10,Oct,Sunday,4
ORD102998,2023-01-01 00:39:00,Electronics,4869.45,1,0,4869.45,North,Net Banking,43,0,4,1,Jan,Sunday,1
ORD102999,2023-01-01 09:28:00,Books,504.61,1,5,479.38,West,Debit Card,64,0,4,1,Jan,Sunday,1
ORD103000,2023-02-19 01:23:00,Clothing,1843.87,5,15,7836.43,South,Debit Card,25,0,4,2,Feb,Sunday,1
ORD103001,2023-07-10 02:17:00,Home & Kitchen,662.23,2,15,1125.8,West,Debit Card,33,0,5,7,Jul,Monday,3
ORD103002,2023-01-18 03:19:00,Books,289.41,1,20,231.53,South,UPI,63,0,4,1,Jan,Wednesday,1
ORD103003,2023-03-03 20:47:00,Clothing,2338.84,1,15,1988.02,North,Net Banking,40,0,3,3,Mar,Friday,1
ORD103004,2023-03-31 00:07:00,Home & Kitchen,2518.32,1,0,2518.32,North,Debit Card,38,0,4,3,Mar,Friday,1
ORD103005,2023-10-24 22:35:00,Home & Kitchen,1820.98,1,20,1456.79,East,UPI,42,0,1,10,Oct,Tuesday,4
ORD103006,2023-10-16 15:04:00,Beauty,782.28,1,10,704.06,South,UPI,63,0,4,10,Oct,Monday,4
ORD103007,2023-12-14 12:01:00,Home & Kitchen,2171.56,2,0,4343.12,North,Credit Card,33,0,5,12,Dec,Thursday,4
ORD103008,2023-07-31 05:00:00,Home & Kitchen,1638.59,1,5,1556.67,Central,Net Banking,45,1,4,7,Jul,Monday,3
ORD103009,2023-02-02 08:45:00,Beauty,1229.75,1,10,1106.77,East,Debit Card,39,0,4,2,Feb,Thursday,1
ORD103010,2023-05-17 00:42:00,Clothing,1300.9,2,10,2341.61,East,COD,28,0,4,5,May,Wednesday,2
ORD103011,2023-05-01 22:28:00,Clothing,1651.67,1,15,1403.92,North,COD,38,0,2,5,May,Monday,2
ORD103012,2023-10-16 13:35:00,Electronics,7990.37,1,0,7990.37,West,Debit Card,37,0,4,10,Oct,Monday,4
ORD103013,2023-01-25 09:23:00,Beauty,1008.52,3,0,3025.55,North,Credit Card,28,0,2,1,Jan,Wednesday,1
ORD103014,2023-08-30 17:10:00,Home & Kitchen,2531.16,1,0,2531.16,East,Debit Card,34,0,1,8,Aug,Wednesday,3
ORD103015,2023-10-10 17:09:00,Books,479.5,1,15,407.58,East,Debit Card,27,0,4,10,Oct,Tuesday,4
ORD103016,2023-07-28 05:37:00,Books,327.43,1,10,294.69,West,UPI,41,0,5,7,Jul,Friday,3
ORD103017,2023-05-30 04:52:00,Books,404.25,3,5,1152.12,West,Debit Card,59,0,4,5,May,Tuesday,2
ORD103018,2023-07-04 13:05:00,Home & Kitchen,929.42,1,5,882.95,Central,UPI,44,0,5,7,Jul,Tuesday,3
ORD103019,2023-06-20 11:41:00,Clothing,765.58,2,10,1378.05,West,Credit Card,21,0,5,6,Jun,Tuesday,2
ORD103020,2023-12-15 05:56:00,Sports,1249.78,4,0,4999.12,North,UPI,40,0,3,12,Dec,Friday,4
ORD103021,2023-03-16 19:21:00,Beauty,1240.51,1,0,1240.51,Central,Debit Card,53,0,2,3,Mar,Thursday,1
ORD103022,2023-03-23 18:08:00,Beauty,800.03,1,0,800.03,South,Net Banking,34,0,4,3,Mar,Thursday,1
ORD103023,2023-02-11 13:56:00,Home & Kitchen,1667.76,1,5,1584.37,North,COD,50,0,3,2,Feb,Saturday,1
ORD103024,2023-01-22 16:06:00,Sports,1182.09,1,0,1182.09,Central,UPI,42,0,5,1,Jan,Sunday,1
ORD103025,2023-12-07 05:47:00,Sports,2066.24,2,0,4132.47,South,Debit Card,64,0,4,12,Dec,Thursday,4
ORD103026,2023-09-08 03:20:00,Books,554.47,2,15,942.59,East,Credit Card,46,0,4,9,Sep,Friday,3
ORD103027,2023-09-25 21:52:00,Home & Kitchen,2899.72,3,5,8264.21,West,UPI,38,0,4,9,Sep,Monday,3
ORD103028,2023-07-28 22:48:00,Books,370.44,5,0,1852.21,North,UPI,58,0,3,7,Jul,Friday,3
ORD103029,2023-08-21 04:53:00,Beauty,1054.67,2,20,1687.47,South,Debit Card,20,0,1,8,Aug,Monday,3
ORD103030,2023-02-25 15:09:00,Sports,1211.66,5,0,6058.3,North,Debit Card,28,0,4,2,Feb,Saturday,1
ORD103031,2023-05-04 12:19:00,Books,235.92,1,10,212.32,South,Credit Card,46,1,4,5,May,Thursday,2
ORD103032,2023-04-08 00:01:00,Electronics,13853.8,2,10,24936.85,North,UPI,57,0,3,4,Apr,Saturday,2
ORD103033,2023-04-06 21:04:00,Clothing,1599.88,3,20,3839.7,North,UPI,56,0,5,4,Apr,Thursday,2
ORD103034,2023-08-05 11:42:00,Electronics,10242.89,3,5,29192.23,West,UPI,54,0,4,8,Aug,Saturday,3
ORD103035,2023-06-03 10:24:00,Sports,3200.44,3,0,9601.31,East,UPI,61,0,5,6,Jun,Saturday,2
ORD103036,2023-11-14 18:58:00,Home & Kitchen,1625.51,1,10,1462.96,West,Debit Card,57,0,3,11,Nov,Tuesday,4
ORD103037,2023-01-22 21:31:00,Sports,3660.55,2,10,6588.98,North,Credit Card,22,0,5,1,Jan,Sunday,1
ORD103038,2023-01-16 08:44:00,Books,626.21,1,10,563.59,West,Net Banking,44,0,5,1,Jan,Monday,1
ORD103039,2023-10-03 03:27:00,Home & Kitchen,2609.13,2,5,4957.35,Central,Debit Card,20,0,2,10,Oct,Tuesday,4
ORD103040,2023-12-17 15:01:00,Books,450.52,1,0,450.52,West,UPI,34,0,3,12,Dec,Sunday,4
ORD103041,2023-02-14 15:16:00,Home & Kitchen,3067.33,1,15,2607.23,Central,UPI,48,0,4,2,Feb,Tuesday,1
ORD103042,2023-11-20 03:29:00,Clothing,874.91,1,20,699.93,West,Debit Card,61,0,4,11,Nov,Monday,4
ORD103043,2023-11-06 15:02:00,Clothing,536.9,1,0,536.9,East,UPI,54,0,4,11,Nov,Monday,4
ORD103044,2023-08-20 06:39:00,Beauty,470.71,2,5,894.35,West,UPI,62,0,4,8,Aug,Sunday,3
ORD103045,2023-03-07 18:55:00,Beauty,889.21,1,0,889.21,North,COD,36,0,1,3,Mar,Tuesday,1
ORD103046,2023-02-05 16:11:00,Home & Kitchen,3299.91,1,15,2804.92,West,UPI,48,0,5,2,Feb,Sunday,1
ORD103047,2023-07-18 17:41:00,Sports,1676.71,5,10,7545.2,North,UPI,35,1,4,7,Jul,Tuesday,3
ORD103048,2023-12-24 16:31:00,Electronics,4298.04,2,10,7736.47,South,COD,59,0,4,12,Dec,Sunday,4
ORD103049,2023-03-25 01:18:00,Books,411.94,1,5,391.34,Central,UPI,38,0,1,3,Mar,Saturday,1
ORD103050,2023-12-18 04:53:00,Electronics,6185.66,3,5,17629.13,North,UPI,62,0,5,12,Dec,Monday,4
ORD103051,2023-05-08 00:24:00,Home & Kitchen,1936.21,1,5,1839.4,South,Debit Card,36,0,4,5,May,Monday,2
ORD103052,2023-06-04 05:14:00,Electronics,7678.14,1,15,6526.42,East,Net Banking,34,0,1,6,Jun,Sunday,2
ORD103053,2023-09-10 07:45:00,Sports,2201.62,1,10,1981.46,West,Net Banking,39,0,5,9,Sep,Sunday,3
ORD103054,2023-02-21 05:08:00,Electronics,8763.02,2,20,14020.83,South,Debit Card,30,0,3,2,Feb,Tuesday,1
ORD103055,2023-10-16 00:28:00,Sports,1639.84,1,10,1475.86,West,UPI,64,0,2,10,Oct,Monday,4
ORD103056,2023-08-09 00:45:00,Beauty,663.19,2,0,1326.39,Central,Net Banking,35,0,2,8,Aug,Wednesday,3
ORD103057,2023-11-22 17:06:00,Books,184.24,1,20,147.39,West,Credit Card,44,0,2,11,Nov,Wednesday,4
ORD103058,2023-08-12 17:44:00,Books,301.67,4,0,1206.67,West,UPI,48,0,5,8,Aug,Saturday,3
ORD103059,2023-05-15 21:22:00,Electronics,9997.32,5,5,47487.27,West,Credit Card,46,0,5,5,May,Monday,2
ORD103060,2023-03-12 03:01:00,Clothing,909.82,3,5,2592.99,South,UPI,55,0,1,3,Mar,Sunday,1
ORD103061,2023-12-07 06:28:00,Clothing,2173.66,1,5,2064.98,Central,UPI,29,0,4,12,Dec,Thursday,4
ORD103062,2023-09-02 02:50:00,Books,415.24,2,10,747.42,South,Credit Card,25,0,4,9,Sep,Saturday,3
ORD103063,2023-10-14 01:14:00,Electronics,4027.44,2,0,8054.88,South,UPI,38,0,4,10,Oct,Saturday,4
ORD103064,2023-12-26 12:00:00,Clothing,1680.18,3,0,5040.53,East,UPI,44,0,4,12,Dec,Tuesday,4
ORD103065,2023-02-27 16:42:00,Electronics,9988.06,1,0,9988.06,East,Credit Card,46,0,4,2,Feb,Monday,1
ORD103066,2023-06-05 04:20:00,Electronics,5938.21,1,10,5344.39,South,Net Banking,49,0,5,6,Jun,Monday,2
ORD103067,2023-04-07 21:30:00,Clothing,1769.14,1,20,1415.31,West,Credit Card,46,0,1,4,Apr,Friday,2
ORD103068,2023-03-30 12:35:00,Electronics,7643.17,2,0,15286.35,Central,Net Banking,29,0,3,3,Mar,Thursday,1
ORD103069,2023-03-16 21:08:00,Electronics,6851.39,1,0,6851.39,Central,UPI,34,0,3,3,Mar,Thursday,1
ORD103070,2023-09-02 16:04:00,Electronics,10936.34,1,5,10389.53,Central,UPI,60,0,4,9,Sep,Saturday,3
ORD103071,2023-07-31 20:23:00,Beauty,1023.57,1,0,1023.57,South,Net Banking,46,0,3,7,Jul,Monday,3
ORD103072,2023-01-31 13:02:00,Home & Kitchen,1369.58,4,15,4656.59,East,Debit Card,19,0,4,1,Jan,Tuesday,1
ORD103073,2023-04-09 21:46:00,Electronics,9009.74,2,10,16217.54,East,UPI,60,0,4,4,Apr,Sunday,2
ORD103074,2023-04-26 23:58:00,Sports,1050.21,2,20,1680.33,South,Credit Card,37,0,2,4,Apr,Wednesday,2
ORD103075,2023-07-28 20:55:00,Sports,2361.97,1,15,2007.67,South,UPI,20,0,5,7,Jul,Friday,3
ORD103076,2023-05-28 15:49:00,Sports,797.98,1,5,758.08,North,Credit Card,41,0,5,5,May,Sunday,2
ORD103077,2023-08-02 02:35:00,Electronics,9693.97,2,0,19387.94,North,Debit Card,24,0,5,8,Aug,Wednesday,3
ORD103078,2023-11-25 01:23:00,Clothing,632.49,1,15,537.62,East,UPI,62,0,4,11,Nov,Saturday,4
ORD103079,2023-11-29 10:19:00,Home & Kitchen,2595.6,3,5,7397.45,Central,Credit Card,21,0,4,11,Nov,Wednesday,4
ORD103080,2023-08-29 16:31:00,Books,384.79,1,15,327.07,West,Debit Card,50,0,5,8,Aug,Tuesday,3
ORD103081,2023-10-29 22:35:00,Beauty,1241.82,2,0,2483.63,Central,Credit Card,55,0,3,10,Oct,Sunday,4
ORD103082,2023-03-12 15:21:00,Sports,1338.69,2,15,2275.77,North,Debit Card,49,0,2,3,Mar,Sunday,1
ORD103083,2023-09-30 16:39:00,Books,308.57,2,10,555.43,North,UPI,29,0,5,9,Sep,Saturday,3
ORD103084,2023-05-19 09:38:00,Books,365.18,2,10,657.33,Central,UPI,33,0,5,5,May,Friday,2
ORD103085,2023-05-03 18:12:00,Books,373.42,1,15,317.41,East,COD,31,0,5,5,May,Wednesday,2
ORD103086,2023-06-21 16:43:00,Clothing,854.41,1,0,854.41,West,UPI,56,1,2,6,Jun,Wednesday,2
ORD103087,2023-08-06 21:42:00,Sports,3112.0,2,0,6223.99,South,Debit Card,30,0,2,8,Aug,Sunday,3
ORD103088,2023-12-19 09:12:00,Clothing,804.69,1,0,804.69,East,Debit Card,31,0,5,12,Dec,Tuesday,4
ORD103089,2023-06-14 06:51:00,Sports,1602.38,1,0,1602.38,West,Credit Card,53,0,3,6,Jun,Wednesday,2
ORD103090,2023-03-02 23:46:00,Clothing,240.96,4,0,963.84,East,Debit Card,18,0,4,3,Mar,Thursday,1
ORD103091,2023-11-03 20:53:00,Clothing,1069.7,1,0,1069.7,East,UPI,20,0,4,11,Nov,Friday,4
ORD103092,2023-09-12 11:15:00,Beauty,944.78,1,10,850.3,West,Credit Card,35,1,4,9,Sep,Tuesday,3
ORD103093,2023-10-18 14:34:00,Books,639.28,2,0,1278.57,East,UPI,39,0,4,10,Oct,Wednesday,4
ORD103094,2023-02-06 08:07:00,Sports,2536.85,1,10,2283.17,West,Net Banking,20,0,2,2,Feb,Monday,1
ORD103095,2023-01-02 02:12:00,Home & Kitchen,1821.85,3,5,5192.28,East,COD,49,0,5,1,Jan,Monday,1
ORD103096,2023-10-09 18:52:00,Home & Kitchen,3146.32,1,20,2517.05,East,Credit Card,42,1,5,10,Oct,Monday,4
ORD103097,2023-04-12 08:03:00,Home & Kitchen,964.44,4,0,3857.74,West,Debit Card,29,0,5,4,Apr,Wednesday,2
ORD103098,2023-11-01 03:30:00,Home & Kitchen,1545.65,2,10,2782.17,West,UPI,64,0,5,11,Nov,Wednesday,4
ORD103099,2023-03-13 05:07:00,Electronics,8921.53,1,0,8921.53,East,Debit Card,34,0,5,3,Mar,Monday,1
ORD103100,2023-01-22 02:17:00,Electronics,10825.43,1,0,10825.43,North,Credit Card,46,0,5,1,Jan,Sunday,1
ORD103101,2023-03-07 03:59:00,Books,528.79,1,10,475.91,West,UPI,42,1,3,3,Mar,Tuesday,1
ORD103102,2023-10-18 01:00:00,Beauty,683.22,1,5,649.06,North,UPI,38,0,1,10,Oct,Wednesday,4
ORD103103,2023-05-22 09:27:00,Sports,2108.57,1,5,2003.15,South,UPI,57,0,3,5,May,Monday,2
ORD103104,2023-11-06 18:48:00,Sports,2276.2,1,5,2162.39,East,COD,45,0,4,11,Nov,Monday,4
ORD103105,2023-05-02 04:01:00,Books,226.31,5,0,1131.55,Central,Credit Card,38,0,2,5,May,Tuesday,2
ORD103106,2023-03-29 12:13:00,Clothing,532.2,1,10,478.98,Central,Credit Card,55,0,5,3,Mar,Wednesday,1
ORD103107,2023-02-16 18:47:00,Clothing,869.81,1,20,695.85,Central,COD,28,0,4,2,Feb,Thursday,1
ORD103108,2023-09-06 03:06:00,Books,118.01,5,15,501.56,South,Net Banking,38,0,1,9,Sep,Wednesday,3
ORD103109,2023-05-04 14:39:00,Clothing,1891.75,3,0,5675.24,South,Net Banking,62,0,4,5,May,Thursday,2
ORD103110,2023-05-24 03:00:00,Clothing,2304.02,1,15,1958.42,South,Debit Card,57,0,2,5,May,Wednesday,2
ORD103111,2023-10-24 19:54:00,Home & Kitchen,2300.33,1,10,2070.29,West,Credit Card,20,0,5,10,Oct,Tuesday,4
ORD103112,2023-02-21 02:26:00,Clothing,1018.47,1,20,814.78,West,Credit Card,63,0,4,2,Feb,Tuesday,1
ORD103113,2023-07-16 19:48:00,Beauty,1037.33,1,5,985.46,West,UPI,60,0,4,7,Jul,Sunday,3
ORD103114,2023-04-16 21:31:00,Books,354.46,2,10,638.03,West,Debit Card,53,0,5,4,Apr,Sunday,2
ORD103115,2023-06-25 10:01:00,Sports,1040.7,3,10,2809.88,West,Credit Card,38,0,4,6,Jun,Sunday,2
ORD103116,2023-08-15 19:13:00,Home & Kitchen,1959.32,1,5,1861.35,East,UPI,52,1,3,8,Aug,Tuesday,3
ORD103117,2023-11-04 22:43:00,Electronics,8841.7,3,10,23872.59,West,UPI,25,0,4,11,Nov,Saturday,4
ORD103118,2023-04-17 06:20:00,Home & Kitchen,2034.73,1,10,1831.26,East,Credit Card,24,0,1,4,Apr,Monday,2
ORD103119,2023-05-29 07:24:00,Clothing,1356.49,1,0,1356.49,Central,Net Banking,20,0,4,5,May,Monday,2
ORD103120,2023-12-18 18:15:00,Electronics,1719.64,5,0,8598.22,North,Credit Card,51,1,3,12,Dec,Monday,4
ORD103121,2023-07-19 18:22:00,Electronics,8019.31,4,10,28869.51,East,UPI,37,0,5,7,Jul,Wednesday,3
ORD103122,2023-08-12 23:28:00,Home & Kitchen,2862.22,2,5,5438.22,West,UPI,34,0,4,8,Aug,Saturday,3
ORD103123,2023-06-28 07:17:00,Books,520.35,2,0,1040.7,East,COD,45,0,4,6,Jun,Wednesday,2
ORD103124,2023-09-03 05:10:00,Books,234.22,1,0,234.22,South,Net Banking,51,0,4,9,Sep,Sunday,3
ORD103125,2023-09-22 19:33:00,Beauty,863.01,1,5,819.86,South,Net Banking,57,0,5,9,Sep,Friday,3
ORD103126,2023-07-06 01:48:00,Home & Kitchen,1869.85,1,0,1869.85,South,UPI,24,0,4,7,Jul,Thursday,3
ORD103127,2023-02-17 19:44:00,Clothing,1012.54,1,0,1012.54,Central,UPI,52,0,3,2,Feb,Friday,1
ORD103128,2023-09-26 08:28:00,Electronics,11142.64,2,0,22285.28,South,UPI,22,0,1,9,Sep,Tuesday,3
ORD103129,2023-05-23 05:14:00,Home & Kitchen,785.43,1,5,746.16,West,UPI,28,1,3,5,May,Tuesday,2
ORD103130,2023-02-04 07:55:00,Sports,737.1,2,5,1400.5,North,Debit Card,53,0,4,2,Feb,Saturday,1
ORD103131,2023-12-02 23:11:00,Sports,2956.34,1,5,2808.52,East,Credit Card,47,0,4,12,Dec,Saturday,4
ORD103132,2023-03-27 07:01:00,Home & Kitchen,2442.05,2,0,4884.1,South,Credit Card,47,0,5,3,Mar,Monday,1
ORD103133,2023-02-04 03:17:00,Electronics,7590.61,1,10,6831.55,South,Credit Card,63,0,4,2,Feb,Saturday,1
ORD103134,2023-10-11 11:46:00,Home & Kitchen,2876.24,1,10,2588.62,South,UPI,57,0,2,10,Oct,Wednesday,4
ORD103135,2023-05-06 00:20:00,Clothing,1622.2,1,10,1459.98,South,Debit Card,53,0,3,5,May,Saturday,2
ORD103136,2023-01-11 16:32:00,Sports,991.74,2,0,1983.49,North,UPI,30,1,5,1,Jan,Wednesday,1
ORD103137,2023-01-25 15:09:00,Clothing,1211.84,2,5,2302.49,South,UPI,45,0,4,1,Jan,Wednesday,1
ORD103138,2023-07-08 18:50:00,Sports,1901.76,3,5,5420.02,East,Credit Card,19,0,2,7,Jul,Saturday,3
ORD103139,2023-03-31 22:07:00,Home & Kitchen,1242.21,1,5,1180.1,South,UPI,34,0,5,3,Mar,Friday,1
ORD103140,2023-01-22 02:24:00,Sports,2531.99,1,10,2278.79,South,UPI,30,0,4,1,Jan,Sunday,1
ORD103141,2023-09-28 15:43:00,Home & Kitchen,1180.29,3,10,3186.77,West,Credit Card,18,0,4,9,Sep,Thursday,3
ORD103142,2023-07-26 16:29:00,Beauty,995.51,1,5,945.74,Central,UPI,48,1,1,7,Jul,Wednesday,3
ORD103143,2023-10-23 22:53:00,Sports,1411.05,1,0,1411.05,West,Debit Card,39,0,4,10,Oct,Monday,4
ORD103144,2023-07-28 05:32:00,Sports,1519.18,1,10,1367.26,West,UPI,18,0,4,7,Jul,Friday,3
ORD103145,2023-04-16 02:38:00,Electronics,11075.05,3,5,31563.9,East,Net Banking,52,0,4,4,Apr,Sunday,2
ORD103146,2023-11-06 13:24:00,Electronics,12379.29,2,20,19806.87,West,UPI,54,0,5,11,Nov,Monday,4
ORD103147,2023-06-11 15:12:00,Electronics,8032.83,1,0,8032.83,North,UPI,27,0,5,6,Jun,Sunday,2
ORD103148,2023-03-17 14:55:00,Beauty,1340.51,2,5,2546.97,Central,Debit Card,19,0,1,3,Mar,Friday,1
ORD103149,2023-03-13 20:50:00,Beauty,811.86,1,0,811.86,East,UPI,47,0,5,3,Mar,Monday,1
ORD103150,2023-01-09 07:57:00,Clothing,731.88,2,0,1463.76,West,UPI,33,0,5,1,Jan,Monday,1
ORD103151,2023-08-27 22:29:00,Home & Kitchen,3872.27,1,10,3485.05,East,Net Banking,37,0,4,8,Aug,Sunday,3
ORD103152,2023-03-08 13:03:00,Home & Kitchen,2877.57,1,10,2589.81,South,COD,20,0,2,3,Mar,Wednesday,1
ORD103153,2023-02-21 09:23:00,Beauty,938.18,2,0,1876.36,North,UPI,53,0,3,2,Feb,Tuesday,1
ORD103154,2023-12-01 13:04:00,Home & Kitchen,1612.04,2,10,2901.67,Central,UPI,41,0,1,12,Dec,Friday,4
ORD103155,2023-10-10 15:02:00,Sports,1167.96,1,0,1167.96,West,UPI,39,0,4,10,Oct,Tuesday,4
ORD103156,2023-04-10 09:59:00,Books,589.96,3,5,1681.4,Central,UPI,54,1,5,4,Apr,Monday,2
ORD103157,2023-03-16 23:45:00,Electronics,5433.7,1,10,4890.33,Central,UPI,44,0,5,3,Mar,Thursday,1
ORD103158,2023-09-18 06:40:00,Electronics,8168.05,1,0,8168.05,Central,UPI,48,0,4,9,Sep,Monday,3
ORD103159,2023-07-26 10:51:00,Home & Kitchen,3252.87,3,10,8782.76,Central,Credit Card,29,1,4,7,Jul,Wednesday,3
ORD103160,2023-06-17 09:23:00,Sports,2768.4,2,20,4429.43,North,Net Banking,59,0,2,6,Jun,Saturday,2
ORD103161,2023-03-05 14:48:00,Sports,2131.24,1,0,2131.24,West,Credit Card,29,1,4,3,Mar,Sunday,1
ORD103162,2023-01-19 21:49:00,Sports,1612.36,1,0,1612.36,Central,Debit Card,59,0,5,1,Jan,Thursday,1
ORD103163,2023-09-17 02:09:00,Sports,2653.48,1,0,2653.48,West,UPI,19,0,4,9,Sep,Sunday,3
ORD103164,2023-08-14 23:46:00,Beauty,369.85,1,0,369.85,East,UPI,26,0,5,8,Aug,Monday,3
ORD103165,2023-02-17 19:24:00,Clothing,329.21,1,5,312.75,East,UPI,21,0,4,2,Feb,Friday,1
ORD103166,2023-01-23 09:00:00,Electronics,11064.83,3,5,31534.78,South,UPI,21,0,5,1,Jan,Monday,1
ORD103167,2023-04-10 13:51:00,Sports,2174.13,2,0,4348.26,South,Credit Card,18,0,5,4,Apr,Monday,2
ORD103168,2023-05-11 06:00:00,Sports,2352.47,1,0,2352.47,North,UPI,44,0,5,5,May,Thursday,2
ORD103169,2023-05-16 23:30:00,Electronics,6287.95,2,5,11947.1,North,UPI,38,0,3,5,May,Tuesday,2
ORD103170,2023-12-11 15:07:00,Clothing,1645.48,1,5,1563.21,North,Debit Card,49,0,3,12,Dec,Monday,4
ORD103171,2023-11-12 23:23:00,Books,576.45,5,0,2882.26,West,COD,62,0,4,11,Nov,Sunday,4
ORD103172,2023-10-23 17:35:00,Books,287.46,1,10,258.72,East,Debit Card,34,0,4,10,Oct,Monday,4
ORD103173,2023-09-27 04:42:00,Books,488.24,1,0,488.24,Central,Credit Card,23,0,5,9,Sep,Wednesday,3
ORD103174,2023-11-01 07:14:00,Books,662.63,1,10,596.36,North,Credit Card,41,0,3,11,Nov,Wednesday,4
ORD103175,2023-06-18 16:19:00,Books,214.93,1,0,214.93,West,COD,39,0,4,6,Jun,Sunday,2
ORD103176,2023-01-27 18:19:00,Home & Kitchen,4712.34,1,10,4241.1,East,UPI,45,0,5,1,Jan,Friday,1
ORD103177,2023-10-12 07:54:00,Clothing,1125.21,3,10,3038.06,South,Net Banking,36,0,5,10,Oct,Thursday,4
ORD103178,2023-08-26 04:59:00,Clothing,1034.13,1,10,930.71,North,Debit Card,21,0,3,8,Aug,Saturday,3
ORD103179,2023-07-05 13:47:00,Sports,1790.7,1,10,1611.63,West,Credit Card,18,1,4,7,Jul,Wednesday,3
ORD103180,2023-06-03 02:15:00,Books,387.19,1,10,348.47,South,Debit Card,25,0,4,6,Jun,Saturday,2
ORD103181,2023-02-03 10:59:00,Beauty,1482.52,4,5,5633.59,North,Credit Card,26,0,3,2,Feb,Friday,1
ORD103182,2023-03-20 13:30:00,Home & Kitchen,3237.78,1,0,3237.78,North,UPI,58,0,1,3,Mar,Monday,1
ORD103183,2023-03-02 09:15:00,Books,281.16,1,0,281.16,West,Net Banking,60,0,5,3,Mar,Thursday,1
ORD103184,2023-07-22 18:13:00,Home & Kitchen,2675.91,4,15,9098.09,West,Credit Card,42,0,1,7,Jul,Saturday,3
ORD103185,2023-05-27 07:39:00,Clothing,1425.29,1,15,1211.5,South,UPI,58,0,5,5,May,Saturday,2
ORD103186,2023-06-17 18:24:00,Sports,1812.58,5,0,9062.9,North,UPI,62,0,4,6,Jun,Saturday,2
ORD103187,2023-01-05 04:34:00,Electronics,16594.12,1,0,16594.12,West,Credit Card,24,0,4,1,Jan,Thursday,1
ORD103188,2023-12-24 20:09:00,Electronics,9658.95,1,5,9176.0,North,UPI,57,0,3,12,Dec,Sunday,4
ORD103189,2023-01-17 04:18:00,Clothing,1696.13,1,0,1696.13,East,Debit Card,38,0,5,1,Jan,Tuesday,1
ORD103190,2023-07-02 21:36:00,Beauty,845.43,2,0,1690.87,North,UPI,49,0,4,7,Jul,Sunday,3
ORD103191,2023-06-19 03:02:00,Books,417.0,2,0,834.01,Central,UPI,35,0,4,6,Jun,Monday,2
ORD103192,2023-11-11 00:52:00,Electronics,4485.82,1,5,4261.53,South,Debit Card,62,0,3,11,Nov,Saturday,4
ORD103193,2023-09-09 03:17:00,Home & Kitchen,1302.88,1,0,1302.88,Central,UPI,25,0,5,9,Sep,Saturday,3
ORD103194,2023-02-06 19:18:00,Sports,2630.8,1,0,2630.8,South,UPI,61,0,5,2,Feb,Monday,1
ORD103195,2023-05-14 05:41:00,Sports,1864.23,1,5,1771.02,Central,UPI,19,0,2,5,May,Sunday,2
ORD103196,2023-04-25 22:18:00,Sports,1568.96,2,10,2824.13,North,UPI,24,0,5,4,Apr,Tuesday,2
ORD103197,2023-12-07 05:44:00,Books,633.24,1,5,601.58,West,Net Banking,21,0,1,12,Dec,Thursday,4
ORD103198,2023-09-18 09:18:00,Books,335.05,1,0,335.05,West,Credit Card,21,0,5,9,Sep,Monday,3
ORD103199,2023-06-08 21:20:00,Clothing,474.06,1,10,426.66,South,UPI,21,0,2,6,Jun,Thursday,2
ORD103200,2023-12-27 04:02:00,Clothing,1583.83,1,0,1583.83,North,UPI,40,0,5,12,Dec,Wednesday,4
ORD103201,2023-03-17 03:28:00,Electronics,8796.11,1,0,8796.11,South,UPI,59,0,5,3,Mar,Friday,1
ORD103202,2023-05-25 10:44:00,Electronics,10596.48,2,20,16954.37,East,Credit Card,29,0,4,5,May,Thursday,2
ORD103203,2023-09-04 13:26:00,Beauty,747.8,1,0,747.8,North,COD,46,1,5,9,Sep,Monday,3
ORD103204,2023-12-10 17:46:00,Beauty,958.14,2,0,1916.29,Central,UPI,59,0,2,12,Dec,Sunday,4
ORD103205,2023-04-18 15:41:00,Beauty,898.08,1,10,808.27,North,UPI,25,0,3,4,Apr,Tuesday,2
ORD103206,2023-04-09 11:04:00,Home & Kitchen,1432.12,1,5,1360.51,North,UPI,32,0,5,4,Apr,Sunday,2
ORD103207,2023-07-19 05:52:00,Books,366.26,1,0,366.26,West,Credit Card,27,0,2,7,Jul,Wednesday,3
ORD103208,2023-12-30 10:28:00,Home & Kitchen,2217.12,2,0,4434.25,South,Net Banking,43,0,4,12,Dec,Saturday,4
ORD103209,2023-12-29 13:42:00,Beauty,1254.16,2,10,2257.48,East,COD,45,0,1,12,Dec,Friday,4
ORD103210,2023-12-25 05:00:00,Sports,1529.31,1,5,1452.84,South,COD,61,0,4,12,Dec,Monday,4
ORD103211,2023-02-17 15:56:00,Home & Kitchen,2455.46,1,10,2209.91,East,UPI,37,0,4,2,Feb,Friday,1
ORD103212,2023-05-03 16:38:00,Clothing,1203.02,1,20,962.42,West,COD,30,0,5,5,May,Wednesday,2
ORD103213,2023-04-03 13:02:00,Clothing,1600.04,2,5,3040.07,North,Debit Card,30,0,5,4,Apr,Monday,2
ORD103214,2023-06-25 19:23:00,Beauty,325.97,2,10,586.75,East,UPI,55,0,2,6,Jun,Sunday,2
ORD103215,2023-09-14 06:13:00,Home & Kitchen,2592.36,2,10,4666.24,South,UPI,46,1,5,9,Sep,Thursday,3
ORD103216,2023-09-16 08:33:00,Beauty,1109.69,1,20,887.75,West,Net Banking,59,0,5,9,Sep,Saturday,3
ORD103217,2023-11-10 19:12:00,Sports,1909.27,4,5,7255.24,West,Debit Card,60,0,4,11,Nov,Friday,4
ORD103218,2023-01-21 14:46:00,Beauty,444.72,1,5,422.49,Central,Credit Card,34,0,4,1,Jan,Saturday,1
ORD103219,2023-08-22 01:18:00,Sports,2259.56,2,0,4519.11,East,UPI,50,0,5,8,Aug,Tuesday,3
ORD103220,2023-11-18 02:30:00,Sports,3330.76,2,0,6661.53,West,COD,32,0,4,11,Nov,Saturday,4
ORD103221,2023-10-20 07:59:00,Sports,2516.22,3,0,7548.66,East,Net Banking,32,0,2,10,Oct,Friday,4
ORD103222,2023-08-19 08:19:00,Clothing,943.99,2,0,1887.98,North,Net Banking,28,0,5,8,Aug,Saturday,3
ORD103223,2023-10-24 08:25:00,Beauty,962.51,1,0,962.51,East,UPI,58,1,1,10,Oct,Tuesday,4
ORD103224,2023-01-21 07:52:00,Clothing,1531.04,1,10,1377.94,West,UPI,44,0,4,1,Jan,Saturday,1
ORD103225,2023-08-09 01:04:00,Electronics,11417.49,1,10,10275.74,East,Credit Card,25,0,5,8,Aug,Wednesday,3
ORD103226,2023-08-02 00:32:00,Sports,816.66,2,10,1469.99,East,Debit Card,44,0,4,8,Aug,Wednesday,3
ORD103227,2023-01-27 15:37:00,Beauty,394.97,1,10,355.48,South,Credit Card,22,0,5,1,Jan,Friday,1
ORD103228,2023-05-28 03:54:00,Sports,2121.05,2,0,4242.11,South,COD,60,0,4,5,May,Sunday,2
ORD103229,2023-10-15 23:21:00,Home & Kitchen,3031.2,1,0,3031.2,South,Credit Card,21,0,5,10,Oct,Sunday,4
ORD103230,2023-01-08 21:27:00,Clothing,864.25,2,10,1555.66,North,UPI,55,0,4,1,Jan,Sunday,1
ORD103231,2023-09-03 00:06:00,Clothing,1219.98,1,5,1158.98,South,COD,45,0,4,9,Sep,Sunday,3
ORD103232,2023-05-13 05:42:00,Beauty,866.68,1,0,866.68,East,Debit Card,46,0,5,5,May,Saturday,2
ORD103233,2023-03-24 13:13:00,Home & Kitchen,2949.41,1,0,2949.41,South,UPI,36,0,5,3,Mar,Friday,1
ORD103234,2023-06-08 17:44:00,Books,617.98,2,15,1050.57,Central,Debit Card,53,0,5,6,Jun,Thursday,2
ORD103235,2023-03-21 03:54:00,Electronics,10181.74,1,5,9672.65,North,COD,61,0,5,3,Mar,Tuesday,1
ORD103236,2023-05-19 05:07:00,Electronics,6598.65,2,0,13197.31,West,UPI,47,1,5,5,May,Friday,2
ORD103237,2023-10-01 14:32:00,Sports,2265.58,3,0,6796.73,North,Credit Card,46,0,5,10,Oct,Sunday,4
ORD103238,2023-05-23 02:22:00,Sports,617.53,1,0,617.53,North,UPI,64,0,4,5,May,Tuesday,2
ORD103239,2023-04-07 17:16:00,Home & Kitchen,1504.51,1,5,1429.28,North,COD,26,0,5,4,Apr,Friday,2
ORD103240,2023-02-14 02:10:00,Sports,1603.16,4,15,5450.76,South,UPI,53,0,4,2,Feb,Tuesday,1
ORD103241,2023-12-20 17:12:00,Sports,1618.64,2,5,3075.42,West,COD,45,0,3,12,Dec,Wednesday,4
ORD103242,2023-06-29 00:21:00,Beauty,814.02,1,5,773.32,West,Debit Card,51,0,4,6,Jun,Thursday,2
ORD103243,2023-02-23 16:49:00,Home & Kitchen,3149.23,5,5,14958.85,West,UPI,49,0,4,2,Feb,Thursday,1
ORD103244,2023-11-14 20:30:00,Clothing,1855.26,4,10,6678.94,Central,Debit Card,64,0,5,11,Nov,Tuesday,4
ORD103245,2023-04-27 21:59:00,Electronics,7493.59,3,10,20232.68,West,Credit Card,24,0,2,4,Apr,Thursday,2
ORD103246,2023-07-18 10:41:00,Home & Kitchen,2975.65,1,10,2678.08,East,UPI,25,0,3,7,Jul,Tuesday,3
ORD103247,2023-01-19 14:12:00,Electronics,9590.81,2,0,19181.63,North,Credit Card,24,1,5,1,Jan,Thursday,1
ORD103248,2023-12-07 11:41:00,Electronics,13506.28,5,10,60778.25,East,Credit Card,44,1,1,12,Dec,Thursday,4
ORD103249,2023-06-11 14:05:00,Electronics,7154.14,5,20,28616.57,South,Net Banking,49,0,5,6,Jun,Sunday,2
ORD103250,2023-09-24 17:49:00,Sports,1561.99,1,15,1327.69,North,Credit Card,38,0,2,9,Sep,Sunday,3
ORD103251,2023-09-11 17:35:00,Home & Kitchen,2140.05,1,0,2140.05,East,UPI,26,0,5,9,Sep,Monday,3
ORD103252,2023-11-23 10:15:00,Electronics,8572.66,3,0,25717.97,East,Credit Card,18,0,4,11,Nov,Thursday,4
ORD103253,2023-05-31 01:54:00,Home & Kitchen,895.65,1,0,895.65,North,UPI,47,1,4,5,May,Wednesday,2
ORD103254,2023-12-07 04:44:00,Books,418.91,1,0,418.91,East,Net Banking,22,0,2,12,Dec,Thursday,4
ORD103255,2023-05-24 10:54:00,Clothing,579.24,1,0,579.24,West,COD,50,0,3,5,May,Wednesday,2
ORD103256,2023-07-06 02:31:00,Sports,2263.14,3,0,6789.41,East,Debit Card,44,1,2,7,Jul,Thursday,3
ORD103257,2023-01-12 00:18:00,Home & Kitchen,860.93,2,0,1721.86,East,UPI,45,0,3,1,Jan,Thursday,1
ORD103258,2023-03-12 16:38:00,Electronics,3640.56,1,0,3640.56,Central,Net Banking,58,0,3,3,Mar,Sunday,1
ORD103259,2023-02-28 03:16:00,Books,365.45,2,5,694.35,East,UPI,31,0,1,2,Feb,Tuesday,1
ORD103260,2023-04-04 18:13:00,Electronics,8778.54,1,0,8778.54,Central,Net Banking,53,0,5,4,Apr,Tuesday,2
ORD103261,2023-01-26 08:19:00,Clothing,1303.06,1,5,1237.91,Central,Debit Card,41,0,1,1,Jan,Thursday,1
ORD103262,2023-12-31 17:59:00,Electronics,9233.57,1,5,8771.89,Central,Net Banking,30,0,4,12,Dec,Sunday,4
ORD103263,2023-06-02 17:42:00,Sports,1327.06,1,0,1327.06,East,UPI,25,0,4,6,Jun,Friday,2
ORD103264,2023-01-21 09:58:00,Home & Kitchen,2856.78,1,5,2713.94,West,UPI,30,0,2,1,Jan,Saturday,1
ORD103265,2023-05-18 23:03:00,Books,115.64,3,15,294.88,South,UPI,26,0,4,5,May,Thursday,2
ORD103266,2023-01-03 03:57:00,Sports,1850.66,3,0,5551.99,West,UPI,31,0,5,1,Jan,Tuesday,1
ORD103267,2023-07-27 17:06:00,Books,519.22,3,0,1557.65,East,UPI,21,0,5,7,Jul,Thursday,3
ORD103268,2023-05-07 02:21:00,Sports,1622.89,1,5,1541.75,South,UPI,27,0,5,5,May,Sunday,2
ORD103269,2023-12-25 03:40:00,Sports,1374.79,1,0,1374.79,North,Credit Card,33,1,4,12,Dec,Monday,4
ORD103270,2023-12-29 04:10:00,Beauty,535.73,1,0,535.73,Central,UPI,57,0,4,12,Dec,Friday,4
ORD103271,2023-01-03 21:33:00,Home & Kitchen,3464.77,1,10,3118.29,East,Credit Card,18,0,4,1,Jan,Tuesday,1
ORD103272,2023-04-07 15:35:00,Beauty,1117.4,5,15,4748.97,South,UPI,24,0,4,4,Apr,Friday,2
ORD103273,2023-11-10 21:24:00,Clothing,2095.89,2,5,3982.18,South,Net Banking,49,0,3,11,Nov,Friday,4
ORD103274,2023-06-26 04:25:00,Books,363.73,1,5,345.54,Central,Credit Card,40,1,4,6,Jun,Monday,2
ORD103275,2023-05-28 08:15:00,Sports,2446.87,1,5,2324.53,Central,Net Banking,22,0,3,5,May,Sunday,2
ORD103276,2023-12-28 13:16:00,Electronics,7364.82,1,5,6996.58,Central,Credit Card,49,0,3,12,Dec,Thursday,4
ORD103277,2023-07-27 18:12:00,Electronics,11092.34,1,5,10537.73,East,Debit Card,45,0,3,7,Jul,Thursday,3
ORD103278,2023-04-05 20:37:00,Sports,1401.91,1,0,1401.91,North,COD,43,0,3,4,Apr,Wednesday,2
ORD103279,2023-03-09 22:02:00,Clothing,1683.14,2,20,2693.02,South,COD,28,0,4,3,Mar,Thursday,1
ORD103280,2023-01-24 23:04:00,Beauty,431.09,1,10,387.98,West,UPI,24,0,2,1,Jan,Tuesday,1
ORD103281,2023-05-22 03:36:00,Clothing,571.08,1,5,542.53,North,Debit Card,47,0,4,5,May,Monday,2
ORD103282,2023-02-26 22:00:00,Beauty,1163.79,1,0,1163.79,West,UPI,52,0,3,2,Feb,Sunday,1
ORD103283,2023-08-17 04:09:00,Clothing,1432.28,2,0,2864.56,North,Net Banking,57,0,4,8,Aug,Thursday,3
ORD103284,2023-07-30 12:42:00,Books,514.77,4,0,2059.07,Central,Debit Card,47,1,4,7,Jul,Sunday,3
ORD103285,2023-12-06 06:54:00,Home & Kitchen,2786.57,2,0,5573.15,South,UPI,26,0,3,12,Dec,Wednesday,4
ORD103286,2023-04-07 21:54:00,Books,261.94,1,20,209.55,South,Credit Card,62,0,3,4,Apr,Friday,2
ORD103287,2023-08-12 01:16:00,Books,425.04,1,5,403.79,North,Credit Card,28,0,1,8,Aug,Saturday,3
ORD103288,2023-02-01 01:47:00,Clothing,1125.86,4,5,4278.26,West,Credit Card,52,0,5,2,Feb,Wednesday,1
ORD103289,2023-07-31 03:56:00,Clothing,1708.9,4,0,6835.59,East,UPI,51,0,5,7,Jul,Monday,3
ORD103290,2023-04-01 13:49:00,Books,143.67,1,5,136.49,North,Credit Card,59,1,5,4,Apr,Saturday,2
ORD103291,2023-02-03 18:29:00,Sports,1696.9,1,10,1527.21,East,UPI,37,0,4,2,Feb,Friday,1
ORD103292,2023-08-19 06:44:00,Clothing,746.05,1,0,746.05,East,Net Banking,27,0,4,8,Aug,Saturday,3
ORD103293,2023-05-19 05:30:00,Home & Kitchen,1577.71,2,5,2997.64,South,Credit Card,31,0,5,5,May,Friday,2
ORD103294,2023-01-09 07:41:00,Clothing,1278.29,2,10,2300.92,West,UPI,25,0,4,1,Jan,Monday,1
ORD103295,2023-09-18 20:59:00,Sports,2414.34,1,0,2414.34,South,UPI,49,1,4,9,Sep,Monday,3
ORD103296,2023-07-09 16:16:00,Beauty,1180.79,1,0,1180.79,North,UPI,62,0,4,7,Jul,Sunday,3
ORD103297,2023-09-22 09:47:00,Beauty,1228.48,1,10,1105.63,West,UPI,28,0,4,9,Sep,Friday,3
ORD103298,2023-02-24 07:57:00,Sports,1393.43,1,0,1393.43,East,UPI,48,0,4,2,Feb,Friday,1
ORD103299,2023-12-09 17:54:00,Clothing,1263.83,1,15,1074.26,Central,Credit Card,22,0,5,12,Dec,Saturday,4
ORD103300,2023-04-04 20:31:00,Sports,1896.76,1,10,1707.08,Central,UPI,48,0,4,4,Apr,Tuesday,2
ORD103301,2023-06-17 22:49:00,Electronics,13098.93,1,15,11134.09,Central,Credit Card,48,0,4,6,Jun,Saturday,2
ORD103302,2023-01-01 15:12:00,Books,399.77,1,0,399.77,South,UPI,46,0,3,1,Jan,Sunday,1
ORD103303,2023-08-06 08:44:00,Books,402.65,1,0,402.65,East,Credit Card,19,0,2,8,Aug,Sunday,3
ORD103304,2023-07-25 21:53:00,Beauty,807.84,2,15,1373.33,Central,Credit Card,57,0,5,7,Jul,Tuesday,3
ORD103305,2023-02-19 12:30:00,Books,535.48,1,0,535.48,Central,UPI,24,0,4,2,Feb,Sunday,1
ORD103306,2023-06-16 01:54:00,Clothing,752.88,3,0,2258.64,East,UPI,46,0,4,6,Jun,Friday,2
ORD103307,2023-09-30 10:31:00,Clothing,1922.45,2,5,3652.65,South,Credit Card,25,0,4,9,Sep,Saturday,3
ORD103308,2023-01-09 22:04:00,Sports,2220.95,1,0,2220.95,North,Credit Card,57,0,4,1,Jan,Monday,1
ORD103309,2023-04-29 13:55:00,Clothing,630.48,1,0,630.48,North,UPI,18,0,3,4,Apr,Saturday,2
ORD103310,2023-10-01 23:04:00,Home & Kitchen,2597.34,1,15,2207.73,North,Debit Card,39,0,4,10,Oct,Sunday,4
ORD103311,2023-08-14 22:08:00,Sports,2436.35,3,0,7309.05,South,Debit Card,21,0,5,8,Aug,Monday,3
ORD103312,2023-07-09 03:02:00,Clothing,1124.45,5,0,5622.26,East,UPI,41,0,4,7,Jul,Sunday,3
ORD103313,2023-07-29 03:17:00,Sports,2172.85,2,5,4128.41,Central,Net Banking,43,0,4,7,Jul,Saturday,3
ORD103314,2023-02-17 10:59:00,Clothing,602.24,2,10,1084.03,South,Credit Card,31,0,4,2,Feb,Friday,1
ORD103315,2023-05-09 19:34:00,Electronics,7289.25,1,5,6924.79,South,UPI,48,1,5,5,May,Tuesday,2
ORD103316,2023-05-22 17:10:00,Beauty,476.71,1,10,429.04,North,COD,49,0,4,5,May,Monday,2
ORD103317,2023-04-21 13:56:00,Home & Kitchen,364.49,1,0,364.49,East,UPI,37,1,3,4,Apr,Friday,2
ORD103318,2023-10-26 07:59:00,Sports,1642.77,2,10,2956.99,Central,UPI,42,0,4,10,Oct,Thursday,4
ORD103319,2023-12-23 11:59:00,Home & Kitchen,921.99,1,5,875.89,East,Debit Card,34,0,5,12,Dec,Saturday,4
ORD103320,2023-12-23 05:01:00,Sports,913.16,1,5,867.51,North,COD,48,0,4,12,Dec,Saturday,4
ORD103321,2023-01-11 21:17:00,Sports,544.81,3,10,1470.99,South,UPI,42,0,5,1,Jan,Wednesday,1
ORD103322,2023-04-30 23:02:00,Clothing,506.2,1,5,480.89,South,UPI,63,0,4,4,Apr,Sunday,2
ORD103323,2023-04-12 04:18:00,Clothing,626.0,1,0,626.0,West,UPI,38,0,5,4,Apr,Wednesday,2
ORD103324,2023-04-26 19:08:00,Home & Kitchen,1954.4,1,0,1954.4,North,UPI,43,0,4,4,Apr,Wednesday,2
ORD103325,2023-04-15 11:40:00,Beauty,1075.42,3,15,2742.31,East,Net Banking,40,0,3,4,Apr,Saturday,2
ORD103326,2023-03-20 22:04:00,Home & Kitchen,1846.41,2,10,3323.54,South,Credit Card,59,0,4,3,Mar,Monday,1
ORD103327,2023-03-29 11:02:00,Electronics,10297.84,2,0,20595.69,Central,UPI,34,0,4,3,Mar,Wednesday,1
ORD103328,2023-02-25 02:48:00,Home & Kitchen,2804.72,1,10,2524.25,South,UPI,50,0,4,2,Feb,Saturday,1
ORD103329,2023-08-01 03:27:00,Clothing,1339.96,1,5,1272.96,South,Debit Card,20,0,3,8,Aug,Tuesday,3
ORD103330,2023-05-17 22:33:00,Clothing,611.26,1,0,611.26,Central,Net Banking,50,0,4,5,May,Wednesday,2
ORD103331,2023-10-30 18:21:00,Sports,2124.05,1,10,1911.64,West,UPI,26,0,4,10,Oct,Monday,4
ORD103332,2023-09-30 21:36:00,Sports,813.13,5,15,3455.81,South,COD,48,0,4,9,Sep,Saturday,3
ORD103333,2023-03-30 19:53:00,Home & Kitchen,2168.38,1,15,1843.12,West,UPI,23,0,4,3,Mar,Thursday,1
ORD103334,2023-11-07 06:59:00,Books,399.61,3,10,1078.94,North,UPI,55,0,3,11,Nov,Tuesday,4
ORD103335,2023-07-12 17:29:00,Books,392.84,1,15,333.91,North,Net Banking,30,0,5,7,Jul,Wednesday,3
ORD103336,2023-12-22 04:57:00,Electronics,11111.95,4,0,44447.81,North,UPI,25,0,4,12,Dec,Friday,4
ORD103337,2023-10-01 03:35:00,Beauty,1091.77,1,15,928.0,West,UPI,20,0,4,10,Oct,Sunday,4
ORD103338,2023-10-25 22:47:00,Beauty,699.27,1,5,664.31,South,UPI,63,1,4,10,Oct,Wednesday,4
ORD103339,2023-10-03 07:51:00,Clothing,1547.69,2,5,2940.62,South,UPI,44,0,3,10,Oct,Tuesday,4
ORD103340,2023-09-18 19:34:00,Electronics,11460.07,4,0,45840.29,North,UPI,30,0,5,9,Sep,Monday,3
ORD103341,2023-02-12 10:33:00,Sports,2438.92,2,0,4877.85,Central,UPI,28,0,4,2,Feb,Sunday,1
ORD103342,2023-06-20 17:08:00,Books,327.68,1,5,311.3,South,UPI,34,0,1,6,Jun,Tuesday,2
ORD103343,2023-04-16 04:51:00,Home & Kitchen,2389.32,2,5,4539.7,South,Debit Card,38,0,5,4,Apr,Sunday,2
ORD103344,2023-09-23 04:39:00,Electronics,10837.09,1,5,10295.23,West,UPI,32,0,4,9,Sep,Saturday,3
ORD103345,2023-11-21 17:05:00,Beauty,1168.53,1,15,993.25,East,Credit Card,52,0,1,11,Nov,Tuesday,4
ORD103346,2023-05-22 10:01:00,Beauty,713.92,1,10,642.53,North,Debit Card,29,0,4,5,May,Monday,2
ORD103347,2023-12-07 22:01:00,Electronics,9381.24,1,5,8912.18,North,UPI,18,0,3,12,Dec,Thursday,4
ORD103348,2023-11-23 18:05:00,Clothing,284.37,2,15,483.43,North,Debit Card,41,0,5,11,Nov,Thursday,4
ORD103349,2023-02-20 14:50:00,Home & Kitchen,1643.92,1,0,1643.92,Central,Debit Card,30,0,3,2,Feb,Monday,1
ORD103350,2023-11-19 23:38:00,Electronics,4827.32,2,10,8689.18,North,Debit Card,36,0,4,11,Nov,Sunday,4
ORD103351,2023-06-10 12:43:00,Books,196.35,3,5,559.58,North,Debit Card,54,1,3,6,Jun,Saturday,2
ORD103352,2023-11-27 09:48:00,Sports,1235.9,2,10,2224.62,East,UPI,61,0,5,11,Nov,Monday,4
ORD103353,2023-10-07 04:38:00,Electronics,10852.59,1,0,10852.59,Central,Credit Card,44,0,5,10,Oct,Saturday,4
ORD103354,2023-09-09 16:58:00,Books,362.22,1,0,362.22,North,UPI,21,0,5,9,Sep,Saturday,3
ORD103355,2023-09-14 19:50:00,Books,590.18,1,5,560.68,North,UPI,60,0,4,9,Sep,Thursday,3
ORD103356,2023-01-21 16:27:00,Home & Kitchen,2546.44,1,5,2419.12,West,UPI,30,0,2,1,Jan,Saturday,1
ORD103357,2023-01-26 00:42:00,Sports,2019.27,1,0,2019.27,East,Net Banking,27,0,5,1,Jan,Thursday,1
ORD103358,2023-06-26 20:21:00,Home & Kitchen,2823.05,2,0,5646.1,North,UPI,20,0,5,6,Jun,Monday,2
ORD103359,2023-05-21 16:09:00,Sports,801.77,2,15,1363.01,West,UPI,33,0,2,5,May,Sunday,2
ORD103360,2023-05-01 13:09:00,Electronics,6359.17,1,10,5723.26,East,Credit Card,32,0,4,5,May,Monday,2
ORD103361,2023-07-09 21:03:00,Books,328.3,3,5,935.67,East,UPI,55,0,5,7,Jul,Sunday,3
ORD103362,2023-10-23 12:46:00,Clothing,1954.77,1,5,1857.03,North,Credit Card,38,0,3,10,Oct,Monday,4
ORD103363,2023-11-17 15:03:00,Electronics,9802.38,5,5,46561.31,West,UPI,32,0,5,11,Nov,Friday,4
ORD103364,2023-11-05 19:35:00,Home & Kitchen,1783.56,2,5,3388.77,West,Credit Card,44,0,4,11,Nov,Sunday,4
ORD103365,2023-11-16 20:54:00,Electronics,5287.43,2,10,9517.37,Central,UPI,50,0,1,11,Nov,Thursday,4
ORD103366,2023-02-01 08:51:00,Electronics,7287.17,1,15,6194.09,North,COD,57,0,3,2,Feb,Wednesday,1
ORD103367,2023-05-10 16:07:00,Home & Kitchen,1546.61,1,15,1314.62,Central,COD,46,0,4,5,May,Wednesday,2
ORD103368,2023-01-03 08:40:00,Beauty,1007.6,1,0,1007.6,East,COD,25,0,3,1,Jan,Tuesday,1
ORD103369,2023-04-01 17:30:00,Beauty,1504.11,2,5,2857.81,West,Net Banking,55,0,4,4,Apr,Saturday,2
ORD103370,2023-09-22 06:24:00,Clothing,461.88,3,0,1385.65,South,Credit Card,18,0,5,9,Sep,Friday,3
ORD103371,2023-07-24 08:15:00,Electronics,9834.62,1,0,9834.62,South,Debit Card,58,0,3,7,Jul,Monday,3
ORD103372,2023-12-23 12:39:00,Clothing,1643.65,1,10,1479.29,East,Debit Card,44,0,5,12,Dec,Saturday,4
ORD103373,2023-10-20 20:42:00,Sports,1824.32,5,0,9121.59,East,Credit Card,26,1,5,10,Oct,Friday,4
ORD103374,2023-01-11 07:56:00,Clothing,1510.59,1,0,1510.59,West,Debit Card,45,0,4,1,Jan,Wednesday,1
ORD103375,2023-07-08 23:46:00,Clothing,748.39,1,5,710.97,Central,Credit Card,18,0,4,7,Jul,Saturday,3
ORD103376,2023-06-08 08:05:00,Electronics,10899.9,1,0,10899.9,West,Net Banking,20,0,3,6,Jun,Thursday,2
ORD103377,2023-05-30 20:24:00,Home & Kitchen,2470.11,1,10,2223.1,South,UPI,42,0,4,5,May,Tuesday,2
ORD103378,2023-05-29 01:11:00,Books,510.69,1,5,485.16,West,Debit Card,31,0,3,5,May,Monday,2
ORD103379,2023-12-12 11:21:00,Beauty,706.56,1,5,671.23,Central,Debit Card,29,0,5,12,Dec,Tuesday,4
ORD103380,2023-04-09 23:01:00,Books,664.15,2,5,1261.89,North,Credit Card,18,1,5,4,Apr,Sunday,2
ORD103381,2023-07-30 08:55:00,Books,218.59,1,10,196.73,East,Credit Card,40,0,3,7,Jul,Sunday,3
ORD103382,2023-09-16 00:49:00,Sports,1139.24,3,10,3075.95,South,Debit Card,42,0,5,9,Sep,Saturday,3
ORD103383,2023-05-04 17:44:00,Books,448.52,1,0,448.52,Central,Credit Card,41,1,2,5,May,Thursday,2
ORD103384,2023-06-19 23:08:00,Books,296.9,2,15,504.73,West,Credit Card,59,0,5,6,Jun,Monday,2
ORD103385,2023-02-01 21:44:00,Beauty,867.83,5,5,4122.19,East,UPI,32,0,4,2,Feb,Wednesday,1
ORD103386,2023-11-24 01:54:00,Beauty,1597.61,4,20,5112.37,East,UPI,36,0,5,11,Nov,Friday,4
ORD103387,2023-04-17 11:12:00,Clothing,1483.63,1,0,1483.63,Central,UPI,21,0,5,4,Apr,Monday,2
ORD103388,2023-12-29 03:25:00,Books,552.75,1,5,525.11,South,Net Banking,29,0,2,12,Dec,Friday,4
ORD103389,2023-02-16 03:45:00,Electronics,6712.16,2,0,13424.32,Central,Credit Card,59,0,5,2,Feb,Thursday,1
ORD103390,2023-03-05 17:03:00,Home & Kitchen,2713.69,1,0,2713.69,Central,COD,28,0,4,3,Mar,Sunday,1
ORD103391,2023-10-31 02:40:00,Clothing,556.31,2,15,945.73,South,Credit Card,55,1,4,10,Oct,Tuesday,4
ORD103392,2023-07-27 20:20:00,Clothing,908.17,1,5,862.76,South,UPI,19,0,3,7,Jul,Thursday,3
ORD103393,2023-01-18 23:04:00,Home & Kitchen,3191.79,2,10,5745.22,North,COD,46,0,3,1,Jan,Wednesday,1
ORD103394,2023-09-16 15:48:00,Sports,1122.64,3,0,3367.92,East,COD,48,0,4,9,Sep,Saturday,3
ORD103395,2023-08-25 16:54:00,Electronics,7590.22,1,5,7210.71,West,Debit Card,37,1,4,8,Aug,Friday,3
ORD103396,2023-09-26 00:00:00,Beauty,692.49,1,10,623.24,South,UPI,62,0,4,9,Sep,Tuesday,3
ORD103397,2023-01-16 18:06:00,Electronics,6699.94,1,5,6364.94,East,Debit Card,22,0,5,1,Jan,Monday,1
ORD103398,2023-10-09 04:53:00,Electronics,5612.5,2,20,8980.01,Central,Credit Card,36,0,4,10,Oct,Monday,4
ORD103399,2023-05-06 22:24:00,Electronics,8746.09,1,15,7434.18,East,Credit Card,52,0,3,5,May,Saturday,2
ORD103400,2023-09-12 08:46:00,Beauty,926.05,2,0,1852.09,East,Net Banking,51,0,4,9,Sep,Tuesday,3
ORD103401,2023-03-03 23:58:00,Sports,2532.02,3,0,7596.07,West,COD,40,0,4,3,Mar,Friday,1
ORD103402,2023-12-15 06:25:00,Sports,1647.26,2,0,3294.52,East,Credit Card,36,0,4,12,Dec,Friday,4
ORD103403,2023-03-10 01:04:00,Books,529.21,1,10,476.29,East,Credit Card,27,0,3,3,Mar,Friday,1
ORD103404,2023-09-27 20:49:00,Electronics,5363.64,2,15,9118.18,Central,UPI,41,0,3,9,Sep,Wednesday,3
ORD103405,2023-05-30 07:14:00,Sports,1102.3,1,5,1047.18,West,Credit Card,55,0,5,5,May,Tuesday,2
ORD103406,2023-01-14 18:08:00,Books,247.46,2,15,420.68,West,UPI,58,0,5,1,Jan,Saturday,1
ORD103407,2023-03-22 06:38:00,Beauty,686.23,1,0,686.23,Central,Credit Card,35,0,4,3,Mar,Wednesday,1
ORD103408,2023-05-03 14:17:00,Electronics,9193.05,1,5,8733.39,East,UPI,40,0,5,5,May,Wednesday,2
ORD103409,2023-02-17 08:59:00,Electronics,5730.53,2,20,9168.84,North,Debit Card,27,0,5,2,Feb,Friday,1
ORD103410,2023-05-31 04:33:00,Beauty,991.86,2,5,1884.54,Central,Credit Card,46,0,4,5,May,Wednesday,2
ORD103411,2023-01-22 11:40:00,Beauty,667.22,1,0,667.22,North,Debit Card,44,0,2,1,Jan,Sunday,1
ORD103412,2023-05-02 15:59:00,Books,421.84,2,5,801.5,West,Credit Card,19,0,4,5,May,Tuesday,2
ORD103413,2023-01-24 16:44:00,Beauty,946.83,1,10,852.15,North,UPI,41,0,3,1,Jan,Tuesday,1
ORD103414,2023-08-07 00:02:00,Clothing,1209.3,5,10,5441.87,South,Net Banking,61,0,5,8,Aug,Monday,3
ORD103415,2023-09-24 06:23:00,Electronics,7191.29,1,0,7191.29,West,UPI,56,0,5,9,Sep,Sunday,3
ORD103416,2023-02-15 00:24:00,Sports,1826.41,1,0,1826.41,South,Debit Card,32,0,5,2,Feb,Wednesday,1
ORD103417,2023-06-14 23:13:00,Electronics,2252.9,2,0,4505.81,North,COD,28,0,4,6,Jun,Wednesday,2
ORD103418,2023-05-11 10:22:00,Clothing,2161.85,1,0,2161.85,North,Net Banking,49,0,3,5,May,Thursday,2
ORD103419,2023-10-09 05:27:00,Sports,1820.69,1,5,1729.65,Central,UPI,36,0,4,10,Oct,Monday,4
ORD103420,2023-09-06 13:48:00,Beauty,731.08,2,0,1462.16,Central,Debit Card,24,0,3,9,Sep,Wednesday,3
ORD103421,2023-11-15 06:33:00,Clothing,1761.07,4,15,5987.64,East,UPI,58,0,5,11,Nov,Wednesday,4
ORD103422,2023-03-01 07:19:00,Electronics,2584.55,1,15,2196.87,Central,UPI,59,0,2,3,Mar,Wednesday,1
ORD103423,2023-08-18 06:21:00,Sports,2623.75,2,0,5247.5,East,UPI,59,0,2,8,Aug,Friday,3
ORD103424,2023-10-09 23:57:00,Beauty,430.04,1,5,408.54,Central,UPI,54,0,5,10,Oct,Monday,4
ORD103425,2023-04-19 07:41:00,Electronics,13330.26,1,10,11997.24,East,Credit Card,31,0,4,4,Apr,Wednesday,2
ORD103426,2023-01-28 03:42:00,Electronics,7441.83,2,0,14883.67,East,Credit Card,35,0,4,1,Jan,Saturday,1
ORD103427,2023-01-10 19:52:00,Beauty,644.98,2,0,1289.97,North,Credit Card,35,0,4,1,Jan,Tuesday,1
ORD103428,2023-10-25 22:04:00,Sports,1050.14,1,5,997.64,East,UPI,27,0,4,10,Oct,Wednesday,4
ORD103429,2023-01-09 22:28:00,Clothing,678.52,3,0,2035.55,East,Credit Card,20,0,1,1,Jan,Monday,1
ORD103430,2023-07-26 19:45:00,Clothing,1534.54,1,5,1457.81,Central,Debit Card,64,0,5,7,Jul,Wednesday,3
ORD103431,2023-08-04 19:36:00,Beauty,773.72,2,10,1392.7,West,Net Banking,59,0,5,8,Aug,Friday,3
ORD103432,2023-06-01 17:41:00,Beauty,710.67,2,0,1421.33,Central,Debit Card,58,0,4,6,Jun,Thursday,2
ORD103433,2023-12-13 21:48:00,Beauty,1077.48,1,10,969.73,West,UPI,62,0,4,12,Dec,Wednesday,4
ORD103434,2023-06-01 04:34:00,Sports,1506.13,1,5,1430.82,East,Credit Card,56,0,4,6,Jun,Thursday,2
ORD103435,2023-10-19 07:09:00,Beauty,1000.7,3,5,2851.99,East,Credit Card,59,0,4,10,Oct,Thursday,4
ORD103436,2023-01-11 16:56:00,Books,669.6,3,5,1908.37,East,Credit Card,48,0,4,1,Jan,Wednesday,1
ORD103437,2023-03-31 06:06:00,Clothing,618.7,1,10,556.83,South,Net Banking,37,0,5,3,Mar,Friday,1
ORD103438,2023-05-31 04:49:00,Clothing,894.09,1,10,804.68,West,Credit Card,53,0,3,5,May,Wednesday,2
ORD103439,2023-01-29 13:39:00,Sports,1231.33,1,15,1046.63,North,COD,35,1,5,1,Jan,Sunday,1
ORD103440,2023-03-21 12:40:00,Home & Kitchen,2260.87,2,5,4295.65,North,Credit Card,27,0,4,3,Mar,Tuesday,1
ORD103441,2023-01-16 20:28:00,Home & Kitchen,2389.6,1,15,2031.16,South,Debit Card,55,0,2,1,Jan,Monday,1
ORD103442,2023-10-15 23:14:00,Books,316.05,5,0,1580.26,Central,Credit Card,54,0,4,10,Oct,Sunday,4
ORD103443,2023-12-10 21:38:00,Books,372.98,2,0,745.96,East,Debit Card,39,0,3,12,Dec,Sunday,4
ORD103444,2023-03-12 21:57:00,Sports,1739.38,3,5,4957.24,Central,Debit Card,52,0,5,3,Mar,Sunday,1
ORD103445,2023-01-02 11:26:00,Books,305.8,1,10,275.22,North,COD,64,0,5,1,Jan,Monday,1
ORD103446,2023-10-17 19:27:00,Beauty,562.21,2,10,1011.97,East,UPI,38,1,5,10,Oct,Tuesday,4
ORD103447,2023-07-27 18:48:00,Clothing,564.22,3,0,1692.66,East,Credit Card,63,0,5,7,Jul,Thursday,3
ORD103448,2023-08-11 21:17:00,Clothing,1023.91,2,0,2047.82,North,Debit Card,27,1,2,8,Aug,Friday,3
ORD103449,2023-10-21 12:22:00,Home & Kitchen,2143.58,1,20,1714.87,West,Debit Card,33,0,4,10,Oct,Saturday,4
ORD103450,2023-01-08 17:30:00,Clothing,1028.44,1,5,977.02,West,UPI,30,1,4,1,Jan,Sunday,1
ORD103451,2023-03-16 06:51:00,Beauty,1059.41,2,5,2012.87,Central,UPI,19,0,4,3,Mar,Thursday,1
ORD103452,2023-03-03 08:53:00,Books,410.67,1,20,328.54,South,Debit Card,42,0,5,3,Mar,Friday,1
ORD103453,2023-10-05 04:15:00,Home & Kitchen,2441.66,1,20,1953.33,Central,Debit Card,42,0,3,10,Oct,Thursday,4
ORD103454,2023-09-18 08:40:00,Books,341.82,1,10,307.64,North,Net Banking,51,0,4,9,Sep,Monday,3
ORD103455,2023-09-02 07:00:00,Clothing,845.9,1,5,803.61,North,Debit Card,54,0,2,9,Sep,Saturday,3
ORD103456,2023-08-11 19:25:00,Sports,2780.54,2,0,5561.09,West,UPI,60,0,4,8,Aug,Friday,3
ORD103457,2023-03-01 12:32:00,Electronics,9867.91,1,10,8881.11,South,UPI,29,0,4,3,Mar,Wednesday,1
ORD103458,2023-04-09 19:21:00,Beauty,752.49,2,0,1504.99,North,UPI,58,0,4,4,Apr,Sunday,2
ORD103459,2023-07-12 16:03:00,Electronics,12686.69,1,5,12052.36,Central,Debit Card,36,0,4,7,Jul,Wednesday,3
ORD103460,2023-05-31 20:38:00,Electronics,5102.18,1,0,5102.18,North,Net Banking,50,0,4,5,May,Wednesday,2
ORD103461,2023-01-28 14:26:00,Books,591.37,1,5,561.8,South,Net Banking,48,0,4,1,Jan,Saturday,1
ORD103462,2023-04-11 18:28:00,Sports,649.83,5,0,3249.16,West,Debit Card,52,0,3,4,Apr,Tuesday,2
ORD103463,2023-07-08 07:40:00,Electronics,1641.06,1,15,1394.9,East,UPI,27,0,2,7,Jul,Saturday,3
ORD103464,2023-08-14 14:38:00,Home & Kitchen,3557.25,1,10,3201.53,East,UPI,59,0,4,8,Aug,Monday,3
ORD103465,2023-08-18 04:46:00,Electronics,8149.07,2,15,13853.42,West,Debit Card,32,1,5,8,Aug,Friday,3
ORD103466,2023-12-10 04:38:00,Home & Kitchen,1842.11,5,10,8289.49,South,UPI,60,0,3,12,Dec,Sunday,4
ORD103467,2023-02-17 23:55:00,Sports,2396.41,1,0,2396.41,West,Debit Card,55,0,4,2,Feb,Friday,1
ORD103468,2023-07-16 01:10:00,Home & Kitchen,2933.85,2,0,5867.71,Central,Debit Card,18,0,4,7,Jul,Sunday,3
ORD103469,2023-02-04 08:01:00,Sports,1801.06,1,5,1711.0,West,COD,45,0,4,2,Feb,Saturday,1
ORD103470,2023-10-01 08:04:00,Beauty,632.68,1,15,537.78,South,UPI,40,0,4,10,Oct,Sunday,4
ORD103471,2023-04-29 02:59:00,Home & Kitchen,3448.44,2,0,6896.88,South,COD,36,0,4,4,Apr,Saturday,2
ORD103472,2023-07-03 22:59:00,Books,355.5,5,0,1777.5,South,UPI,30,0,5,7,Jul,Monday,3
ORD103473,2023-02-25 14:34:00,Home & Kitchen,1402.29,1,15,1191.94,North,Credit Card,39,0,3,2,Feb,Saturday,1
ORD103474,2023-03-26 21:06:00,Clothing,1662.05,2,0,3324.1,North,Credit Card,51,0,5,3,Mar,Sunday,1
ORD103475,2023-07-14 03:14:00,Electronics,13008.09,1,5,12357.69,West,UPI,26,0,5,7,Jul,Friday,3
ORD103476,2023-12-09 10:08:00,Sports,764.1,1,20,611.28,West,Credit Card,22,1,4,12,Dec,Saturday,4
ORD103477,2023-06-26 12:07:00,Sports,1939.05,1,10,1745.15,South,UPI,45,0,4,6,Jun,Monday,2
ORD103478,2023-12-08 17:18:00,Electronics,9803.37,2,0,19606.73,East,UPI,50,0,4,12,Dec,Friday,4
ORD103479,2023-03-28 18:20:00,Electronics,5221.45,1,0,5221.45,North,UPI,51,0,4,3,Mar,Tuesday,1
ORD103480,2023-05-31 16:02:00,Home & Kitchen,2296.29,2,10,4133.32,North,Credit Card,39,0,4,5,May,Wednesday,2
ORD103481,2023-01-28 07:28:00,Books,451.32,1,15,383.62,South,Debit Card,55,1,4,1,Jan,Saturday,1
ORD103482,2023-07-23 15:34:00,Electronics,10888.61,1,0,10888.61,North,COD,56,0,4,7,Jul,Sunday,3
ORD103483,2023-09-13 21:32:00,Home & Kitchen,2300.47,4,10,8281.68,South,COD,30,0,4,9,Sep,Wednesday,3
ORD103484,2023-01-08 05:40:00,Electronics,11298.52,2,0,22597.03,North,Net Banking,24,0,2,1,Jan,Sunday,1
ORD103485,2023-10-02 05:06:00,Sports,1850.65,2,0,3701.3,South,UPI,56,0,4,10,Oct,Monday,4
ORD103486,2023-03-29 18:34:00,Home & Kitchen,1842.88,4,0,7371.52,East,Debit Card,20,0,4,3,Mar,Wednesday,1
ORD103487,2023-12-18 19:28:00,Home & Kitchen,2972.46,1,5,2823.84,South,Debit Card,59,0,5,12,Dec,Monday,4
ORD103488,2023-10-04 07:56:00,Clothing,100.0,1,0,100.0,North,Net Banking,37,0,4,10,Oct,Wednesday,4
ORD103489,2023-10-06 21:20:00,Clothing,1497.77,1,0,1497.77,West,UPI,39,0,4,10,Oct,Friday,4
ORD103490,2023-10-21 14:47:00,Clothing,720.78,1,5,684.74,North,Credit Card,49,0,4,10,Oct,Saturday,4
ORD103491,2023-10-29 17:46:00,Beauty,727.48,4,0,2909.93,West,Credit Card,35,0,4,10,Oct,Sunday,4
ORD103492,2023-08-21 15:44:00,Electronics,3129.54,1,5,2973.07,North,Credit Card,64,0,3,8,Aug,Monday,3
ORD103493,2023-05-01 12:33:00,Home & Kitchen,3211.44,4,10,11561.17,South,Net Banking,60,0,4,5,May,Monday,2
ORD103494,2023-07-06 00:24:00,Electronics,7429.69,1,20,5943.75,Central,UPI,25,0,1,7,Jul,Thursday,3
ORD103495,2023-03-29 05:14:00,Beauty,858.69,1,5,815.76,East,UPI,53,0,2,3,Mar,Wednesday,1
ORD103496,2023-02-14 12:43:00,Clothing,1458.88,2,0,2917.76,East,UPI,60,0,3,2,Feb,Tuesday,1
ORD103497,2023-10-04 14:59:00,Books,299.05,3,0,897.16,North,Debit Card,53,0,4,10,Oct,Wednesday,4
ORD103498,2023-10-19 04:46:00,Home & Kitchen,2622.3,1,0,2622.3,North,Credit Card,39,0,4,10,Oct,Thursday,4
ORD103499,2023-02-07 18:08:00,Clothing,722.7,1,15,614.3,East,Credit Card,32,0,4,2,Feb,Tuesday,1
ORD103500,2023-11-01 01:35:00,Home & Kitchen,1939.28,3,5,5526.95,Central,Credit Card,21,0,4,11,Nov,Wednesday,4
ORD103501,2023-05-18 07:27:00,Beauty,1552.45,1,15,1319.58,Central,Credit Card,21,0,4,5,May,Thursday,2
ORD103502,2023-10-07 00:10:00,Books,181.42,4,0,725.7,South,Net Banking,18,0,5,10,Oct,Saturday,4
ORD103503,2023-06-19 01:38:00,Electronics,8015.72,1,15,6813.36,South,Debit Card,26,0,2,6,Jun,Monday,2
ORD103504,2023-08-10 23:38:00,Sports,1870.12,1,0,1870.12,East,Credit Card,27,0,4,8,Aug,Thursday,3
ORD103505,2023-11-28 04:19:00,Books,335.78,2,5,637.99,Central,UPI,29,0,3,11,Nov,Tuesday,4
ORD103506,2023-11-09 16:35:00,Beauty,952.79,1,0,952.79,North,Debit Card,18,0,4,11,Nov,Thursday,4
ORD103507,2023-06-27 14:40:00,Books,174.0,1,20,139.2,Central,Credit Card,37,0,4,6,Jun,Tuesday,2
ORD103508,2023-12-22 20:28:00,Electronics,9561.04,1,5,9082.99,North,UPI,37,0,4,12,Dec,Friday,4
ORD103509,2023-05-01 17:25:00,Clothing,1558.36,1,5,1480.45,West,UPI,34,0,5,5,May,Monday,2
ORD103510,2023-10-04 21:11:00,Clothing,651.78,1,5,619.19,North,COD,51,0,5,10,Oct,Wednesday,4
ORD103511,2023-05-21 12:49:00,Home & Kitchen,2756.38,1,0,2756.38,North,COD,62,0,4,5,May,Sunday,2
ORD103512,2023-11-18 21:29:00,Electronics,12457.23,1,15,10588.64,West,Credit Card,49,1,3,11,Nov,Saturday,4
ORD103513,2023-07-16 17:09:00,Home & Kitchen,2717.93,3,5,7746.09,Central,Credit Card,29,0,2,7,Jul,Sunday,3
ORD103514,2023-09-16 15:45:00,Home & Kitchen,1926.9,2,10,3468.41,South,Net Banking,62,0,5,9,Sep,Saturday,3
ORD103515,2023-06-13 16:36:00,Clothing,1138.43,1,0,1138.43,South,Credit Card,58,1,5,6,Jun,Tuesday,2
ORD103516,2023-01-20 20:34:00,Beauty,649.43,1,10,584.49,East,Debit Card,60,0,2,1,Jan,Friday,1
ORD103517,2023-07-24 20:11:00,Electronics,14268.98,1,10,12842.08,South,UPI,49,0,5,7,Jul,Monday,3
ORD103518,2023-05-18 00:42:00,Beauty,456.57,4,10,1643.64,East,Debit Card,61,0,1,5,May,Thursday,2
ORD103519,2023-07-15 23:39:00,Home & Kitchen,2448.38,1,0,2448.38,East,Debit Card,50,0,1,7,Jul,Saturday,3
ORD103520,2023-01-20 00:43:00,Sports,2394.92,2,5,4550.35,North,UPI,19,0,5,1,Jan,Friday,1
ORD103521,2023-04-01 23:21:00,Sports,804.42,3,0,2413.25,East,UPI,52,0,4,4,Apr,Saturday,2
ORD103522,2023-09-26 12:29:00,Clothing,1488.6,3,10,4019.23,Central,UPI,40,0,4,9,Sep,Tuesday,3
ORD103523,2023-06-30 19:18:00,Clothing,1560.24,1,20,1248.19,South,Debit Card,63,0,5,6,Jun,Friday,2
ORD103524,2023-03-10 21:34:00,Beauty,1006.79,5,10,4530.53,Central,Net Banking,50,0,3,3,Mar,Friday,1
ORD103525,2023-04-24 06:34:00,Home & Kitchen,4031.8,1,20,3225.44,Central,COD,64,0,5,4,Apr,Monday,2
ORD103526,2023-07-27 05:16:00,Books,587.48,1,5,558.11,North,Debit Card,29,0,5,7,Jul,Thursday,3
ORD103527,2023-04-06 17:48:00,Books,258.31,1,20,206.65,East,Debit Card,49,0,4,4,Apr,Thursday,2
ORD103528,2023-04-02 10:24:00,Home & Kitchen,1406.85,4,10,5064.65,South,COD,45,0,1,4,Apr,Sunday,2
ORD103529,2023-07-26 18:14:00,Clothing,760.2,1,0,760.2,South,UPI,57,0,3,7,Jul,Wednesday,3
ORD103530,2023-12-18 11:06:00,Sports,2961.81,1,5,2813.72,South,Net Banking,62,0,3,12,Dec,Monday,4
ORD103531,2023-02-24 17:45:00,Sports,2610.1,3,0,7830.3,West,UPI,54,0,4,2,Feb,Friday,1
ORD103532,2023-11-27 15:33:00,Electronics,11160.41,1,15,9486.35,East,COD,60,0,5,11,Nov,Monday,4
ORD103533,2023-06-16 00:39:00,Sports,2217.52,1,0,2217.52,East,Debit Card,54,0,3,6,Jun,Friday,2
ORD103534,2023-05-28 08:14:00,Beauty,1134.9,1,5,1078.15,North,UPI,52,0,4,5,May,Sunday,2
ORD103535,2023-11-16 03:56:00,Beauty,1194.21,1,15,1015.08,Central,Net Banking,23,1,2,11,Nov,Thursday,4
ORD103536,2023-02-27 15:38:00,Electronics,11605.39,1,0,11605.39,West,UPI,38,0,3,2,Feb,Monday,1
ORD103537,2023-09-25 22:21:00,Clothing,980.02,1,0,980.02,Central,UPI,45,0,2,9,Sep,Monday,3
ORD103538,2023-02-14 11:13:00,Electronics,8471.22,2,15,14401.08,West,UPI,28,1,5,2,Feb,Tuesday,1
ORD103539,2023-05-31 14:06:00,Books,436.48,3,10,1178.5,East,Net Banking,54,0,5,5,May,Wednesday,2
ORD103540,2023-02-24 06:46:00,Clothing,1930.3,3,5,5501.36,South,UPI,60,0,5,2,Feb,Friday,1
ORD103541,2023-08-03 15:46:00,Clothing,1938.1,1,5,1841.19,Central,UPI,30,0,1,8,Aug,Thursday,3
ORD103542,2023-08-18 10:02:00,Home & Kitchen,1593.85,5,0,7969.24,North,COD,28,0,3,8,Aug,Friday,3
ORD103543,2023-03-18 22:55:00,Books,642.23,1,0,642.23,North,UPI,49,0,1,3,Mar,Saturday,1
ORD103544,2023-01-19 11:11:00,Electronics,10743.99,1,5,10206.79,West,UPI,44,0,5,1,Jan,Thursday,1
ORD103545,2023-03-04 22:37:00,Sports,939.85,2,0,1879.71,Central,Credit Card,28,0,5,3,Mar,Saturday,1
ORD103546,2023-11-06 23:53:00,Electronics,8200.31,2,10,14760.55,South,Debit Card,41,0,4,11,Nov,Monday,4
ORD103547,2023-05-20 11:08:00,Electronics,11755.13,4,0,47020.5,South,Net Banking,44,0,3,5,May,Saturday,2
ORD103548,2023-10-13 11:25:00,Sports,1388.69,1,15,1180.39,South,Net Banking,19,0,2,10,Oct,Friday,4
ORD103549,2023-10-13 13:26:00,Books,629.05,1,10,566.14,North,COD,58,0,4,10,Oct,Friday,4
ORD103550,2023-09-17 13:50:00,Sports,1367.12,1,0,1367.12,West,Credit Card,53,0,4,9,Sep,Sunday,3
ORD103551,2023-06-02 05:08:00,Books,431.03,1,0,431.03,West,Debit Card,48,0,4,6,Jun,Friday,2
ORD103552,2023-06-22 23:57:00,Sports,1784.68,1,0,1784.68,East,Credit Card,37,0,4,6,Jun,Thursday,2
ORD103553,2023-10-29 13:23:00,Books,294.44,5,0,1472.21,East,Debit Card,52,0,5,10,Oct,Sunday,4
ORD103554,2023-05-28 05:32:00,Sports,1024.78,1,10,922.3,South,UPI,35,0,4,5,May,Sunday,2
ORD103555,2023-03-02 02:51:00,Sports,2066.21,2,10,3719.18,West,COD,26,0,2,3,Mar,Thursday,1
ORD103556,2023-03-11 00:56:00,Electronics,2226.76,2,0,4453.52,North,UPI,37,0,3,3,Mar,Saturday,1
ORD103557,2023-07-10 20:14:00,Books,395.71,1,5,375.92,Central,Debit Card,34,1,1,7,Jul,Monday,3
ORD103558,2023-02-07 07:08:00,Clothing,895.78,2,0,1791.56,North,Debit Card,63,0,4,2,Feb,Tuesday,1
ORD103559,2023-02-05 06:00:00,Books,460.98,3,10,1244.65,East,UPI,25,0,2,2,Feb,Sunday,1
ORD103560,2023-09-25 06:40:00,Electronics,6359.59,1,0,6359.59,West,Credit Card,48,0,5,9,Sep,Monday,3
ORD103561,2023-12-16 03:18:00,Clothing,2027.72,1,15,1723.56,East,UPI,28,0,1,12,Dec,Saturday,4
ORD103562,2023-09-26 19:24:00,Sports,2075.36,1,0,2075.36,West,Credit Card,58,0,4,9,Sep,Tuesday,3
ORD103563,2023-09-09 04:31:00,Beauty,845.83,4,0,3383.34,South,Credit Card,26,0,5,9,Sep,Saturday,3
ORD103564,2023-08-14 23:18:00,Beauty,1211.39,2,0,2422.78,West,UPI,58,0,4,8,Aug,Monday,3
ORD103565,2023-03-08 11:54:00,Electronics,9306.17,2,15,15820.49,Central,COD,25,0,4,3,Mar,Wednesday,1
ORD103566,2023-03-27 11:18:00,Beauty,1171.54,2,0,2343.07,South,COD,58,0,5,3,Mar,Monday,1
ORD103567,2023-09-27 06:51:00,Electronics,10304.74,1,5,9789.5,South,Debit Card,64,0,5,9,Sep,Wednesday,3
ORD103568,2023-03-10 06:53:00,Electronics,5086.89,4,5,19330.2,North,UPI,31,0,4,3,Mar,Friday,1
ORD103569,2023-03-15 20:00:00,Sports,2369.35,1,0,2369.35,East,Debit Card,40,0,5,3,Mar,Wednesday,1
ORD103570,2023-07-13 23:00:00,Electronics,8079.16,1,0,8079.16,North,Credit Card,21,0,5,7,Jul,Thursday,3
ORD103571,2023-05-15 15:10:00,Home & Kitchen,3256.78,1,0,3256.78,South,Debit Card,24,0,5,5,May,Monday,2
ORD103572,2023-06-26 00:34:00,Home & Kitchen,1307.09,1,0,1307.09,South,Debit Card,21,0,1,6,Jun,Monday,2
ORD103573,2023-09-23 22:05:00,Home & Kitchen,1643.26,1,5,1561.1,West,UPI,33,0,5,9,Sep,Saturday,3
ORD103574,2023-06-29 15:29:00,Clothing,1466.61,2,0,2933.21,East,UPI,45,0,5,6,Jun,Thursday,2
ORD103575,2023-10-15 20:17:00,Books,295.88,3,0,887.65,West,UPI,56,0,5,10,Oct,Sunday,4
ORD103576,2023-10-20 01:20:00,Clothing,712.6,2,10,1282.69,South,Credit Card,25,0,4,10,Oct,Friday,4
ORD103577,2023-12-09 23:29:00,Sports,1946.35,2,0,3892.7,West,Net Banking,54,0,1,12,Dec,Saturday,4
ORD103578,2023-05-04 23:06:00,Sports,2378.89,1,0,2378.89,West,UPI,31,0,3,5,May,Thursday,2
ORD103579,2023-08-14 03:41:00,Clothing,878.2,4,10,3161.53,West,UPI,29,0,1,8,Aug,Monday,3
ORD103580,2023-12-18 06:12:00,Home & Kitchen,1323.81,1,0,1323.81,West,Debit Card,30,0,3,12,Dec,Monday,4
ORD103581,2023-04-22 18:41:00,Beauty,520.98,1,5,494.93,Central,COD,49,0,4,4,Apr,Saturday,2
ORD103582,2023-06-16 05:11:00,Electronics,6441.64,2,0,12883.28,South,Credit Card,62,0,2,6,Jun,Friday,2
ORD103583,2023-11-11 06:47:00,Sports,1525.04,1,15,1296.28,West,Net Banking,53,0,5,11,Nov,Saturday,4
ORD103584,2023-08-07 10:42:00,Electronics,8416.37,3,10,22724.21,Central,UPI,59,0,3,8,Aug,Monday,3
ORD103585,2023-05-01 17:35:00,Books,531.16,2,0,1062.32,South,UPI,21,0,5,5,May,Monday,2
ORD103586,2023-06-16 20:23:00,Clothing,653.99,2,10,1177.17,South,Debit Card,38,0,4,6,Jun,Friday,2
ORD103587,2023-04-15 10:35:00,Sports,3455.97,4,5,13132.7,East,UPI,29,0,3,4,Apr,Saturday,2
ORD103588,2023-09-08 23:41:00,Electronics,4878.79,1,0,4878.79,West,Debit Card,33,0,4,9,Sep,Friday,3
ORD103589,2023-04-23 05:51:00,Home & Kitchen,2337.91,2,5,4442.03,West,UPI,50,0,5,4,Apr,Sunday,2
ORD103590,2023-10-20 10:16:00,Electronics,4449.05,2,15,7563.38,East,Credit Card,50,0,4,10,Oct,Friday,4
ORD103591,2023-11-09 22:46:00,Home & Kitchen,2402.61,1,0,2402.61,North,UPI,43,0,5,11,Nov,Thursday,4
ORD103592,2023-11-06 18:28:00,Home & Kitchen,2228.0,1,0,2228.0,North,UPI,37,0,4,11,Nov,Monday,4
ORD103593,2023-08-14 02:10:00,Clothing,1133.18,2,10,2039.72,North,UPI,42,0,5,8,Aug,Monday,3
ORD103594,2023-11-02 14:48:00,Beauty,1510.42,1,10,1359.38,Central,COD,47,0,5,11,Nov,Thursday,4
ORD103595,2023-02-27 06:31:00,Beauty,1146.47,1,10,1031.82,East,UPI,39,0,5,2,Feb,Monday,1
ORD103596,2023-09-23 07:08:00,Sports,2197.31,1,5,2087.44,South,UPI,36,0,1,9,Sep,Saturday,3
ORD103597,2023-02-20 04:50:00,Beauty,400.5,3,10,1081.34,East,UPI,58,0,1,2,Feb,Monday,1
ORD103598,2023-01-28 17:12:00,Beauty,478.02,1,15,406.31,South,UPI,46,0,2,1,Jan,Saturday,1
ORD103599,2023-05-16 17:31:00,Electronics,11509.0,1,0,11509.0,Central,Net Banking,38,0,5,5,May,Tuesday,2
ORD103600,2023-08-27 16:32:00,Beauty,576.21,2,10,1037.18,Central,Net Banking,21,0,4,8,Aug,Sunday,3
ORD103601,2023-06-28 21:13:00,Home & Kitchen,1564.16,1,0,1564.16,East,Debit Card,62,0,3,6,Jun,Wednesday,2
ORD103602,2023-04-05 07:40:00,Books,767.32,1,10,690.59,Central,UPI,64,0,5,4,Apr,Wednesday,2
ORD103603,2023-01-21 06:01:00,Electronics,7477.84,1,15,6356.16,East,COD,21,0,4,1,Jan,Saturday,1
ORD103604,2023-07-18 20:05:00,Clothing,502.85,1,5,477.71,Central,Net Banking,61,0,5,7,Jul,Tuesday,3
ORD103605,2023-06-14 03:29:00,Sports,1012.76,3,0,3038.27,North,UPI,30,0,5,6,Jun,Wednesday,2
ORD103606,2023-04-18 23:36:00,Clothing,1262.4,1,0,1262.4,North,UPI,19,0,2,4,Apr,Tuesday,2
ORD103607,2023-11-26 18:10:00,Clothing,100.0,3,10,270.0,Central,Debit Card,31,0,4,11,Nov,Sunday,4
ORD103608,2023-01-13 02:19:00,Beauty,1263.38,2,10,2274.08,South,Credit Card,19,0,5,1,Jan,Friday,1
ORD103609,2023-09-19 06:03:00,Beauty,1139.55,1,0,1139.55,Central,Net Banking,38,0,5,9,Sep,Tuesday,3
ORD103610,2023-10-23 13:30:00,Electronics,7323.83,1,5,6957.64,North,UPI,49,0,4,10,Oct,Monday,4
ORD103611,2023-09-13 02:38:00,Sports,1757.93,5,15,7471.19,North,UPI,43,0,3,9,Sep,Wednesday,3
ORD103612,2023-11-21 04:46:00,Electronics,4358.29,1,10,3922.46,South,UPI,60,1,5,11,Nov,Tuesday,4
ORD103613,2023-03-02 21:59:00,Clothing,1083.7,1,5,1029.52,West,Credit Card,44,0,4,3,Mar,Thursday,1
ORD103614,2023-03-13 01:07:00,Beauty,1116.89,4,10,4020.82,Central,Debit Card,53,0,5,3,Mar,Monday,1
ORD103615,2023-02-15 03:07:00,Beauty,1168.27,1,5,1109.86,West,Credit Card,48,0,5,2,Feb,Wednesday,1
ORD103616,2023-04-03 01:07:00,Clothing,865.43,1,5,822.16,Central,Debit Card,21,0,4,4,Apr,Monday,2
ORD103617,2023-03-11 23:21:00,Home & Kitchen,2471.55,1,0,2471.55,Central,Debit Card,59,0,2,3,Mar,Saturday,1
ORD103618,2023-04-12 19:47:00,Clothing,1286.07,1,20,1028.86,South,UPI,54,0,1,4,Apr,Wednesday,2
ORD103619,2023-04-09 13:24:00,Sports,2163.71,2,5,4111.05,East,UPI,43,0,1,4,Apr,Sunday,2
ORD103620,2023-12-05 05:29:00,Electronics,7159.67,1,0,7159.67,East,Debit Card,41,0,5,12,Dec,Tuesday,4
ORD103621,2023-03-18 09:11:00,Electronics,12308.89,1,0,12308.89,North,UPI,45,1,4,3,Mar,Saturday,1
ORD103622,2023-10-13 21:25:00,Electronics,9847.99,3,15,25112.37,Central,UPI,62,0,4,10,Oct,Friday,4
ORD103623,2023-01-05 18:42:00,Books,188.73,1,10,169.86,East,COD,42,0,4,1,Jan,Thursday,1
ORD103624,2023-11-02 09:24:00,Clothing,1000.81,1,0,1000.81,South,UPI,56,0,5,11,Nov,Thursday,4
ORD103625,2023-04-10 22:54:00,Sports,667.51,1,0,667.51,East,COD,46,0,2,4,Apr,Monday,2
ORD103626,2023-07-14 02:51:00,Books,448.58,2,0,897.15,North,Net Banking,54,0,3,7,Jul,Friday,3
ORD103627,2023-12-08 18:38:00,Clothing,701.74,1,10,631.56,East,UPI,52,1,4,12,Dec,Friday,4
ORD103628,2023-10-26 15:52:00,Beauty,1385.5,2,10,2493.9,North,Debit Card,33,1,4,10,Oct,Thursday,4
ORD103629,2023-08-21 03:09:00,Clothing,976.48,1,5,927.66,East,UPI,61,0,5,8,Aug,Monday,3
ORD103630,2023-10-09 10:34:00,Books,500.22,1,10,450.2,East,UPI,29,0,4,10,Oct,Monday,4
ORD103631,2023-04-19 00:16:00,Clothing,880.23,2,10,1584.41,North,Net Banking,20,0,5,4,Apr,Wednesday,2
ORD103632,2023-01-14 04:30:00,Clothing,1030.09,1,10,927.08,North,Credit Card,45,0,4,1,Jan,Saturday,1
ORD103633,2023-11-11 05:30:00,Books,427.32,1,5,405.95,South,Credit Card,38,0,2,11,Nov,Saturday,4
ORD103634,2023-01-31 05:38:00,Books,450.65,1,0,450.65,Central,UPI,64,0,2,1,Jan,Tuesday,1
ORD103635,2023-02-13 13:27:00,Beauty,1024.97,1,0,1024.97,Central,UPI,58,0,4,2,Feb,Monday,1
ORD103636,2023-03-08 04:55:00,Clothing,1426.34,3,5,4065.07,East,Credit Card,43,0,4,3,Mar,Wednesday,1
ORD103637,2023-06-25 10:16:00,Electronics,7208.66,1,5,6848.23,South,Net Banking,36,0,2,6,Jun,Sunday,2
ORD103638,2023-11-20 20:00:00,Beauty,803.38,5,5,3816.06,South,Debit Card,48,1,4,11,Nov,Monday,4
ORD103639,2023-01-17 07:03:00,Books,470.66,1,0,470.66,North,UPI,31,1,5,1,Jan,Tuesday,1
ORD103640,2023-07-27 15:36:00,Books,436.39,2,0,872.78,West,UPI,31,0,4,7,Jul,Thursday,3
ORD103641,2023-11-15 02:23:00,Books,310.94,1,0,310.94,West,Credit Card,48,0,3,11,Nov,Wednesday,4
ORD103642,2023-07-10 09:27:00,Books,253.87,2,0,507.74,South,COD,50,0,5,7,Jul,Monday,3
ORD103643,2023-09-03 03:08:00,Books,331.84,1,10,298.66,East,Credit Card,34,0,4,9,Sep,Sunday,3
ORD103644,2023-02-26 01:35:00,Electronics,10370.25,1,15,8814.71,North,Debit Card,53,0,3,2,Feb,Sunday,1
ORD103645,2023-03-04 01:13:00,Sports,3157.62,1,10,2841.86,North,Net Banking,57,0,4,3,Mar,Saturday,1
ORD103646,2023-07-31 17:14:00,Beauty,542.67,5,10,2442.02,North,Credit Card,58,0,5,7,Jul,Monday,3
ORD103647,2023-02-16 15:10:00,Books,294.08,3,0,882.23,West,Credit Card,38,0,5,2,Feb,Thursday,1
ORD103648,2023-01-07 16:06:00,Sports,2473.83,1,15,2102.76,East,Credit Card,35,0,2,1,Jan,Saturday,1
ORD103649,2023-10-31 00:55:00,Clothing,1221.02,2,0,2442.04,North,COD,53,0,5,10,Oct,Tuesday,4
ORD103650,2023-02-01 14:05:00,Beauty,797.7,3,10,2153.79,South,Credit Card,64,0,3,2,Feb,Wednesday,1
ORD103651,2023-08-20 03:15:00,Home & Kitchen,675.02,1,20,540.02,North,Credit Card,25,0,4,8,Aug,Sunday,3
ORD103652,2023-06-20 02:03:00,Clothing,1764.3,1,0,1764.3,East,UPI,30,0,4,6,Jun,Tuesday,2
ORD103653,2023-05-22 15:19:00,Sports,100.0,5,0,500.0,South,Net Banking,25,0,5,5,May,Monday,2
ORD103654,2023-02-28 22:12:00,Clothing,1192.07,5,5,5662.34,North,UPI,21,0,4,2,Feb,Tuesday,1
ORD103655,2023-04-04 11:34:00,Home & Kitchen,2425.59,1,10,2183.03,Central,Debit Card,25,0,4,4,Apr,Tuesday,2
ORD103656,2023-08-07 22:27:00,Home & Kitchen,1938.68,2,10,3489.63,Central,UPI,24,0,1,8,Aug,Monday,3
ORD103657,2023-04-15 03:35:00,Electronics,8313.35,2,10,14964.03,North,UPI,42,0,3,4,Apr,Saturday,2
ORD103658,2023-04-13 19:25:00,Beauty,666.44,1,15,566.47,South,Net Banking,34,0,4,4,Apr,Thursday,2
ORD103659,2023-05-11 13:56:00,Home & Kitchen,1341.52,2,20,2146.43,West,Credit Card,18,0,4,5,May,Thursday,2
ORD103660,2023-02-10 11:37:00,Clothing,100.0,5,10,450.0,North,Credit Card,29,0,1,2,Feb,Friday,1
ORD103661,2023-12-25 15:01:00,Clothing,1156.6,1,10,1040.94,North,UPI,50,0,4,12,Dec,Monday,4
ORD103662,2023-07-26 13:27:00,Books,712.9,1,10,641.61,North,UPI,39,0,2,7,Jul,Wednesday,3
ORD103663,2023-11-17 18:01:00,Books,600.61,2,0,1201.23,North,Debit Card,36,0,1,11,Nov,Friday,4
ORD103664,2023-08-17 18:31:00,Electronics,11270.44,2,0,22540.88,West,UPI,54,0,4,8,Aug,Thursday,3
ORD103665,2023-01-20 00:47:00,Books,662.45,3,0,1987.36,East,Credit Card,38,0,4,1,Jan,Friday,1
ORD103666,2023-10-10 02:52:00,Sports,1518.13,1,0,1518.13,Central,Debit Card,44,0,4,10,Oct,Tuesday,4
ORD103667,2023-11-20 22:17:00,Beauty,747.89,1,5,710.5,Central,UPI,19,0,5,11,Nov,Monday,4
ORD103668,2023-12-08 22:04:00,Clothing,913.4,1,0,913.4,East,Debit Card,48,0,5,12,Dec,Friday,4
ORD103669,2023-05-11 19:38:00,Electronics,11969.58,1,5,11371.11,Central,UPI,37,0,4,5,May,Thursday,2
ORD103670,2023-06-02 20:53:00,Sports,1237.87,1,5,1175.98,Central,Net Banking,55,0,5,6,Jun,Friday,2
ORD103671,2023-11-07 16:31:00,Home & Kitchen,3523.61,2,10,6342.5,South,Debit Card,54,0,4,11,Nov,Tuesday,4
ORD103672,2023-08-26 18:28:00,Clothing,975.75,1,0,975.75,North,Net Banking,33,0,5,8,Aug,Saturday,3
ORD103673,2023-11-05 17:47:00,Home & Kitchen,2336.47,3,15,5958.0,East,UPI,61,0,5,11,Nov,Sunday,4
ORD103674,2023-02-20 04:13:00,Home & Kitchen,1395.44,2,5,2651.34,West,UPI,58,1,4,2,Feb,Monday,1
ORD103675,2023-09-06 15:36:00,Electronics,8612.94,5,5,40911.48,East,UPI,41,0,3,9,Sep,Wednesday,3
ORD103676,2023-06-15 13:11:00,Clothing,2018.05,1,0,2018.05,South,Debit Card,44,0,4,6,Jun,Thursday,2
ORD103677,2023-12-09 18:38:00,Sports,2376.0,2,20,3801.6,East,Credit Card,21,0,5,12,Dec,Saturday,4
ORD103678,2023-11-09 14:51:00,Electronics,8492.44,1,0,8492.44,North,UPI,61,0,5,11,Nov,Thursday,4
ORD103679,2023-03-26 13:54:00,Books,331.09,3,0,993.27,South,UPI,52,0,4,3,Mar,Sunday,1
ORD103680,2023-01-27 16:29:00,Home & Kitchen,817.18,2,0,1634.37,Central,Net Banking,29,0,2,1,Jan,Friday,1
ORD103681,2023-02-15 13:03:00,Electronics,11935.1,1,5,11338.34,South,Debit Card,22,0,3,2,Feb,Wednesday,1
ORD103682,2023-01-15 20:51:00,Beauty,1086.2,1,0,1086.2,East,UPI,33,0,5,1,Jan,Sunday,1
ORD103683,2023-02-12 07:23:00,Sports,1749.19,2,0,3498.39,Central,Credit Card,62,0,4,2,Feb,Sunday,1
ORD103684,2023-09-16 18:28:00,Sports,1810.26,1,10,1629.23,South,Net Banking,24,0,3,9,Sep,Saturday,3
ORD103685,2023-08-16 00:46:00,Electronics,6627.11,3,5,18887.25,Central,Credit Card,40,1,5,8,Aug,Wednesday,3
ORD103686,2023-05-29 21:32:00,Sports,1684.55,1,20,1347.64,North,Net Banking,28,0,4,5,May,Monday,2
ORD103687,2023-10-07 12:57:00,Electronics,8835.17,4,5,33573.65,East,UPI,55,0,4,10,Oct,Saturday,4
ORD103688,2023-03-24 03:28:00,Clothing,1306.32,3,0,3918.96,East,Credit Card,30,0,3,3,Mar,Friday,1
ORD103689,2023-04-30 18:28:00,Beauty,793.82,2,0,1587.63,Central,UPI,34,1,4,4,Apr,Sunday,2
ORD103690,2023-10-04 05:03:00,Electronics,13087.3,2,15,22248.42,North,UPI,23,0,4,10,Oct,Wednesday,4
ORD103691,2023-08-03 15:20:00,Electronics,11852.56,1,10,10667.31,West,Debit Card,39,0,4,8,Aug,Thursday,3
ORD103692,2023-04-07 12:36:00,Clothing,444.01,2,10,799.21,North,UPI,39,0,5,4,Apr,Friday,2
ORD103693,2023-02-16 20:42:00,Home & Kitchen,1868.95,4,10,6728.21,North,COD,50,0,2,2,Feb,Thursday,1
ORD103694,2023-09-13 21:52:00,Sports,1651.98,1,5,1569.38,Central,UPI,26,0,5,9,Sep,Wednesday,3
ORD103695,2023-11-04 21:27:00,Clothing,1073.79,1,0,1073.79,Central,COD,56,0,4,11,Nov,Saturday,4
ORD103696,2023-08-26 23:48:00,Clothing,1247.48,2,5,2370.22,West,Credit Card,46,0,5,8,Aug,Saturday,3
ORD103697,2023-09-02 21:40:00,Beauty,391.4,2,0,782.79,North,UPI,48,0,3,9,Sep,Saturday,3
ORD103698,2023-07-01 07:45:00,Sports,1541.25,2,5,2928.37,North,UPI,32,0,5,7,Jul,Saturday,3
ORD103699,2023-10-25 13:07:00,Electronics,9678.02,1,5,9194.12,East,Credit Card,37,0,5,10,Oct,Wednesday,4
ORD103700,2023-10-10 20:15:00,Home & Kitchen,2203.38,5,5,10466.04,South,Credit Card,53,1,5,10,Oct,Tuesday,4
ORD103701,2023-12-20 17:35:00,Beauty,100.0,2,0,200.0,South,UPI,42,0,1,12,Dec,Wednesday,4
ORD103702,2023-07-01 03:49:00,Home & Kitchen,2171.31,1,20,1737.05,West,Credit Card,42,0,4,7,Jul,Saturday,3
ORD103703,2023-12-10 20:25:00,Beauty,1327.09,3,0,3981.27,South,UPI,31,0,4,12,Dec,Sunday,4
ORD103704,2023-11-06 13:44:00,Electronics,4642.38,3,5,13230.79,East,Net Banking,22,0,4,11,Nov,Monday,4
ORD103705,2023-07-16 17:15:00,Home & Kitchen,1735.72,5,20,6942.87,East,COD,32,0,4,7,Jul,Sunday,3
ORD103706,2023-01-14 08:28:00,Home & Kitchen,2861.27,2,5,5436.41,Central,UPI,61,0,3,1,Jan,Saturday,1
ORD103707,2023-08-16 00:09:00,Electronics,12624.39,1,15,10730.73,Central,UPI,45,0,3,8,Aug,Wednesday,3
ORD103708,2023-03-14 05:59:00,Home & Kitchen,1345.74,2,5,2556.9,East,Credit Card,27,1,4,3,Mar,Tuesday,1
ORD103709,2023-11-19 13:17:00,Clothing,925.19,2,5,1757.85,Central,Credit Card,34,0,2,11,Nov,Sunday,4
ORD103710,2023-09-15 18:50:00,Electronics,13742.0,1,5,13054.9,South,UPI,36,0,5,9,Sep,Friday,3
ORD103711,2023-09-30 22:32:00,Home & Kitchen,1927.06,1,0,1927.06,South,Credit Card,29,0,2,9,Sep,Saturday,3
ORD103712,2023-03-12 08:25:00,Home & Kitchen,2465.87,4,0,9863.49,West,UPI,27,0,4,3,Mar,Sunday,1
ORD103713,2023-08-16 19:36:00,Sports,2490.89,1,0,2490.89,North,Credit Card,30,0,4,8,Aug,Wednesday,3
ORD103714,2023-02-02 02:19:00,Sports,100.0,2,5,190.0,North,UPI,58,0,4,2,Feb,Thursday,1
ORD103715,2023-10-28 23:15:00,Electronics,9623.38,3,10,25983.12,East,Debit Card,37,0,4,10,Oct,Saturday,4
ORD103716,2023-11-24 05:52:00,Sports,1248.55,1,0,1248.55,South,Debit Card,47,0,4,11,Nov,Friday,4
ORD103717,2023-04-30 06:30:00,Electronics,1768.8,2,0,3537.61,West,Net Banking,49,0,5,4,Apr,Sunday,2
ORD103718,2023-04-06 07:02:00,Books,366.81,4,15,1247.16,East,UPI,19,0,5,4,Apr,Thursday,2
ORD103719,2023-02-18 12:21:00,Sports,857.99,3,10,2316.58,North,COD,63,0,3,2,Feb,Saturday,1
ORD103720,2023-05-23 09:31:00,Books,407.54,1,0,407.54,South,UPI,32,0,4,5,May,Tuesday,2
ORD103721,2023-02-19 13:20:00,Sports,1516.94,3,0,4550.83,North,Net Banking,26,0,4,2,Feb,Sunday,1
ORD103722,2023-05-29 08:01:00,Beauty,1128.49,1,0,1128.49,Central,Credit Card,59,0,4,5,May,Monday,2
ORD103723,2023-08-29 23:30:00,Electronics,7282.93,1,0,7282.93,North,Debit Card,28,0,4,8,Aug,Tuesday,3
ORD103724,2023-12-25 08:38:00,Clothing,970.28,2,0,1940.55,Central,Credit Card,21,0,5,12,Dec,Monday,4
ORD103725,2023-11-19 01:34:00,Sports,1955.52,5,0,9777.59,Central,COD,22,0,3,11,Nov,Sunday,4
ORD103726,2023-01-02 12:29:00,Beauty,564.62,1,0,564.62,Central,UPI,27,1,3,1,Jan,Monday,1
ORD103727,2023-02-10 14:17:00,Books,463.75,1,0,463.75,West,Credit Card,38,0,5,2,Feb,Friday,1
ORD103728,2023-04-26 10:39:00,Electronics,14159.16,1,0,14159.16,South,COD,40,0,3,4,Apr,Wednesday,2
ORD103729,2023-07-12 08:34:00,Beauty,889.49,4,5,3380.05,West,Credit Card,42,0,5,7,Jul,Wednesday,3
ORD103730,2023-11-13 07:44:00,Sports,1632.67,4,0,6530.68,Central,UPI,49,0,3,11,Nov,Monday,4
ORD103731,2023-10-09 14:19:00,Sports,2072.02,1,0,2072.02,Central,UPI,32,0,3,10,Oct,Monday,4
ORD103732,2023-12-19 02:20:00,Books,328.99,1,5,312.54,East,Credit Card,64,0,2,12,Dec,Tuesday,4
ORD103733,2023-12-04 01:07:00,Books,198.95,1,10,179.06,North,Credit Card,26,0,4,12,Dec,Monday,4
ORD103734,2023-11-03 21:11:00,Beauty,1073.42,1,5,1019.75,North,Net Banking,53,0,4,11,Nov,Friday,4
ORD103735,2023-07-04 07:44:00,Home & Kitchen,887.92,1,5,843.53,West,Net Banking,50,0,5,7,Jul,Tuesday,3
ORD103736,2023-06-29 03:04:00,Electronics,11048.57,1,5,10496.14,West,UPI,64,0,1,6,Jun,Thursday,2
ORD103737,2023-02-01 07:53:00,Beauty,639.98,3,5,1823.94,Central,Credit Card,41,0,4,2,Feb,Wednesday,1
ORD103738,2023-07-22 06:26:00,Sports,1350.71,1,0,1350.71,East,UPI,37,0,5,7,Jul,Saturday,3
ORD103739,2023-11-28 04:06:00,Beauty,1050.41,1,10,945.37,Central,Credit Card,26,0,2,11,Nov,Tuesday,4
ORD103740,2023-07-10 19:03:00,Books,586.14,3,0,1758.43,West,Credit Card,20,0,4,7,Jul,Monday,3
ORD103741,2023-01-13 19:41:00,Electronics,9459.47,5,5,44932.48,Central,UPI,22,0,5,1,Jan,Friday,1
ORD103742,2023-06-02 16:37:00,Clothing,771.15,2,10,1388.07,East,UPI,64,1,2,6,Jun,Friday,2
ORD103743,2023-07-12 12:43:00,Books,362.23,1,10,326.01,East,Debit Card,26,0,5,7,Jul,Wednesday,3
ORD103744,2023-10-13 19:27:00,Beauty,592.18,4,5,2250.28,West,Credit Card,41,0,4,10,Oct,Friday,4
ORD103745,2023-06-17 13:16:00,Electronics,7960.8,2,0,15921.6,South,UPI,18,1,4,6,Jun,Saturday,2
ORD103746,2023-06-11 13:55:00,Books,602.32,1,15,511.97,East,Credit Card,52,0,4,6,Jun,Sunday,2
ORD103747,2023-06-24 17:57:00,Home & Kitchen,548.85,2,15,933.04,North,Credit Card,47,0,5,6,Jun,Saturday,2
ORD103748,2023-06-13 07:12:00,Books,237.33,1,0,237.33,Central,Net Banking,29,0,4,6,Jun,Tuesday,2
ORD103749,2023-08-06 04:15:00,Electronics,8484.01,1,20,6787.21,East,UPI,31,0,4,8,Aug,Sunday,3
ORD103750,2023-07-15 04:54:00,Home & Kitchen,1610.39,1,10,1449.35,South,Debit Card,43,0,4,7,Jul,Saturday,3
ORD103751,2023-12-25 09:03:00,Books,615.81,2,10,1108.47,North,UPI,25,1,4,12,Dec,Monday,4
ORD103752,2023-11-06 19:22:00,Books,599.41,1,0,599.41,South,COD,47,1,3,11,Nov,Monday,4
ORD103753,2023-12-22 21:27:00,Electronics,7684.96,2,5,14601.42,South,Net Banking,23,0,4,12,Dec,Friday,4
ORD103754,2023-03-31 04:18:00,Electronics,10621.75,1,0,10621.75,South,COD,30,0,4,3,Mar,Friday,1
ORD103755,2023-08-08 15:44:00,Home & Kitchen,2614.27,1,0,2614.27,West,UPI,61,0,5,8,Aug,Tuesday,3
ORD103756,2023-06-11 19:04:00,Clothing,1052.26,1,5,999.65,West,UPI,44,0,5,6,Jun,Sunday,2
ORD103757,2023-04-01 08:45:00,Electronics,11226.28,1,15,9542.34,North,UPI,20,0,5,4,Apr,Saturday,2
ORD103758,2023-05-09 17:51:00,Sports,1456.12,1,0,1456.12,Central,Debit Card,31,0,4,5,May,Tuesday,2
ORD103759,2023-01-04 17:00:00,Electronics,9398.56,4,0,37594.25,North,Credit Card,40,0,4,1,Jan,Wednesday,1
ORD103760,2023-07-22 15:45:00,Sports,1231.49,3,5,3509.75,West,COD,58,0,3,7,Jul,Saturday,3
ORD103761,2023-04-11 02:11:00,Clothing,1305.46,1,0,1305.46,Central,Credit Card,28,0,2,4,Apr,Tuesday,2
ORD103762,2023-08-16 00:59:00,Books,478.37,3,5,1363.35,East,Credit Card,49,0,5,8,Aug,Wednesday,3
ORD103763,2023-07-29 08:54:00,Beauty,794.44,3,15,2025.81,South,Debit Card,39,0,3,7,Jul,Saturday,3
ORD103764,2023-02-08 04:46:00,Home & Kitchen,2201.69,1,0,2201.69,North,COD,31,0,3,2,Feb,Wednesday,1
ORD103765,2023-04-15 16:16:00,Electronics,7855.92,1,0,7855.92,South,Debit Card,30,0,3,4,Apr,Saturday,2
ORD103766,2023-06-25 07:27:00,Home & Kitchen,2241.24,1,0,2241.24,East,Debit Card,31,0,5,6,Jun,Sunday,2
ORD103767,2023-07-17 17:03:00,Beauty,716.04,2,20,1145.67,West,Credit Card,24,0,4,7,Jul,Monday,3
ORD103768,2023-03-28 11:16:00,Beauty,949.73,1,10,854.75,Central,UPI,36,0,4,3,Mar,Tuesday,1
ORD103769,2023-03-05 21:35:00,Clothing,1638.17,1,0,1638.17,South,Credit Card,51,0,5,3,Mar,Sunday,1
ORD103770,2023-07-05 08:03:00,Books,662.88,2,10,1193.19,North,Debit Card,39,0,4,7,Jul,Wednesday,3
ORD103771,2023-05-11 09:41:00,Home & Kitchen,2736.79,1,0,2736.79,East,UPI,48,0,4,5,May,Thursday,2
ORD103772,2023-06-23 23:09:00,Home & Kitchen,1141.07,5,5,5420.1,South,Net Banking,23,0,4,6,Jun,Friday,2
ORD103773,2023-02-27 04:12:00,Electronics,9668.74,1,10,8701.86,South,COD,52,0,3,2,Feb,Monday,1
ORD103774,2023-05-27 17:39:00,Home & Kitchen,1526.62,1,0,1526.62,West,Debit Card,52,0,4,5,May,Saturday,2
ORD103775,2023-02-13 14:28:00,Sports,2483.67,2,0,4967.33,West,Debit Card,26,0,3,2,Feb,Monday,1
ORD103776,2023-12-07 09:41:00,Clothing,1637.2,1,0,1637.2,South,Credit Card,35,0,5,12,Dec,Thursday,4
ORD103777,2023-04-09 17:34:00,Electronics,4529.18,1,5,4302.72,West,Debit Card,62,0,5,4,Apr,Sunday,2
ORD103778,2023-09-01 11:45:00,Electronics,8325.41,2,10,14985.74,North,Debit Card,48,0,4,9,Sep,Friday,3
ORD103779,2023-02-04 19:50:00,Electronics,12088.97,1,10,10880.07,West,COD,25,0,4,2,Feb,Saturday,1
ORD103780,2023-05-11 10:45:00,Electronics,8874.34,2,15,15086.37,South,UPI,39,0,4,5,May,Thursday,2
ORD103781,2023-04-28 10:46:00,Sports,1980.5,1,10,1782.45,Central,Credit Card,56,0,5,4,Apr,Friday,2
ORD103782,2023-05-17 19:57:00,Clothing,734.28,2,0,1468.56,South,UPI,50,0,5,5,May,Wednesday,2
ORD103783,2023-06-06 00:02:00,Clothing,1070.14,1,5,1016.63,North,Credit Card,26,0,5,6,Jun,Tuesday,2
ORD103784,2023-07-22 14:30:00,Beauty,700.84,1,0,700.84,Central,UPI,34,0,4,7,Jul,Saturday,3
ORD103785,2023-08-06 11:11:00,Electronics,12907.8,3,0,38723.41,East,UPI,41,0,4,8,Aug,Sunday,3
ORD103786,2023-07-04 08:16:00,Beauty,1086.53,2,10,1955.75,West,UPI,50,0,2,7,Jul,Tuesday,3
ORD103787,2023-04-18 17:56:00,Sports,1181.18,2,10,2126.13,East,Debit Card,22,0,4,4,Apr,Tuesday,2
ORD103788,2023-11-05 19:13:00,Home & Kitchen,1980.31,1,20,1584.25,West,Debit Card,40,0,4,11,Nov,Sunday,4
ORD103789,2023-02-24 00:41:00,Sports,2602.67,2,15,4424.54,East,UPI,60,0,4,2,Feb,Friday,1
ORD103790,2023-03-05 04:34:00,Sports,1970.28,1,10,1773.25,West,COD,58,0,5,3,Mar,Sunday,1
ORD103791,2023-12-05 08:55:00,Sports,1885.73,1,0,1885.73,Central,Debit Card,40,0,5,12,Dec,Tuesday,4
ORD103792,2023-10-18 18:27:00,Sports,2754.68,2,0,5509.36,Central,Credit Card,37,0,4,10,Oct,Wednesday,4
ORD103793,2023-12-20 19:03:00,Clothing,1203.13,4,10,4331.26,East,COD,46,0,4,12,Dec,Wednesday,4
ORD103794,2023-09-04 18:44:00,Books,172.05,5,5,817.26,South,Net Banking,48,0,3,9,Sep,Monday,3
ORD103795,2023-05-21 14:43:00,Electronics,7424.08,4,15,25241.88,South,UPI,32,0,4,5,May,Sunday,2
ORD103796,2023-01-19 02:55:00,Clothing,1911.3,1,10,1720.17,Central,Credit Card,56,0,4,1,Jan,Thursday,1
ORD103797,2023-12-30 08:11:00,Home & Kitchen,2589.52,2,0,5179.03,East,UPI,37,1,4,12,Dec,Saturday,4
ORD103798,2023-10-13 20:14:00,Clothing,1198.2,1,5,1138.29,Central,Credit Card,18,0,5,10,Oct,Friday,4
ORD103799,2023-05-01 07:36:00,Sports,1922.55,2,5,3652.84,North,UPI,61,0,4,5,May,Monday,2
ORD103800,2023-11-27 21:35:00,Electronics,5731.83,1,0,5731.83,West,UPI,41,0,4,11,Nov,Monday,4
ORD103801,2023-10-18 06:11:00,Clothing,438.55,2,10,789.38,Central,Net Banking,54,0,4,10,Oct,Wednesday,4
ORD103802,2023-12-31 18:35:00,Electronics,8149.39,1,5,7741.92,South,UPI,21,0,5,12,Dec,Sunday,4
ORD103803,2023-01-23 03:00:00,Electronics,11730.88,1,0,11730.88,South,UPI,47,0,4,1,Jan,Monday,1
ORD103804,2023-01-09 02:44:00,Electronics,6831.63,1,0,6831.63,Central,UPI,59,0,5,1,Jan,Monday,1
ORD103805,2023-07-14 03:02:00,Home & Kitchen,1680.89,4,0,6723.56,North,Credit Card,24,0,5,7,Jul,Friday,3
ORD103806,2023-11-02 21:55:00,Beauty,1130.43,1,5,1073.91,Central,COD,40,0,1,11,Nov,Thursday,4
ORD103807,2023-09-04 22:24:00,Beauty,583.89,5,0,2919.46,North,UPI,59,1,5,9,Sep,Monday,3
ORD103808,2023-06-01 06:23:00,Electronics,6165.52,1,20,4932.42,West,Debit Card,48,0,3,6,Jun,Thursday,2
ORD103809,2023-02-01 23:15:00,Books,209.5,1,0,209.5,Central,UPI,20,0,4,2,Feb,Wednesday,1
ORD103810,2023-11-29 07:41:00,Books,339.14,2,15,576.54,North,Credit Card,20,0,1,11,Nov,Wednesday,4
ORD103811,2023-09-05 08:26:00,Electronics,9998.24,2,10,17996.84,Central,Debit Card,56,0,4,9,Sep,Tuesday,3
ORD103812,2023-06-11 09:26:00,Clothing,100.0,1,10,90.0,Central,UPI,53,0,4,6,Jun,Sunday,2
ORD103813,2023-02-20 01:00:00,Beauty,853.88,3,10,2305.48,South,Debit Card,56,0,4,2,Feb,Monday,1
ORD103814,2023-08-23 12:58:00,Electronics,7131.7,1,10,6418.53,South,UPI,18,0,2,8,Aug,Wednesday,3
ORD103815,2023-06-18 23:37:00,Books,339.07,2,5,644.23,West,Credit Card,40,0,4,6,Jun,Sunday,2
ORD103816,2023-06-19 00:57:00,Electronics,6002.88,1,10,5402.59,North,Credit Card,54,1,5,6,Jun,Monday,2
ORD103817,2023-07-19 13:17:00,Beauty,773.53,1,5,734.86,North,UPI,29,0,3,7,Jul,Wednesday,3
ORD103818,2023-07-21 11:19:00,Beauty,903.38,2,5,1716.42,North,Debit Card,39,0,2,7,Jul,Friday,3
ORD103819,2023-04-26 09:00:00,Beauty,1328.71,1,0,1328.71,West,Credit Card,34,0,4,4,Apr,Wednesday,2
ORD103820,2023-07-24 19:52:00,Electronics,12323.34,1,10,11091.01,Central,UPI,31,0,4,7,Jul,Monday,3
ORD103821,2023-08-29 01:33:00,Sports,3405.57,2,0,6811.15,Central,UPI,63,0,3,8,Aug,Tuesday,3
ORD103822,2023-04-10 13:26:00,Sports,748.04,2,0,1496.08,Central,UPI,46,0,3,4,Apr,Monday,2
ORD103823,2023-03-14 12:34:00,Sports,1659.91,2,20,2655.85,Central,Credit Card,34,0,4,3,Mar,Tuesday,1
ORD103824,2023-03-23 12:38:00,Home & Kitchen,1774.0,1,0,1774.0,West,Debit Card,45,0,5,3,Mar,Thursday,1
ORD103825,2023-04-30 17:27:00,Sports,1659.44,4,0,6637.76,Central,Credit Card,56,0,5,4,Apr,Sunday,2
ORD103826,2023-10-17 03:30:00,Beauty,1216.12,5,0,6080.6,Central,COD,49,0,2,10,Oct,Tuesday,4
ORD103827,2023-11-25 15:50:00,Beauty,1148.24,3,5,3272.48,Central,UPI,26,1,4,11,Nov,Saturday,4
ORD103828,2023-07-09 18:27:00,Electronics,1782.03,1,5,1692.93,South,UPI,54,0,4,7,Jul,Sunday,3
ORD103829,2023-10-19 14:57:00,Electronics,13133.0,2,0,26266.0,West,UPI,46,0,5,10,Oct,Thursday,4
ORD103830,2023-05-02 04:01:00,Sports,1099.94,1,0,1099.94,North,UPI,21,0,4,5,May,Tuesday,2
ORD103831,2023-07-03 14:54:00,Beauty,1263.9,2,5,2401.41,Central,Credit Card,55,0,5,7,Jul,Monday,3
ORD103832,2023-07-14 00:19:00,Clothing,1552.17,1,0,1552.17,North,Credit Card,24,0,4,7,Jul,Friday,3
ORD103833,2023-10-20 11:59:00,Electronics,11134.64,2,5,21155.82,South,COD,47,0,5,10,Oct,Friday,4
ORD103834,2023-07-04 10:32:00,Home & Kitchen,3104.21,2,5,5898.0,East,COD,57,0,4,7,Jul,Tuesday,3
ORD103835,2023-08-24 15:29:00,Electronics,8043.14,1,0,8043.14,East,Debit Card,21,0,2,8,Aug,Thursday,3
ORD103836,2023-03-12 15:18:00,Beauty,160.83,2,5,305.58,West,Credit Card,46,0,5,3,Mar,Sunday,1
ORD103837,2023-02-19 17:43:00,Electronics,2788.33,1,10,2509.5,Central,UPI,42,0,5,2,Feb,Sunday,1
ORD103838,2023-11-08 22:37:00,Electronics,8877.16,1,0,8877.16,West,COD,26,0,4,11,Nov,Wednesday,4
ORD103839,2023-05-17 05:10:00,Home & Kitchen,1470.76,2,0,2941.51,South,Credit Card,26,0,4,5,May,Wednesday,2
ORD103840,2023-06-21 16:37:00,Home & Kitchen,1834.57,1,5,1742.84,North,Credit Card,35,0,5,6,Jun,Wednesday,2
ORD103841,2023-05-16 23:46:00,Beauty,776.34,1,0,776.34,East,UPI,59,0,4,5,May,Tuesday,2
ORD103842,2023-02-23 17:22:00,Clothing,1598.63,1,10,1438.76,East,UPI,38,0,4,2,Feb,Thursday,1
ORD103843,2023-06-13 13:49:00,Electronics,3882.84,1,0,3882.84,Central,UPI,19,0,4,6,Jun,Tuesday,2
ORD103844,2023-03-14 04:54:00,Sports,1347.13,1,10,1212.42,East,Credit Card,41,0,4,3,Mar,Tuesday,1
ORD103845,2023-12-30 18:01:00,Electronics,7524.52,2,10,13544.14,North,UPI,25,0,4,12,Dec,Saturday,4
ORD103846,2023-04-23 22:57:00,Home & Kitchen,2883.45,1,10,2595.11,East,Credit Card,53,0,4,4,Apr,Sunday,2
ORD103847,2023-08-24 05:13:00,Electronics,12375.24,4,0,49500.97,South,UPI,37,0,5,8,Aug,Thursday,3
ORD103848,2023-04-01 16:10:00,Home & Kitchen,2626.38,1,10,2363.74,Central,Credit Card,25,0,3,4,Apr,Saturday,2
ORD103849,2023-05-24 00:03:00,Beauty,1296.6,3,5,3695.3,North,Credit Card,49,0,2,5,May,Wednesday,2
ORD103850,2023-09-22 05:10:00,Beauty,1076.21,5,5,5112.02,East,Debit Card,18,1,3,9,Sep,Friday,3
ORD103851,2023-02-16 04:26:00,Clothing,1230.23,3,0,3690.69,North,UPI,37,0,5,2,Feb,Thursday,1
ORD103852,2023-07-11 00:30:00,Sports,1496.9,1,10,1347.21,North,UPI,23,0,5,7,Jul,Tuesday,3
ORD103853,2023-10-15 20:44:00,Books,518.02,4,5,1968.49,North,UPI,55,0,3,10,Oct,Sunday,4
ORD103854,2023-07-10 00:39:00,Sports,1286.11,1,5,1221.8,South,Net Banking,32,0,5,7,Jul,Monday,3
ORD103855,2023-12-03 02:20:00,Electronics,9107.13,1,0,9107.13,South,Credit Card,39,0,4,12,Dec,Sunday,4
ORD103856,2023-01-23 23:23:00,Beauty,1331.18,1,10,1198.06,South,COD,32,0,4,1,Jan,Monday,1
ORD103857,2023-01-28 18:08:00,Home & Kitchen,734.14,1,5,697.44,South,UPI,57,0,4,1,Jan,Saturday,1
ORD103858,2023-02-06 13:37:00,Home & Kitchen,1566.28,3,0,4698.84,East,Debit Card,60,0,4,2,Feb,Monday,1
ORD103859,2023-09-05 08:57:00,Electronics,6296.17,1,5,5981.36,North,Net Banking,18,1,5,9,Sep,Tuesday,3
ORD103860,2023-06-09 17:45:00,Sports,2201.94,1,0,2201.94,East,Debit Card,42,0,5,6,Jun,Friday,2
ORD103861,2023-11-27 04:51:00,Clothing,1002.35,2,10,1804.23,Central,Credit Card,63,0,5,11,Nov,Monday,4
ORD103862,2023-10-31 17:36:00,Home & Kitchen,2805.21,1,10,2524.69,South,Net Banking,29,0,3,10,Oct,Tuesday,4
ORD103863,2023-06-26 04:38:00,Home & Kitchen,1741.71,4,0,6966.84,East,UPI,21,0,3,6,Jun,Monday,2
ORD103864,2023-03-01 13:53:00,Home & Kitchen,2987.72,2,10,5377.9,North,COD,23,0,4,3,Mar,Wednesday,1
ORD103865,2023-09-21 04:30:00,Beauty,1135.15,4,0,4540.59,South,Net Banking,52,0,4,9,Sep,Thursday,3
ORD103866,2023-02-12 06:57:00,Sports,1662.49,2,0,3324.97,North,UPI,27,0,3,2,Feb,Sunday,1
ORD103867,2023-01-24 04:22:00,Books,425.24,1,15,361.45,Central,Debit Card,50,0,3,1,Jan,Tuesday,1
ORD103868,2023-04-24 21:11:00,Home & Kitchen,1217.1,1,20,973.68,North,Credit Card,55,0,3,4,Apr,Monday,2
ORD103869,2023-04-20 23:23:00,Books,677.54,4,5,2574.65,West,UPI,30,0,3,4,Apr,Thursday,2
ORD103870,2023-06-22 04:26:00,Clothing,1439.4,2,20,2303.04,Central,UPI,32,0,4,6,Jun,Thursday,2
ORD103871,2023-10-07 13:02:00,Books,136.37,1,10,122.73,West,Credit Card,31,0,4,10,Oct,Saturday,4
ORD103872,2023-10-08 07:45:00,Sports,1440.62,1,0,1440.62,East,Net Banking,57,1,4,10,Oct,Sunday,4
ORD103873,2023-09-15 06:35:00,Sports,985.58,2,10,1774.04,East,COD,52,0,2,9,Sep,Friday,3
ORD103874,2023-04-27 12:58:00,Books,517.96,2,0,1035.92,East,Credit Card,40,0,1,4,Apr,Thursday,2
ORD103875,2023-10-04 01:21:00,Clothing,1541.68,1,5,1464.6,East,UPI,48,0,4,10,Oct,Wednesday,4
ORD103876,2023-05-22 22:03:00,Home & Kitchen,3578.1,1,15,3041.39,West,UPI,47,0,4,5,May,Monday,2
ORD103877,2023-06-21 11:05:00,Sports,100.0,2,0,200.0,East,COD,27,0,5,6,Jun,Wednesday,2
ORD103878,2023-04-16 18:11:00,Clothing,1146.27,2,0,2292.54,North,Credit Card,26,0,4,4,Apr,Sunday,2
ORD103879,2023-06-20 10:06:00,Sports,2486.87,1,0,2486.87,North,Credit Card,62,0,5,6,Jun,Tuesday,2
ORD103880,2023-06-08 23:01:00,Beauty,629.93,1,10,566.94,Central,UPI,23,0,4,6,Jun,Thursday,2
ORD103881,2023-02-21 02:06:00,Clothing,1020.69,2,10,1837.24,West,Debit Card,48,0,5,2,Feb,Tuesday,1
ORD103882,2023-02-18 19:43:00,Home & Kitchen,2087.09,2,0,4174.18,North,UPI,19,0,5,2,Feb,Saturday,1
ORD103883,2023-12-27 14:43:00,Books,477.12,1,10,429.41,West,UPI,33,0,5,12,Dec,Wednesday,4
ORD103884,2023-04-01 05:40:00,Beauty,678.74,1,5,644.8,North,Credit Card,44,0,4,4,Apr,Saturday,2
ORD103885,2023-07-09 07:20:00,Sports,1192.68,2,0,2385.36,East,Debit Card,64,0,4,7,Jul,Sunday,3
ORD103886,2023-12-16 05:00:00,Electronics,11559.5,2,10,20807.1,North,Debit Card,29,0,4,12,Dec,Saturday,4
ORD103887,2023-08-13 10:50:00,Clothing,1442.26,1,10,1298.04,Central,UPI,48,1,2,8,Aug,Sunday,3
ORD103888,2023-01-06 05:55:00,Electronics,14834.84,2,5,28186.2,West,Debit Card,45,0,3,1,Jan,Friday,1
ORD103889,2023-01-26 02:20:00,Beauty,1056.83,1,0,1056.83,North,UPI,52,0,4,1,Jan,Thursday,1
ORD103890,2023-04-04 11:51:00,Beauty,1146.65,3,0,3439.94,Central,UPI,47,0,5,4,Apr,Tuesday,2
ORD103891,2023-11-13 10:02:00,Beauty,980.16,1,0,980.16,West,UPI,45,0,4,11,Nov,Monday,4
ORD103892,2023-02-21 14:45:00,Home & Kitchen,1979.9,1,5,1880.91,South,Net Banking,37,0,4,2,Feb,Tuesday,1
ORD103893,2023-11-01 17:03:00,Home & Kitchen,2567.15,2,0,5134.31,East,Debit Card,48,0,5,11,Nov,Wednesday,4
ORD103894,2023-12-12 11:41:00,Sports,2899.21,1,10,2609.29,North,COD,46,1,1,12,Dec,Tuesday,4
ORD103895,2023-02-03 01:00:00,Beauty,162.1,2,5,307.99,West,UPI,59,1,4,2,Feb,Friday,1
ORD103896,2023-11-15 06:19:00,Beauty,1091.83,2,15,1856.11,North,UPI,64,0,5,11,Nov,Wednesday,4
ORD103897,2023-03-02 00:17:00,Sports,2424.99,2,0,4849.98,East,UPI,25,0,5,3,Mar,Thursday,1
ORD103898,2023-04-20 13:02:00,Electronics,6956.75,2,0,13913.5,Central,Credit Card,35,0,4,4,Apr,Thursday,2
ORD103899,2023-02-02 02:34:00,Books,536.57,1,0,536.57,East,Debit Card,23,1,4,2,Feb,Thursday,1
ORD103900,2023-04-24 20:21:00,Electronics,10172.83,1,5,9664.19,Central,Credit Card,27,0,3,4,Apr,Monday,2
ORD103901,2023-10-07 11:22:00,Clothing,1719.96,1,0,1719.96,South,COD,50,1,3,10,Oct,Saturday,4
ORD103902,2023-10-18 10:09:00,Beauty,269.76,1,0,269.76,North,UPI,20,0,2,10,Oct,Wednesday,4
ORD103903,2023-01-18 01:26:00,Electronics,9712.26,1,0,9712.26,West,Credit Card,42,0,5,1,Jan,Wednesday,1
ORD103904,2023-01-07 20:01:00,Sports,3216.82,1,0,3216.82,West,Credit Card,57,0,3,1,Jan,Saturday,1
ORD103905,2023-01-31 02:34:00,Sports,1730.17,1,0,1730.17,West,Debit Card,53,0,5,1,Jan,Tuesday,1
ORD103906,2023-05-15 01:49:00,Home & Kitchen,2649.25,1,0,2649.25,South,COD,33,1,4,5,May,Monday,2
ORD103907,2023-05-17 22:43:00,Sports,1638.93,1,0,1638.93,South,Debit Card,45,0,4,5,May,Wednesday,2
ORD103908,2023-12-06 06:36:00,Clothing,1931.34,1,15,1641.64,East,UPI,51,0,4,12,Dec,Wednesday,4
ORD103909,2023-07-11 07:01:00,Beauty,1061.46,1,0,1061.46,North,UPI,59,0,4,7,Jul,Tuesday,3
ORD103910,2023-07-13 05:21:00,Home & Kitchen,2255.68,4,0,9022.73,East,UPI,22,1,5,7,Jul,Thursday,3
ORD103911,2023-11-21 11:53:00,Clothing,1300.61,4,0,5202.43,North,UPI,56,0,4,11,Nov,Tuesday,4
ORD103912,2023-07-14 10:16:00,Clothing,1534.44,4,0,6137.76,South,Net Banking,44,0,5,7,Jul,Friday,3
ORD103913,2023-05-27 03:29:00,Clothing,1024.44,1,5,973.22,Central,UPI,28,0,3,5,May,Saturday,2
ORD103914,2023-02-01 20:11:00,Sports,2927.95,2,20,4684.72,Central,Debit Card,62,0,4,2,Feb,Wednesday,1
ORD103915,2023-04-23 07:19:00,Clothing,1400.68,2,0,2801.37,East,Net Banking,57,1,3,4,Apr,Sunday,2
ORD103916,2023-01-08 23:50:00,Electronics,9451.54,1,5,8978.96,North,Credit Card,64,1,3,1,Jan,Sunday,1
ORD103917,2023-08-04 21:02:00,Beauty,594.1,4,5,2257.56,East,UPI,47,0,5,8,Aug,Friday,3
ORD103918,2023-10-04 17:58:00,Beauty,1217.8,1,5,1156.91,West,Credit Card,25,0,5,10,Oct,Wednesday,4
ORD103919,2023-01-08 04:56:00,Clothing,1081.3,1,10,973.17,North,UPI,47,0,3,1,Jan,Sunday,1
ORD103920,2023-08-16 07:50:00,Home & Kitchen,1986.74,1,20,1589.39,South,Credit Card,28,0,5,8,Aug,Wednesday,3
ORD103921,2023-05-25 21:21:00,Electronics,7024.36,3,15,17912.12,West,UPI,20,0,2,5,May,Thursday,2
ORD103922,2023-10-12 17:28:00,Sports,1422.88,1,0,1422.88,East,Net Banking,21,0,4,10,Oct,Thursday,4
ORD103923,2023-02-14 05:37:00,Clothing,1346.08,1,0,1346.08,Central,Debit Card,26,0,4,2,Feb,Tuesday,1
ORD103924,2023-03-27 12:02:00,Books,466.04,1,0,466.04,South,COD,52,0,5,3,Mar,Monday,1
ORD103925,2023-08-03 21:51:00,Clothing,788.33,1,5,748.91,South,Debit Card,53,0,5,8,Aug,Thursday,3
ORD103926,2023-03-14 14:23:00,Beauty,1050.8,4,5,3993.02,East,Credit Card,43,0,4,3,Mar,Tuesday,1
ORD103927,2023-05-11 14:29:00,Electronics,8532.82,1,5,8106.18,North,Debit Card,41,0,5,5,May,Thursday,2
ORD103928,2023-01-01 14:07:00,Clothing,937.73,1,0,937.73,North,Net Banking,55,0,4,1,Jan,Sunday,1
ORD103929,2023-04-26 22:48:00,Clothing,1420.81,2,5,2699.54,Central,UPI,20,0,5,4,Apr,Wednesday,2
ORD103930,2023-08-09 22:10:00,Clothing,1343.43,1,0,1343.43,North,Debit Card,60,0,2,8,Aug,Wednesday,3
ORD103931,2023-12-05 05:04:00,Sports,2727.68,3,0,8183.05,East,COD,36,0,4,12,Dec,Tuesday,4
ORD103932,2023-03-05 16:36:00,Sports,1857.81,2,0,3715.63,West,Debit Card,37,0,4,3,Mar,Sunday,1
ORD103933,2023-07-07 18:06:00,Beauty,861.05,5,5,4089.98,West,UPI,20,0,2,7,Jul,Friday,3
ORD103934,2023-09-15 13:13:00,Electronics,8476.1,1,10,7628.49,Central,UPI,57,1,4,9,Sep,Friday,3
ORD103935,2023-10-09 02:46:00,Sports,2019.39,2,10,3634.9,Central,Net Banking,21,0,4,10,Oct,Monday,4
ORD103936,2023-08-26 22:30:00,Sports,906.89,1,5,861.55,South,Debit Card,59,0,5,8,Aug,Saturday,3
ORD103937,2023-07-15 17:33:00,Electronics,8399.58,1,10,7559.62,North,Debit Card,36,0,4,7,Jul,Saturday,3
ORD103938,2023-05-02 15:34:00,Books,255.92,1,15,217.53,Central,Net Banking,49,0,5,5,May,Tuesday,2
ORD103939,2023-10-08 12:38:00,Electronics,9685.95,3,20,23246.29,South,Credit Card,20,1,4,10,Oct,Sunday,4
ORD103940,2023-09-03 05:51:00,Sports,856.85,3,10,2313.5,Central,UPI,57,0,2,9,Sep,Sunday,3
ORD103941,2023-01-28 21:06:00,Books,375.87,1,15,319.49,Central,UPI,56,0,4,1,Jan,Saturday,1
ORD103942,2023-09-02 05:00:00,Beauty,1181.84,3,5,3368.25,North,UPI,33,1,5,9,Sep,Saturday,3
ORD103943,2023-11-11 09:34:00,Clothing,360.81,5,10,1623.62,South,Debit Card,28,0,5,11,Nov,Saturday,4
ORD103944,2023-03-11 21:09:00,Clothing,1513.31,1,0,1513.31,North,UPI,58,1,1,3,Mar,Saturday,1
ORD103945,2023-05-23 15:17:00,Books,593.85,5,10,2672.33,South,Debit Card,19,0,5,5,May,Tuesday,2
ORD103946,2023-09-26 23:07:00,Beauty,1361.59,1,5,1293.51,North,Credit Card,53,0,3,9,Sep,Tuesday,3
ORD103947,2023-10-23 19:45:00,Books,261.74,1,0,261.74,South,Debit Card,58,0,5,10,Oct,Monday,4
ORD103948,2023-03-06 23:40:00,Beauty,807.96,2,15,1373.53,North,UPI,40,0,5,3,Mar,Monday,1
ORD103949,2023-04-17 01:17:00,Beauty,412.25,5,0,2061.24,South,UPI,18,0,5,4,Apr,Monday,2
ORD103950,2023-03-08 22:28:00,Clothing,1239.06,2,15,2106.4,West,UPI,30,0,5,3,Mar,Wednesday,1
ORD103951,2023-12-23 03:15:00,Clothing,986.61,4,0,3946.43,East,Debit Card,34,0,5,12,Dec,Saturday,4
ORD103952,2023-03-08 16:05:00,Electronics,9361.48,1,10,8425.33,West,UPI,59,0,2,3,Mar,Wednesday,1
ORD103953,2023-07-28 08:25:00,Electronics,8377.25,1,5,7958.39,South,UPI,45,0,2,7,Jul,Friday,3
ORD103954,2023-06-26 22:50:00,Electronics,10228.01,1,0,10228.01,Central,UPI,42,0,4,6,Jun,Monday,2
ORD103955,2023-08-22 14:22:00,Home & Kitchen,3648.7,4,10,13135.31,West,COD,22,0,3,8,Aug,Tuesday,3
ORD103956,2023-11-09 17:14:00,Electronics,11115.12,1,15,9447.85,South,Debit Card,48,0,4,11,Nov,Thursday,4
ORD103957,2023-01-12 20:10:00,Beauty,957.08,1,10,861.38,Central,UPI,33,0,4,1,Jan,Thursday,1
ORD103958,2023-12-18 23:04:00,Beauty,668.6,5,0,3343.01,West,UPI,39,1,4,12,Dec,Monday,4
ORD103959,2023-01-21 05:37:00,Sports,1266.62,4,0,5066.46,Central,UPI,54,0,4,1,Jan,Saturday,1
ORD103960,2023-05-15 07:53:00,Electronics,7347.85,1,5,6980.46,Central,Net Banking,43,0,3,5,May,Monday,2
ORD103961,2023-11-14 12:25:00,Electronics,4831.83,1,10,4348.65,South,UPI,40,0,3,11,Nov,Tuesday,4
ORD103962,2023-04-14 03:26:00,Electronics,6586.34,1,0,6586.34,West,UPI,39,0,5,4,Apr,Friday,2
ORD103963,2023-07-07 12:35:00,Electronics,7505.73,2,0,15011.46,East,COD,52,0,4,7,Jul,Friday,3
ORD103964,2023-07-21 14:48:00,Home & Kitchen,2090.49,1,10,1881.44,North,UPI,20,0,3,7,Jul,Friday,3
ORD103965,2023-07-21 04:05:00,Beauty,983.46,3,0,2950.38,Central,Credit Card,25,0,5,7,Jul,Friday,3
ORD103966,2023-07-05 11:03:00,Home & Kitchen,1890.41,2,0,3780.83,East,Credit Card,32,0,5,7,Jul,Wednesday,3
ORD103967,2023-06-03 20:02:00,Books,635.39,1,5,603.62,West,COD,61,0,4,6,Jun,Saturday,2
ORD103968,2023-04-11 21:19:00,Home & Kitchen,2207.46,2,0,4414.91,Central,Debit Card,54,0,3,4,Apr,Tuesday,2
ORD103969,2023-04-26 18:26:00,Beauty,676.4,1,15,574.94,East,UPI,20,0,5,4,Apr,Wednesday,2
ORD103970,2023-11-06 12:10:00,Beauty,895.51,4,5,3402.93,West,UPI,46,0,3,11,Nov,Monday,4
ORD103971,2023-07-17 04:27:00,Clothing,614.77,1,0,614.77,North,UPI,33,0,5,7,Jul,Monday,3
ORD103972,2023-05-11 06:50:00,Clothing,684.87,1,15,582.14,West,Debit Card,56,0,5,5,May,Thursday,2
ORD103973,2023-06-25 20:35:00,Beauty,723.6,1,0,723.6,East,UPI,60,0,4,6,Jun,Sunday,2
ORD103974,2023-02-21 21:32:00,Clothing,2092.65,1,0,2092.65,Central,Debit Card,38,0,4,2,Feb,Tuesday,1
ORD103975,2023-10-01 23:31:00,Electronics,11967.05,1,20,9573.64,Central,COD,59,1,4,10,Oct,Sunday,4
ORD103976,2023-02-20 23:39:00,Sports,1297.38,1,5,1232.51,West,UPI,60,0,5,2,Feb,Monday,1
ORD103977,2023-06-09 22:05:00,Clothing,900.14,1,5,855.13,Central,Credit Card,35,0,4,6,Jun,Friday,2
ORD103978,2023-05-15 07:12:00,Home & Kitchen,2656.51,4,10,9563.45,Central,UPI,49,0,5,5,May,Monday,2
ORD103979,2023-03-10 23:18:00,Clothing,1658.78,1,10,1492.9,West,COD,48,0,1,3,Mar,Friday,1
ORD103980,2023-07-07 21:03:00,Clothing,1705.19,1,0,1705.19,East,Credit Card,44,0,5,7,Jul,Friday,3
ORD103981,2023-05-06 08:12:00,Clothing,1370.44,1,0,1370.44,North,Net Banking,32,1,4,5,May,Saturday,2
ORD103982,2023-02-09 02:45:00,Clothing,355.18,1,15,301.9,East,Net Banking,63,1,5,2,Feb,Thursday,1
ORD103983,2023-09-13 12:01:00,Sports,1396.11,2,0,2792.22,East,COD,30,0,4,9,Sep,Wednesday,3
ORD103984,2023-07-09 14:49:00,Books,165.21,2,5,313.89,West,COD,53,0,5,7,Jul,Sunday,3
ORD103985,2023-12-12 08:31:00,Sports,713.26,2,5,1355.19,East,Debit Card,49,0,4,12,Dec,Tuesday,4
ORD103986,2023-10-28 22:57:00,Home & Kitchen,1321.4,4,5,5021.34,East,Debit Card,23,0,5,10,Oct,Saturday,4
ORD103987,2023-06-21 06:23:00,Beauty,954.83,5,0,4774.16,South,Credit Card,20,0,2,6,Jun,Wednesday,2
ORD103988,2023-08-30 08:25:00,Sports,2307.35,5,10,10383.08,West,COD,45,1,4,8,Aug,Wednesday,3
ORD103989,2023-09-15 12:51:00,Sports,2808.5,1,0,2808.5,North,Credit Card,55,0,4,9,Sep,Friday,3
ORD103990,2023-03-06 02:11:00,Books,314.73,3,0,944.19,East,UPI,38,0,2,3,Mar,Monday,1
ORD103991,2023-10-02 22:58:00,Electronics,6255.62,1,5,5942.84,North,Credit Card,40,0,4,10,Oct,Monday,4
ORD103992,2023-06-06 16:05:00,Sports,3339.42,1,0,3339.42,East,UPI,26,0,4,6,Jun,Tuesday,2
ORD103993,2023-11-02 04:20:00,Home & Kitchen,737.16,3,5,2100.9,East,Credit Card,35,0,4,11,Nov,Thursday,4
ORD103994,2023-06-04 14:11:00,Home & Kitchen,1849.41,4,0,7397.65,North,Net Banking,47,1,4,6,Jun,Sunday,2
ORD103995,2023-01-07 14:55:00,Clothing,1764.37,3,0,5293.12,East,UPI,24,0,2,1,Jan,Saturday,1
ORD103996,2023-10-29 03:17:00,Books,404.64,2,5,768.81,South,UPI,19,0,5,10,Oct,Sunday,4
ORD103997,2023-01-27 21:16:00,Books,680.39,1,10,612.35,Central,Credit Card,62,0,4,1,Jan,Friday,1
ORD103998,2023-03-22 13:52:00,Clothing,1040.44,3,0,3121.32,North,UPI,31,0,2,3,Mar,Wednesday,1
ORD103999,2023-06-08 06:45:00,Books,552.3,2,5,1049.37,North,Credit Card,39,0,4,6,Jun,Thursday,2
ORD104000,2023-04-23 21:49:00,Home & Kitchen,3965.43,2,0,7930.85,West,UPI,19,0,5,4,Apr,Sunday,2
ORD104001,2023-01-10 00:34:00,Beauty,394.04,3,10,1063.91,North,Credit Card,30,0,5,1,Jan,Tuesday,1
ORD104002,2023-07-02 05:09:00,Sports,953.28,1,0,953.28,North,UPI,63,1,5,7,Jul,Sunday,3
ORD104003,2023-10-09 14:05:00,Beauty,848.56,2,20,1357.7,Central,UPI,34,0,2,10,Oct,Monday,4
ORD104004,2023-04-18 11:52:00,Clothing,1764.33,1,10,1587.89,East,Debit Card,38,0,4,4,Apr,Tuesday,2
ORD104005,2023-08-10 16:51:00,Clothing,100.0,1,0,100.0,West,UPI,48,0,5,8,Aug,Thursday,3
ORD104006,2023-11-30 21:31:00,Beauty,512.11,2,10,921.8,North,UPI,26,0,3,11,Nov,Thursday,4
ORD104007,2023-11-26 05:55:00,Clothing,691.38,1,10,622.24,North,Debit Card,52,0,5,11,Nov,Sunday,4
ORD104008,2023-06-24 23:52:00,Home & Kitchen,3126.21,5,5,14849.5,South,UPI,64,0,4,6,Jun,Saturday,2
ORD104009,2023-08-25 14:08:00,Home & Kitchen,2803.02,2,0,5606.04,Central,Credit Card,36,0,4,8,Aug,Friday,3
ORD104010,2023-06-15 13:12:00,Beauty,1381.92,5,0,6909.61,South,Credit Card,41,0,3,6,Jun,Thursday,2
ORD104011,2023-05-23 01:41:00,Electronics,6312.66,1,10,5681.4,North,COD,23,0,4,5,May,Tuesday,2
ORD104012,2023-12-25 11:52:00,Beauty,870.68,5,0,4353.39,South,Net Banking,48,0,2,12,Dec,Monday,4
ORD104013,2023-02-02 00:59:00,Sports,1008.74,2,0,2017.49,East,UPI,32,0,5,2,Feb,Thursday,1
ORD104014,2023-12-04 01:02:00,Sports,1045.15,2,0,2090.29,North,COD,18,0,5,12,Dec,Monday,4
ORD104015,2023-12-16 05:46:00,Home & Kitchen,2586.13,1,5,2456.83,South,UPI,57,0,5,12,Dec,Saturday,4
ORD104016,2023-06-13 14:42:00,Clothing,2049.71,2,0,4099.42,South,UPI,40,0,4,6,Jun,Tuesday,2
ORD104017,2023-11-06 09:14:00,Electronics,7200.42,2,10,12960.75,Central,Debit Card,52,0,3,11,Nov,Monday,4
ORD104018,2023-04-22 12:33:00,Electronics,7515.89,1,5,7140.1,North,Credit Card,20,0,4,4,Apr,Saturday,2
ORD104019,2023-01-18 06:07:00,Clothing,1599.22,3,0,4797.66,South,UPI,44,0,4,1,Jan,Wednesday,1
ORD104020,2023-06-29 22:09:00,Books,644.07,2,20,1030.51,Central,Debit Card,40,0,1,6,Jun,Thursday,2
ORD104021,2023-01-14 19:41:00,Clothing,1753.66,1,0,1753.66,South,Credit Card,32,1,2,1,Jan,Saturday,1
ORD104022,2023-09-06 07:22:00,Beauty,659.86,1,5,626.87,South,Debit Card,64,1,3,9,Sep,Wednesday,3
ORD104023,2023-06-30 21:43:00,Sports,2181.17,1,0,2181.17,South,COD,18,0,3,6,Jun,Friday,2
ORD104024,2023-03-28 04:40:00,Clothing,1703.0,1,0,1703.0,West,UPI,48,0,4,3,Mar,Tuesday,1
ORD104025,2023-04-08 16:38:00,Sports,2440.66,2,10,4393.18,Central,UPI,50,0,5,4,Apr,Saturday,2
ORD104026,2023-07-06 15:44:00,Books,362.44,1,10,326.19,South,Debit Card,24,0,5,7,Jul,Thursday,3
ORD104027,2023-03-08 07:27:00,Clothing,950.84,1,0,950.84,West,UPI,62,0,5,3,Mar,Wednesday,1
ORD104028,2023-01-18 15:25:00,Books,393.84,1,0,393.84,North,COD,20,0,5,1,Jan,Wednesday,1
ORD104029,2023-08-24 01:32:00,Sports,1889.7,2,15,3212.49,South,UPI,44,0,4,8,Aug,Thursday,3
ORD104030,2023-03-03 16:51:00,Home & Kitchen,2257.29,1,5,2144.42,South,Net Banking,40,0,5,3,Mar,Friday,1
ORD104031,2023-07-15 01:06:00,Clothing,222.34,2,5,422.45,North,Credit Card,54,0,4,7,Jul,Saturday,3
ORD104032,2023-07-22 03:22:00,Clothing,1853.19,1,5,1760.53,Central,UPI,45,0,5,7,Jul,Saturday,3
ORD104033,2023-12-14 17:40:00,Sports,1646.38,1,0,1646.38,South,Debit Card,27,1,5,12,Dec,Thursday,4
ORD104034,2023-12-08 20:27:00,Home & Kitchen,2125.15,1,0,2125.15,East,Credit Card,38,0,4,12,Dec,Friday,4
ORD104035,2023-07-26 15:12:00,Books,292.02,2,10,525.64,East,Credit Card,31,0,1,7,Jul,Wednesday,3
ORD104036,2023-03-09 04:13:00,Books,628.91,3,0,1886.73,South,COD,54,0,3,3,Mar,Thursday,1
ORD104037,2023-03-14 05:58:00,Clothing,1971.11,5,0,9855.55,Central,UPI,52,0,5,3,Mar,Tuesday,1
ORD104038,2023-11-08 09:16:00,Electronics,10672.15,1,20,8537.72,South,UPI,25,0,5,11,Nov,Wednesday,4
ORD104039,2023-10-17 04:45:00,Beauty,1264.7,1,5,1201.46,South,UPI,64,0,4,10,Oct,Tuesday,4
ORD104040,2023-07-27 01:24:00,Books,546.54,1,0,546.54,South,Net Banking,29,0,3,7,Jul,Thursday,3
ORD104041,2023-06-22 06:23:00,Sports,1947.46,1,5,1850.09,North,COD,25,0,4,6,Jun,Thursday,2
ORD104042,2023-11-22 23:30:00,Clothing,1635.52,4,0,6542.09,South,UPI,53,0,3,11,Nov,Wednesday,4
ORD104043,2023-02-28 17:03:00,Beauty,185.4,1,0,185.4,East,UPI,21,0,3,2,Feb,Tuesday,1
ORD104044,2023-05-22 03:52:00,Home & Kitchen,1402.37,1,15,1192.01,South,UPI,38,1,4,5,May,Monday,2
ORD104045,2023-06-11 07:54:00,Beauty,1130.17,1,0,1130.17,Central,COD,32,0,5,6,Jun,Sunday,2
ORD104046,2023-12-01 17:20:00,Electronics,7549.92,2,10,13589.86,South,UPI,52,0,3,12,Dec,Friday,4
ORD104047,2023-02-06 07:49:00,Beauty,1303.3,4,5,4952.56,West,UPI,50,0,3,2,Feb,Monday,1
ORD104048,2023-01-30 16:50:00,Beauty,1197.09,1,0,1197.09,East,Debit Card,25,0,4,1,Jan,Monday,1
ORD104049,2023-10-20 23:30:00,Clothing,1324.52,4,5,5033.16,East,UPI,59,0,4,10,Oct,Friday,4
ORD104050,2023-05-22 15:02:00,Books,492.62,2,15,837.45,East,UPI,19,0,5,5,May,Monday,2
ORD104051,2023-02-07 05:59:00,Sports,2623.38,1,10,2361.04,North,UPI,28,1,5,2,Feb,Tuesday,1
ORD104052,2023-05-18 02:04:00,Home & Kitchen,2918.46,1,5,2772.54,Central,Debit Card,33,0,5,5,May,Thursday,2
ORD104053,2023-06-25 10:27:00,Beauty,962.17,1,5,914.07,East,UPI,21,0,2,6,Jun,Sunday,2
ORD104054,2023-02-16 18:46:00,Beauty,1103.51,2,5,2096.66,West,Credit Card,26,0,4,2,Feb,Thursday,1
ORD104055,2023-10-30 10:28:00,Clothing,1102.65,2,0,2205.29,Central,Credit Card,56,0,5,10,Oct,Monday,4
ORD104056,2023-01-31 15:51:00,Clothing,1314.42,1,5,1248.7,North,Net Banking,52,0,4,1,Jan,Tuesday,1
ORD104057,2023-05-10 05:27:00,Electronics,12555.87,2,0,25111.74,South,Debit Card,64,0,3,5,May,Wednesday,2
ORD104058,2023-11-15 20:31:00,Electronics,10356.36,2,0,20712.73,North,UPI,23,0,4,11,Nov,Wednesday,4
ORD104059,2023-02-15 04:19:00,Beauty,924.27,1,0,924.27,North,COD,54,0,1,2,Feb,Wednesday,1
ORD104060,2023-05-05 22:27:00,Sports,1989.32,1,20,1591.46,Central,Credit Card,40,0,4,5,May,Friday,2
ORD104061,2023-10-18 20:29:00,Sports,1815.39,1,0,1815.39,West,UPI,64,0,5,10,Oct,Wednesday,4
ORD104062,2023-08-31 06:04:00,Sports,2620.94,1,0,2620.94,South,Credit Card,42,0,2,8,Aug,Thursday,3
ORD104063,2023-04-29 02:51:00,Home & Kitchen,2118.69,1,5,2012.75,Central,COD,58,0,5,4,Apr,Saturday,2
ORD104064,2023-03-09 14:41:00,Clothing,914.49,1,5,868.77,West,Debit Card,19,1,4,3,Mar,Thursday,1
ORD104065,2023-08-24 10:44:00,Electronics,7150.09,5,20,28600.35,Central,COD,58,0,5,8,Aug,Thursday,3
ORD104066,2023-11-15 15:41:00,Sports,1887.09,1,10,1698.38,Central,Credit Card,61,0,4,11,Nov,Wednesday,4
ORD104067,2023-11-23 06:40:00,Clothing,1108.07,1,5,1052.66,Central,COD,44,0,1,11,Nov,Thursday,4
ORD104068,2023-12-21 09:12:00,Beauty,582.14,5,10,2619.65,North,Credit Card,41,0,4,12,Dec,Thursday,4
ORD104069,2023-07-15 10:19:00,Beauty,204.42,5,0,1022.11,South,UPI,48,0,5,7,Jul,Saturday,3
ORD104070,2023-12-11 23:50:00,Sports,2488.78,3,0,7466.34,Central,Debit Card,44,0,4,12,Dec,Monday,4
ORD104071,2023-04-30 03:09:00,Clothing,743.63,1,20,594.9,North,UPI,38,0,5,4,Apr,Sunday,2
ORD104072,2023-02-05 11:53:00,Sports,1660.23,2,0,3320.45,North,Debit Card,52,0,5,2,Feb,Sunday,1
ORD104073,2023-07-13 08:18:00,Home & Kitchen,3567.24,2,5,6777.76,Central,Debit Card,59,0,3,7,Jul,Thursday,3
ORD104074,2023-09-03 00:45:00,Books,426.95,2,0,853.9,North,UPI,39,0,3,9,Sep,Sunday,3
ORD104075,2023-10-15 14:25:00,Home & Kitchen,2962.26,3,0,8886.77,East,UPI,44,0,4,10,Oct,Sunday,4
ORD104076,2023-08-11 15:25:00,Beauty,836.76,1,5,794.92,East,Credit Card,35,0,3,8,Aug,Friday,3
ORD104077,2023-08-19 09:56:00,Sports,2456.09,1,0,2456.09,North,Credit Card,22,0,3,8,Aug,Saturday,3
ORD104078,2023-07-17 11:27:00,Clothing,1832.1,2,0,3664.2,North,UPI,49,0,3,7,Jul,Monday,3
ORD104079,2023-01-17 00:26:00,Books,808.91,1,0,808.91,South,UPI,42,1,3,1,Jan,Tuesday,1
ORD104080,2023-04-23 15:12:00,Beauty,829.59,1,0,829.59,North,Credit Card,59,0,2,4,Apr,Sunday,2
ORD104081,2023-05-20 18:27:00,Home & Kitchen,2956.1,4,0,11824.41,Central,UPI,51,0,5,5,May,Saturday,2
ORD104082,2023-08-14 02:07:00,Home & Kitchen,2007.52,1,10,1806.77,Central,Debit Card,27,0,3,8,Aug,Monday,3
ORD104083,2023-10-19 22:24:00,Clothing,1599.11,1,10,1439.19,South,UPI,51,0,1,10,Oct,Thursday,4
ORD104084,2023-12-22 11:37:00,Electronics,12445.87,1,10,11201.28,West,Debit Card,42,0,5,12,Dec,Friday,4
ORD104085,2023-07-08 11:07:00,Clothing,1368.04,1,5,1299.64,South,Credit Card,59,0,4,7,Jul,Saturday,3
ORD104086,2023-07-31 21:13:00,Home & Kitchen,620.37,1,10,558.33,West,UPI,35,0,4,7,Jul,Monday,3
ORD104087,2023-06-10 19:18:00,Electronics,10720.35,1,10,9648.32,Central,Debit Card,30,0,4,6,Jun,Saturday,2
ORD104088,2023-10-19 10:39:00,Sports,2438.48,1,5,2316.56,West,UPI,44,0,4,10,Oct,Thursday,4
ORD104089,2023-07-31 21:27:00,Books,447.26,1,15,380.17,South,UPI,45,0,4,7,Jul,Monday,3
ORD104090,2023-05-15 09:47:00,Books,138.9,1,0,138.9,South,UPI,40,0,2,5,May,Monday,2
ORD104091,2023-02-07 09:39:00,Books,321.68,2,5,611.19,North,UPI,26,0,4,2,Feb,Tuesday,1
ORD104092,2023-10-29 07:48:00,Sports,1992.45,2,0,3984.9,Central,UPI,63,0,4,10,Oct,Sunday,4
ORD104093,2023-05-13 08:37:00,Beauty,961.33,2,15,1634.27,West,UPI,21,0,4,5,May,Saturday,2
ORD104094,2023-05-19 13:16:00,Sports,990.23,1,5,940.72,North,Credit Card,38,0,5,5,May,Friday,2
ORD104095,2023-12-03 22:35:00,Beauty,1121.46,1,0,1121.46,South,UPI,21,0,4,12,Dec,Sunday,4
ORD104096,2023-10-31 10:32:00,Electronics,10858.36,1,0,10858.36,West,UPI,36,0,3,10,Oct,Tuesday,4
ORD104097,2023-09-02 23:59:00,Beauty,1439.26,1,5,1367.3,South,COD,42,0,4,9,Sep,Saturday,3
ORD104098,2023-09-30 20:49:00,Beauty,1262.06,2,10,2271.72,Central,Credit Card,59,0,1,9,Sep,Saturday,3
ORD104099,2023-02-21 07:10:00,Books,417.93,2,0,835.85,North,COD,55,0,4,2,Feb,Tuesday,1
ORD104100,2023-08-17 04:03:00,Sports,1534.19,1,10,1380.77,South,UPI,41,0,5,8,Aug,Thursday,3
ORD104101,2023-01-23 15:20:00,Home & Kitchen,3061.33,4,0,12245.33,East,Net Banking,35,0,5,1,Jan,Monday,1
ORD104102,2023-06-28 06:18:00,Sports,3259.52,2,10,5867.14,West,UPI,44,0,3,6,Jun,Wednesday,2
ORD104103,2023-10-27 04:54:00,Home & Kitchen,368.62,1,0,368.62,South,UPI,42,0,4,10,Oct,Friday,4
ORD104104,2023-01-22 09:17:00,Electronics,7605.75,1,0,7605.75,Central,Credit Card,33,0,5,1,Jan,Sunday,1
ORD104105,2023-07-15 02:09:00,Books,322.47,4,0,1289.87,Central,UPI,64,0,5,7,Jul,Saturday,3
ORD104106,2023-01-15 04:57:00,Electronics,4006.42,2,0,8012.85,East,UPI,20,0,5,1,Jan,Sunday,1
ORD104107,2023-04-15 23:55:00,Electronics,6882.67,1,10,6194.4,West,UPI,20,0,2,4,Apr,Saturday,2
ORD104108,2023-07-02 16:45:00,Home & Kitchen,2086.09,5,0,10430.45,Central,UPI,19,0,3,7,Jul,Sunday,3
ORD104109,2023-10-26 10:40:00,Books,346.56,1,15,294.58,West,COD,34,0,4,10,Oct,Thursday,4
ORD104110,2023-08-09 02:59:00,Sports,958.24,1,0,958.24,Central,Credit Card,51,0,5,8,Aug,Wednesday,3
ORD104111,2023-05-14 22:23:00,Electronics,7945.64,1,10,7151.08,Central,UPI,33,0,1,5,May,Sunday,2
ORD104112,2023-12-23 10:25:00,Books,474.89,1,0,474.89,West,UPI,57,0,5,12,Dec,Saturday,4
ORD104113,2023-04-25 17:35:00,Electronics,6934.35,1,0,6934.35,East,UPI,62,0,5,4,Apr,Tuesday,2
ORD104114,2023-06-01 05:12:00,Clothing,332.86,3,0,998.58,West,UPI,39,0,4,6,Jun,Thursday,2
ORD104115,2023-03-11 01:54:00,Beauty,1356.66,1,0,1356.66,South,UPI,23,0,5,3,Mar,Saturday,1
ORD104116,2023-05-30 05:16:00,Home & Kitchen,1653.7,2,5,3142.03,West,UPI,27,0,3,5,May,Tuesday,2
ORD104117,2023-01-10 09:14:00,Electronics,5855.66,4,5,22251.51,West,Debit Card,23,0,4,1,Jan,Tuesday,1
ORD104118,2023-09-16 23:44:00,Home & Kitchen,3897.38,2,0,7794.76,West,Debit Card,34,0,5,9,Sep,Saturday,3
ORD104119,2023-01-15 01:35:00,Sports,3209.06,4,0,12836.24,East,Debit Card,43,0,4,1,Jan,Sunday,1
ORD104120,2023-10-19 08:24:00,Clothing,553.66,2,0,1107.32,Central,COD,39,0,5,10,Oct,Thursday,4
ORD104121,2023-12-01 02:41:00,Clothing,1322.36,2,10,2380.24,West,Credit Card,20,0,3,12,Dec,Friday,4
ORD104122,2023-02-02 14:16:00,Books,391.08,2,0,782.17,South,COD,61,0,4,2,Feb,Thursday,1
ORD104123,2023-04-17 10:03:00,Books,652.88,1,0,652.88,South,UPI,45,1,4,4,Apr,Monday,2
ORD104124,2023-01-25 05:10:00,Books,577.31,1,5,548.45,Central,Credit Card,25,0,5,1,Jan,Wednesday,1
ORD104125,2023-08-05 12:21:00,Books,283.44,4,15,963.7,South,Credit Card,51,0,5,8,Aug,Saturday,3
ORD104126,2023-03-23 06:12:00,Books,263.07,2,15,447.23,South,Credit Card,63,0,4,3,Mar,Thursday,1
ORD104127,2023-11-16 07:00:00,Clothing,1489.51,1,15,1266.08,South,UPI,56,0,3,11,Nov,Thursday,4
ORD104128,2023-07-25 18:06:00,Books,301.33,3,0,903.99,South,UPI,41,0,4,7,Jul,Tuesday,3
ORD104129,2023-04-28 00:14:00,Electronics,12350.16,1,20,9880.13,South,UPI,24,1,1,4,Apr,Friday,2
ORD104130,2023-08-14 02:46:00,Home & Kitchen,1123.5,1,0,1123.5,North,Debit Card,23,0,5,8,Aug,Monday,3
ORD104131,2023-08-22 11:59:00,Home & Kitchen,2961.24,1,5,2813.18,North,Credit Card,45,0,5,8,Aug,Tuesday,3
ORD104132,2023-03-14 15:39:00,Home & Kitchen,2438.27,1,5,2316.36,Central,UPI,46,1,3,3,Mar,Tuesday,1
ORD104133,2023-05-08 23:03:00,Books,469.11,1,0,469.11,South,UPI,57,0,5,5,May,Monday,2
ORD104134,2023-04-18 01:05:00,Books,576.11,2,0,1152.22,South,COD,38,0,4,4,Apr,Tuesday,2
ORD104135,2023-10-25 17:49:00,Beauty,1069.73,1,0,1069.73,East,Net Banking,58,0,5,10,Oct,Wednesday,4
ORD104136,2023-05-01 00:13:00,Clothing,1119.28,2,10,2014.7,East,Debit Card,40,0,5,5,May,Monday,2
ORD104137,2023-01-24 04:34:00,Clothing,1164.94,1,0,1164.94,East,Credit Card,45,0,4,1,Jan,Tuesday,1
ORD104138,2023-01-09 02:29:00,Sports,1773.72,1,5,1685.03,South,COD,30,0,4,1,Jan,Monday,1
ORD104139,2023-03-09 09:03:00,Beauty,1405.15,1,0,1405.15,East,UPI,51,0,4,3,Mar,Thursday,1
ORD104140,2023-07-31 08:42:00,Beauty,694.73,1,0,694.73,Central,Credit Card,43,0,4,7,Jul,Monday,3
ORD104141,2023-09-01 20:40:00,Electronics,5637.8,3,5,16067.74,West,UPI,59,0,2,9,Sep,Friday,3
ORD104142,2023-07-31 03:39:00,Books,320.97,4,0,1283.89,Central,COD,36,0,5,7,Jul,Monday,3
ORD104143,2023-05-16 01:24:00,Clothing,1732.12,3,20,4157.09,East,Debit Card,36,0,5,5,May,Tuesday,2
ORD104144,2023-10-02 14:09:00,Clothing,806.59,1,5,766.26,West,Debit Card,30,0,1,10,Oct,Monday,4
ORD104145,2023-09-16 02:11:00,Books,366.47,2,0,732.95,South,UPI,34,0,3,9,Sep,Saturday,3
ORD104146,2023-10-27 22:21:00,Electronics,3328.5,3,10,8986.94,West,UPI,28,0,2,10,Oct,Friday,4
ORD104147,2023-05-25 22:16:00,Sports,2623.52,1,0,2623.52,Central,Debit Card,39,0,4,5,May,Thursday,2
ORD104148,2023-05-07 15:15:00,Clothing,763.86,1,5,725.67,South,Credit Card,21,0,4,5,May,Sunday,2
ORD104149,2023-04-06 03:08:00,Electronics,7992.37,2,0,15984.74,North,UPI,54,0,4,4,Apr,Thursday,2
ORD104150,2023-03-03 16:29:00,Electronics,11350.72,1,5,10783.19,Central,UPI,38,0,3,3,Mar,Friday,1
ORD104151,2023-06-27 22:35:00,Beauty,796.29,1,5,756.47,West,Net Banking,31,0,5,6,Jun,Tuesday,2
ORD104152,2023-11-11 01:42:00,Beauty,473.87,1,20,379.09,North,Credit Card,64,0,4,11,Nov,Saturday,4
ORD104153,2023-09-06 09:44:00,Electronics,8962.65,1,15,7618.25,North,Debit Card,35,0,4,9,Sep,Wednesday,3
ORD104154,2023-11-03 04:22:00,Clothing,1542.81,2,5,2931.34,North,Credit Card,42,0,4,11,Nov,Friday,4
ORD104155,2023-11-13 08:44:00,Sports,1907.97,4,5,7250.3,East,UPI,63,0,5,11,Nov,Monday,4
ORD104156,2023-02-26 15:06:00,Books,268.28,2,10,482.9,South,UPI,20,0,5,2,Feb,Sunday,1
ORD104157,2023-07-18 23:16:00,Home & Kitchen,3656.46,1,5,3473.64,South,UPI,34,0,4,7,Jul,Tuesday,3
ORD104158,2023-04-04 05:01:00,Home & Kitchen,2168.88,3,5,6181.3,East,Net Banking,41,0,2,4,Apr,Tuesday,2
ORD104159,2023-03-15 03:24:00,Clothing,1119.91,5,20,4479.63,South,UPI,55,1,1,3,Mar,Wednesday,1
ORD104160,2023-12-17 08:37:00,Books,528.28,4,0,2113.11,West,Net Banking,58,0,1,12,Dec,Sunday,4
ORD104161,2023-04-10 23:47:00,Clothing,1423.63,1,10,1281.27,North,Debit Card,41,0,4,4,Apr,Monday,2
ORD104162,2023-04-14 09:18:00,Clothing,1226.31,1,0,1226.31,East,Credit Card,22,0,4,4,Apr,Friday,2
ORD104163,2023-06-06 16:53:00,Electronics,8980.43,5,0,44902.16,Central,Credit Card,62,0,4,6,Jun,Tuesday,2
ORD104164,2023-10-25 10:00:00,Sports,1862.07,1,0,1862.07,East,Credit Card,51,1,2,10,Oct,Wednesday,4
ORD104165,2023-01-06 11:39:00,Clothing,1435.87,1,0,1435.87,West,Debit Card,49,0,5,1,Jan,Friday,1
ORD104166,2023-06-28 02:39:00,Beauty,690.2,1,5,655.69,East,UPI,63,0,5,6,Jun,Wednesday,2
ORD104167,2023-08-18 15:16:00,Beauty,540.64,1,0,540.64,Central,Debit Card,38,1,3,8,Aug,Friday,3
ORD104168,2023-07-23 13:40:00,Clothing,1203.75,1,0,1203.75,South,UPI,41,0,3,7,Jul,Sunday,3
ORD104169,2023-06-12 13:14:00,Sports,1634.51,3,10,4413.18,East,UPI,48,0,3,6,Jun,Monday,2
ORD104170,2023-08-31 10:50:00,Home & Kitchen,1854.59,1,10,1669.13,South,UPI,20,0,5,8,Aug,Thursday,3
ORD104171,2023-10-18 04:01:00,Books,150.49,1,10,135.44,West,UPI,61,0,5,10,Oct,Wednesday,4
ORD104172,2023-06-28 17:05:00,Home & Kitchen,2944.55,5,10,13250.48,South,Net Banking,27,0,2,6,Jun,Wednesday,2
ORD104173,2023-01-15 20:23:00,Clothing,1099.97,2,10,1979.94,Central,Debit Card,64,0,5,1,Jan,Sunday,1
ORD104174,2023-03-19 18:18:00,Clothing,367.67,1,15,312.52,North,UPI,49,0,4,3,Mar,Sunday,1
ORD104175,2023-04-22 01:09:00,Home & Kitchen,2437.0,2,15,4142.9,Central,UPI,62,0,4,4,Apr,Saturday,2
ORD104176,2023-12-25 18:25:00,Beauty,759.19,3,15,1935.93,South,Credit Card,47,0,4,12,Dec,Monday,4
ORD104177,2023-12-09 23:51:00,Home & Kitchen,3788.79,1,0,3788.79,South,Debit Card,22,0,4,12,Dec,Saturday,4
ORD104178,2023-11-15 23:18:00,Clothing,945.08,1,0,945.08,South,UPI,25,0,3,11,Nov,Wednesday,4
ORD104179,2023-02-08 10:42:00,Home & Kitchen,3032.96,1,0,3032.96,East,Debit Card,50,0,5,2,Feb,Wednesday,1
ORD104180,2023-11-27 21:35:00,Electronics,11311.99,1,0,11311.99,East,UPI,33,1,4,11,Nov,Monday,4
ORD104181,2023-02-24 07:41:00,Clothing,1007.65,3,10,2720.67,Central,Debit Card,63,0,3,2,Feb,Friday,1
ORD104182,2023-01-23 08:36:00,Electronics,15335.55,1,5,14568.77,Central,Net Banking,56,0,3,1,Jan,Monday,1
ORD104183,2023-12-27 05:04:00,Clothing,1092.81,1,5,1038.17,North,UPI,43,0,5,12,Dec,Wednesday,4
ORD104184,2023-02-18 05:50:00,Clothing,1616.06,1,0,1616.06,North,UPI,29,0,4,2,Feb,Saturday,1
ORD104185,2023-09-19 21:58:00,Books,482.05,2,0,964.09,North,Debit Card,22,0,5,9,Sep,Tuesday,3
ORD104186,2023-03-20 13:34:00,Sports,1572.41,1,10,1415.17,West,Credit Card,45,0,5,3,Mar,Monday,1
ORD104187,2023-06-02 00:06:00,Home & Kitchen,1987.37,1,5,1888.0,Central,UPI,29,0,4,6,Jun,Friday,2
ORD104188,2023-05-15 17:34:00,Books,442.82,1,5,420.68,North,UPI,23,0,2,5,May,Monday,2
ORD104189,2023-03-10 21:00:00,Books,239.59,1,10,215.63,North,Debit Card,34,0,4,3,Mar,Friday,1
ORD104190,2023-10-19 16:58:00,Clothing,1631.03,2,10,2935.85,West,Credit Card,41,0,3,10,Oct,Thursday,4
ORD104191,2023-09-03 07:53:00,Sports,100.0,2,0,200.0,East,Credit Card,50,0,4,9,Sep,Sunday,3
ORD104192,2023-07-18 20:25:00,Beauty,978.71,1,10,880.84,East,COD,56,0,4,7,Jul,Tuesday,3
ORD104193,2023-06-09 23:07:00,Home & Kitchen,1952.27,1,15,1659.43,Central,Credit Card,32,0,4,6,Jun,Friday,2
ORD104194,2023-04-22 09:42:00,Clothing,1218.25,2,0,2436.51,South,UPI,51,0,4,4,Apr,Saturday,2
ORD104195,2023-08-12 04:11:00,Clothing,219.02,3,5,624.2,North,UPI,31,0,5,8,Aug,Saturday,3
ORD104196,2023-06-06 22:04:00,Electronics,8172.81,1,0,8172.81,North,UPI,30,0,4,6,Jun,Tuesday,2
ORD104197,2023-05-10 17:13:00,Sports,1885.89,1,20,1508.71,North,UPI,27,0,5,5,May,Wednesday,2
ORD104198,2023-09-19 18:49:00,Home & Kitchen,1691.75,1,0,1691.75,North,UPI,64,1,4,9,Sep,Tuesday,3
ORD104199,2023-08-17 04:52:00,Sports,1125.55,2,0,2251.1,West,Credit Card,53,0,5,8,Aug,Thursday,3
ORD104200,2023-11-10 08:36:00,Sports,2902.45,1,0,2902.45,Central,UPI,21,0,3,11,Nov,Friday,4
ORD104201,2023-09-21 22:12:00,Clothing,709.46,1,15,603.04,North,Debit Card,57,0,4,9,Sep,Thursday,3
ORD104202,2023-01-30 07:56:00,Electronics,6137.32,1,15,5216.72,West,Credit Card,45,0,3,1,Jan,Monday,1
ORD104203,2023-12-19 23:10:00,Electronics,8296.79,2,5,15763.91,North,UPI,34,0,5,12,Dec,Tuesday,4
ORD104204,2023-04-11 23:10:00,Books,561.95,4,5,2135.43,Central,UPI,34,0,3,4,Apr,Tuesday,2
ORD104205,2023-07-22 06:55:00,Sports,1568.69,1,0,1568.69,North,UPI,54,0,3,7,Jul,Saturday,3
ORD104206,2023-01-24 10:51:00,Beauty,520.44,1,5,494.42,South,UPI,36,1,4,1,Jan,Tuesday,1
ORD104207,2023-05-01 17:45:00,Sports,2099.12,1,0,2099.12,North,COD,18,0,1,5,May,Monday,2
ORD104208,2023-12-19 05:59:00,Sports,1824.66,2,0,3649.32,West,Net Banking,35,0,4,12,Dec,Tuesday,4
ORD104209,2023-03-29 21:49:00,Sports,2441.47,3,10,6591.96,Central,Debit Card,27,0,4,3,Mar,Wednesday,1
ORD104210,2023-01-31 14:25:00,Electronics,9788.11,1,0,9788.11,Central,Debit Card,30,0,5,1,Jan,Tuesday,1
ORD104211,2023-08-23 13:59:00,Clothing,1297.39,1,0,1297.39,South,Net Banking,20,0,5,8,Aug,Wednesday,3
ORD104212,2023-10-12 06:56:00,Clothing,1335.02,1,5,1268.27,Central,Credit Card,56,0,3,10,Oct,Thursday,4
ORD104213,2023-12-11 06:13:00,Home & Kitchen,3318.9,1,10,2987.01,West,Credit Card,46,0,2,12,Dec,Monday,4
ORD104214,2023-02-12 16:21:00,Beauty,396.86,2,5,754.03,North,Net Banking,52,0,5,2,Feb,Sunday,1
ORD104215,2023-07-26 05:25:00,Sports,1086.5,1,20,869.2,West,UPI,36,1,4,7,Jul,Wednesday,3
ORD104216,2023-10-10 09:49:00,Home & Kitchen,1408.5,1,5,1338.07,North,UPI,41,0,4,10,Oct,Tuesday,4
ORD104217,2023-04-08 04:42:00,Electronics,8596.08,5,5,40831.36,Central,Debit Card,51,0,5,4,Apr,Saturday,2
ORD104218,2023-04-26 22:38:00,Clothing,398.5,1,20,318.8,South,UPI,62,0,4,4,Apr,Wednesday,2
ORD104219,2023-09-18 23:14:00,Sports,1868.63,5,0,9343.14,East,Net Banking,36,0,5,9,Sep,Monday,3
ORD104220,2023-11-04 23:54:00,Home & Kitchen,1679.32,1,15,1427.42,North,Credit Card,40,0,5,11,Nov,Saturday,4
ORD104221,2023-12-29 23:44:00,Books,226.79,1,5,215.45,North,Credit Card,20,0,5,12,Dec,Friday,4
ORD104222,2023-09-10 12:06:00,Home & Kitchen,2348.57,1,10,2113.71,North,Credit Card,26,0,1,9,Sep,Sunday,3
ORD104223,2023-07-09 18:10:00,Beauty,1001.12,2,10,1802.02,North,Debit Card,45,0,5,7,Jul,Sunday,3
ORD104224,2023-09-25 03:54:00,Sports,1103.45,1,5,1048.27,East,UPI,19,0,4,9,Sep,Monday,3
ORD104225,2023-11-15 04:29:00,Electronics,8433.42,1,10,7590.08,Central,Credit Card,58,0,3,11,Nov,Wednesday,4
ORD104226,2023-03-01 14:58:00,Home & Kitchen,2893.69,1,5,2749.0,Central,Debit Card,46,0,4,3,Mar,Wednesday,1
ORD104227,2023-10-31 13:37:00,Books,350.26,3,15,893.15,Central,Debit Card,61,0,3,10,Oct,Tuesday,4
ORD104228,2023-12-21 09:22:00,Sports,1169.8,2,0,2339.61,West,UPI,60,0,3,12,Dec,Thursday,4
ORD104229,2023-01-09 22:52:00,Beauty,1026.57,4,0,4106.28,South,Debit Card,59,0,2,1,Jan,Monday,1
ORD104230,2023-07-08 22:52:00,Home & Kitchen,3330.99,3,0,9992.98,West,Credit Card,42,0,5,7,Jul,Saturday,3
ORD104231,2023-11-10 11:36:00,Clothing,2022.12,1,0,2022.12,North,UPI,59,0,5,11,Nov,Friday,4
ORD104232,2023-04-15 09:39:00,Home & Kitchen,2166.84,2,0,4333.67,Central,Credit Card,32,0,5,4,Apr,Saturday,2
ORD104233,2023-06-25 10:14:00,Clothing,1039.19,2,5,1974.46,Central,UPI,51,0,5,6,Jun,Sunday,2
ORD104234,2023-11-18 20:00:00,Home & Kitchen,2429.2,2,15,4129.63,West,Debit Card,24,0,5,11,Nov,Saturday,4
ORD104235,2023-10-24 19:01:00,Clothing,1422.06,5,10,6399.25,West,UPI,44,0,5,10,Oct,Tuesday,4
ORD104236,2023-03-15 19:26:00,Home & Kitchen,2688.84,1,20,2151.07,West,Credit Card,62,0,4,3,Mar,Wednesday,1
ORD104237,2023-02-02 14:36:00,Books,274.43,2,0,548.86,Central,UPI,34,0,4,2,Feb,Thursday,1
ORD104238,2023-10-15 00:35:00,Electronics,8294.54,4,0,33178.14,Central,Credit Card,53,0,4,10,Oct,Sunday,4
ORD104239,2023-12-15 15:16:00,Beauty,372.02,3,10,1004.45,Central,UPI,26,0,5,12,Dec,Friday,4
ORD104240,2023-10-20 09:25:00,Sports,1487.99,5,15,6323.95,East,UPI,36,0,4,10,Oct,Friday,4
ORD104241,2023-04-10 19:51:00,Sports,1098.87,1,0,1098.87,Central,Net Banking,55,0,2,4,Apr,Monday,2
ORD104242,2023-07-30 14:15:00,Electronics,12278.21,1,5,11664.3,East,Net Banking,30,0,4,7,Jul,Sunday,3
ORD104243,2023-11-19 10:13:00,Sports,2306.8,2,0,4613.6,West,Debit Card,27,1,4,11,Nov,Sunday,4
ORD104244,2023-10-01 03:24:00,Sports,2302.73,1,10,2072.45,East,Debit Card,46,0,5,10,Oct,Sunday,4
ORD104245,2023-01-15 08:18:00,Sports,2315.04,3,10,6250.62,East,UPI,35,0,4,1,Jan,Sunday,1
ORD104246,2023-03-27 21:40:00,Sports,1593.67,2,20,2549.86,Central,Net Banking,59,0,5,3,Mar,Monday,1
ORD104247,2023-06-17 05:07:00,Electronics,5538.25,2,10,9968.85,North,UPI,30,0,3,6,Jun,Saturday,2
ORD104248,2023-08-23 01:25:00,Clothing,1557.52,5,0,7787.61,West,UPI,54,0,3,8,Aug,Wednesday,3
ORD104249,2023-02-01 00:53:00,Sports,1309.19,1,15,1112.81,Central,UPI,63,0,4,2,Feb,Wednesday,1
ORD104250,2023-05-10 11:33:00,Sports,503.36,1,5,478.19,North,Debit Card,39,0,2,5,May,Wednesday,2
ORD104251,2023-10-12 17:36:00,Electronics,9241.26,1,10,8317.13,Central,UPI,49,0,4,10,Oct,Thursday,4
ORD104252,2023-01-22 10:30:00,Beauty,296.8,2,5,563.93,East,Debit Card,25,0,4,1,Jan,Sunday,1
ORD104253,2023-10-10 07:39:00,Sports,1205.66,1,15,1024.81,Central,Debit Card,38,0,5,10,Oct,Tuesday,4
ORD104254,2023-02-24 17:22:00,Books,245.8,1,0,245.8,West,COD,39,0,3,2,Feb,Friday,1
ORD104255,2023-01-08 04:59:00,Clothing,1635.45,1,0,1635.45,West,Debit Card,29,0,4,1,Jan,Sunday,1
ORD104256,2023-01-25 00:13:00,Electronics,6513.29,3,0,19539.86,North,Debit Card,49,0,3,1,Jan,Wednesday,1
ORD104257,2023-07-19 21:25:00,Beauty,659.01,2,10,1186.21,North,Credit Card,30,0,3,7,Jul,Wednesday,3
ORD104258,2023-07-02 20:13:00,Sports,2472.04,1,10,2224.84,North,COD,58,0,4,7,Jul,Sunday,3
ORD104259,2023-07-18 09:06:00,Books,444.97,1,0,444.97,Central,UPI,40,0,3,7,Jul,Tuesday,3
ORD104260,2023-04-09 14:34:00,Sports,1494.46,1,0,1494.46,East,Credit Card,53,0,2,4,Apr,Sunday,2
ORD104261,2023-01-27 16:48:00,Sports,1240.14,1,5,1178.13,West,COD,46,0,4,1,Jan,Friday,1
ORD104262,2023-12-01 03:33:00,Electronics,9650.36,3,5,27503.52,West,UPI,54,0,3,12,Dec,Friday,4
ORD104263,2023-01-18 00:07:00,Beauty,935.76,2,5,1777.95,South,Credit Card,64,0,3,1,Jan,Wednesday,1
ORD104264,2023-03-04 01:14:00,Beauty,1198.54,1,0,1198.54,East,COD,54,0,5,3,Mar,Saturday,1
ORD104265,2023-05-10 04:38:00,Books,223.15,1,5,212.0,Central,COD,29,0,2,5,May,Wednesday,2
ORD104266,2023-09-05 08:42:00,Home & Kitchen,2300.11,1,0,2300.11,East,COD,26,0,4,9,Sep,Tuesday,3
ORD104267,2023-07-25 11:10:00,Sports,1156.59,3,10,3122.79,East,COD,60,0,5,7,Jul,Tuesday,3
ORD104268,2023-03-14 04:07:00,Home & Kitchen,1813.09,1,10,1631.78,East,COD,40,0,5,3,Mar,Tuesday,1
ORD104269,2023-11-02 13:55:00,Sports,2662.66,2,0,5325.32,West,UPI,52,0,4,11,Nov,Thursday,4
ORD104270,2023-04-02 05:54:00,Home & Kitchen,1969.81,1,5,1871.32,South,UPI,55,0,4,4,Apr,Sunday,2
ORD104271,2023-06-19 07:13:00,Electronics,11536.34,2,20,18458.14,East,Credit Card,35,0,4,6,Jun,Monday,2
ORD104272,2023-05-13 15:19:00,Electronics,8975.96,4,0,35903.83,West,COD,46,1,5,5,May,Saturday,2
ORD104273,2023-10-05 09:43:00,Books,267.64,1,5,254.26,East,UPI,34,0,5,10,Oct,Thursday,4
ORD104274,2023-11-04 13:20:00,Clothing,330.94,1,0,330.94,South,UPI,60,0,1,11,Nov,Saturday,4
ORD104275,2023-10-01 07:20:00,Clothing,619.89,1,10,557.9,North,Credit Card,28,0,4,10,Oct,Sunday,4
ORD104276,2023-03-12 09:21:00,Electronics,6009.33,4,15,20431.71,East,UPI,21,0,5,3,Mar,Sunday,1
ORD104277,2023-12-26 19:03:00,Clothing,1598.49,3,0,4795.47,North,Debit Card,23,0,4,12,Dec,Tuesday,4
ORD104278,2023-03-07 21:11:00,Home & Kitchen,1393.91,5,15,5924.1,North,COD,41,0,4,3,Mar,Tuesday,1
ORD104279,2023-08-30 07:59:00,Electronics,11262.06,1,10,10135.85,South,Debit Card,60,0,3,8,Aug,Wednesday,3
ORD104280,2023-09-11 05:27:00,Home & Kitchen,2853.99,1,0,2853.99,East,Credit Card,50,0,5,9,Sep,Monday,3
ORD104281,2023-05-07 19:22:00,Sports,667.46,1,0,667.46,Central,UPI,33,0,1,5,May,Sunday,2
ORD104282,2023-06-14 17:20:00,Beauty,639.45,2,0,1278.89,South,UPI,44,0,4,6,Jun,Wednesday,2
ORD104283,2023-06-06 05:43:00,Beauty,1402.12,4,10,5047.62,East,UPI,33,0,3,6,Jun,Tuesday,2
ORD104284,2023-02-21 12:07:00,Books,140.46,2,10,252.82,Central,UPI,47,0,5,2,Feb,Tuesday,1
ORD104285,2023-11-11 02:28:00,Books,137.33,2,0,274.67,North,UPI,19,0,3,11,Nov,Saturday,4
ORD104286,2023-09-28 20:03:00,Electronics,4912.02,3,0,14736.06,East,UPI,21,0,3,9,Sep,Thursday,3
ORD104287,2023-05-13 14:29:00,Electronics,11743.69,1,0,11743.69,East,UPI,45,0,4,5,May,Saturday,2
ORD104288,2023-07-07 20:13:00,Clothing,1553.98,3,0,4661.93,East,Debit Card,60,0,2,7,Jul,Friday,3
ORD104289,2023-08-13 16:46:00,Books,238.57,3,5,679.91,East,UPI,30,0,2,8,Aug,Sunday,3
ORD104290,2023-03-02 11:37:00,Home & Kitchen,1062.59,1,0,1062.59,East,Debit Card,62,1,3,3,Mar,Thursday,1
ORD104291,2023-08-24 06:16:00,Sports,2044.73,2,0,4089.46,East,Net Banking,49,0,4,8,Aug,Thursday,3
ORD104292,2023-04-15 01:21:00,Sports,1428.8,1,5,1357.36,South,Credit Card,18,1,4,4,Apr,Saturday,2
ORD104293,2023-01-16 07:12:00,Sports,2075.8,1,10,1868.22,North,Credit Card,45,0,4,1,Jan,Monday,1
ORD104294,2023-02-12 02:44:00,Home & Kitchen,3127.65,1,15,2658.5,South,UPI,60,0,3,2,Feb,Sunday,1
ORD104295,2023-09-24 19:11:00,Beauty,1245.75,2,0,2491.49,West,COD,48,0,3,9,Sep,Sunday,3
ORD104296,2023-08-31 16:34:00,Sports,827.32,1,5,785.95,South,Net Banking,50,0,4,8,Aug,Thursday,3
ORD104297,2023-02-04 11:50:00,Sports,2645.07,2,5,5025.62,South,Credit Card,46,0,3,2,Feb,Saturday,1
ORD104298,2023-04-11 00:18:00,Home & Kitchen,2001.17,1,0,2001.17,Central,Credit Card,62,0,2,4,Apr,Tuesday,2
ORD104299,2023-12-17 02:20:00,Books,547.02,2,5,1039.34,South,UPI,56,0,4,12,Dec,Sunday,4
ORD104300,2023-06-06 13:20:00,Beauty,1114.67,2,20,1783.47,South,COD,23,0,5,6,Jun,Tuesday,2
ORD104301,2023-04-26 15:51:00,Beauty,724.61,2,5,1376.76,Central,UPI,23,0,4,4,Apr,Wednesday,2
ORD104302,2023-10-17 03:22:00,Sports,996.11,1,0,996.11,West,Debit Card,19,1,5,10,Oct,Tuesday,4
ORD104303,2023-05-30 08:55:00,Clothing,1504.8,4,5,5718.25,West,Credit Card,63,0,5,5,May,Tuesday,2
ORD104304,2023-09-03 14:47:00,Beauty,1003.84,2,15,1706.53,West,COD,18,0,2,9,Sep,Sunday,3
ORD104305,2023-07-23 18:59:00,Sports,1256.42,1,15,1067.96,North,COD,41,0,5,7,Jul,Sunday,3
ORD104306,2023-04-18 12:08:00,Clothing,618.26,3,0,1854.78,Central,Credit Card,18,0,2,4,Apr,Tuesday,2
ORD104307,2023-07-12 20:50:00,Books,374.81,4,15,1274.36,West,UPI,42,0,5,7,Jul,Wednesday,3
ORD104308,2023-01-27 19:37:00,Books,423.25,2,10,761.84,Central,Credit Card,29,0,3,1,Jan,Friday,1
ORD104309,2023-12-20 01:07:00,Electronics,10801.67,1,20,8641.34,North,Credit Card,40,0,2,12,Dec,Wednesday,4
ORD104310,2023-06-24 15:14:00,Sports,1726.67,2,10,3108.0,Central,UPI,19,0,4,6,Jun,Saturday,2
ORD104311,2023-12-17 22:21:00,Clothing,667.52,3,0,2002.57,South,UPI,24,0,4,12,Dec,Sunday,4
ORD104312,2023-10-04 19:26:00,Electronics,6668.66,1,5,6335.23,Central,UPI,48,0,4,10,Oct,Wednesday,4
ORD104313,2023-03-29 20:18:00,Books,624.72,5,10,2811.25,West,UPI,63,0,4,3,Mar,Wednesday,1
ORD104314,2023-09-22 09:39:00,Sports,2259.45,1,0,2259.45,Central,Debit Card,36,0,1,9,Sep,Friday,3
ORD104315,2023-07-09 14:10:00,Sports,1573.58,1,5,1494.9,Central,COD,29,0,4,7,Jul,Sunday,3
ORD104316,2023-09-09 10:40:00,Books,380.05,3,10,1026.13,Central,UPI,48,0,1,9,Sep,Saturday,3
ORD104317,2023-03-06 16:47:00,Sports,1865.21,2,0,3730.42,North,Net Banking,25,0,2,3,Mar,Monday,1
ORD104318,2023-04-02 04:04:00,Electronics,6758.09,5,10,30411.42,West,Debit Card,38,0,4,4,Apr,Sunday,2
ORD104319,2023-10-03 19:42:00,Home & Kitchen,2921.1,1,10,2628.99,North,Net Banking,46,0,4,10,Oct,Tuesday,4
ORD104320,2023-09-28 17:12:00,Books,620.33,3,0,1860.99,Central,COD,54,0,4,9,Sep,Thursday,3
ORD104321,2023-02-11 14:00:00,Home & Kitchen,2148.27,5,0,10741.36,East,Debit Card,63,0,1,2,Feb,Saturday,1
ORD104322,2023-06-03 08:59:00,Sports,1066.87,1,5,1013.52,East,Net Banking,40,0,3,6,Jun,Saturday,2
ORD104323,2023-04-16 13:31:00,Books,342.21,2,5,650.2,South,Credit Card,47,0,5,4,Apr,Sunday,2
ORD104324,2023-09-25 03:05:00,Home & Kitchen,332.77,1,5,316.13,South,Debit Card,63,0,4,9,Sep,Monday,3
ORD104325,2023-01-16 06:33:00,Beauty,1111.46,1,0,1111.46,Central,UPI,27,0,4,1,Jan,Monday,1
ORD104326,2023-10-02 03:49:00,Home & Kitchen,2078.42,1,0,2078.42,North,Credit Card,56,0,5,10,Oct,Monday,4
ORD104327,2023-09-09 17:05:00,Sports,1942.76,1,0,1942.76,East,COD,54,0,3,9,Sep,Saturday,3
ORD104328,2023-10-23 00:56:00,Books,284.96,1,10,256.46,North,Debit Card,59,0,4,10,Oct,Monday,4
ORD104329,2023-12-03 23:36:00,Sports,1431.83,2,5,2720.48,South,Net Banking,49,1,1,12,Dec,Sunday,4
ORD104330,2023-08-28 18:03:00,Home & Kitchen,2904.02,2,10,5227.23,East,UPI,18,0,5,8,Aug,Monday,3
ORD104331,2023-08-06 13:37:00,Sports,704.12,1,0,704.12,South,UPI,38,0,5,8,Aug,Sunday,3
ORD104332,2023-02-15 20:53:00,Books,506.72,1,10,456.05,East,Debit Card,64,0,4,2,Feb,Wednesday,1
ORD104333,2023-01-11 23:29:00,Sports,1864.9,4,15,6340.67,North,Debit Card,59,0,4,1,Jan,Wednesday,1
ORD104334,2023-06-13 06:08:00,Beauty,654.56,3,0,1963.68,West,UPI,31,0,5,6,Jun,Tuesday,2
ORD104335,2023-03-04 03:36:00,Beauty,290.01,2,0,580.02,South,Debit Card,33,0,3,3,Mar,Saturday,1
ORD104336,2023-01-06 07:54:00,Electronics,11099.14,1,10,9989.22,Central,UPI,59,0,4,1,Jan,Friday,1
ORD104337,2023-08-31 09:08:00,Sports,2017.69,1,10,1815.92,East,UPI,50,0,5,8,Aug,Thursday,3
ORD104338,2023-08-07 01:36:00,Clothing,1013.52,3,0,3040.56,North,Debit Card,64,1,5,8,Aug,Monday,3
ORD104339,2023-10-01 03:54:00,Books,228.26,3,0,684.79,Central,Debit Card,24,0,5,10,Oct,Sunday,4
ORD104340,2023-05-26 10:03:00,Electronics,5530.91,3,10,14933.47,South,UPI,43,0,3,5,May,Friday,2
ORD104341,2023-08-25 06:25:00,Beauty,711.31,1,0,711.31,North,COD,61,1,3,8,Aug,Friday,3
ORD104342,2023-09-29 15:13:00,Beauty,1180.42,2,15,2006.72,West,Debit Card,26,0,4,9,Sep,Friday,3
ORD104343,2023-08-14 02:13:00,Clothing,1312.32,2,20,2099.71,East,Credit Card,62,0,5,8,Aug,Monday,3
ORD104344,2023-07-25 18:15:00,Sports,614.96,1,10,553.47,South,UPI,19,0,4,7,Jul,Tuesday,3
ORD104345,2023-01-31 22:00:00,Sports,2050.86,2,15,3486.46,East,Credit Card,27,0,3,1,Jan,Tuesday,1
ORD104346,2023-02-16 11:40:00,Home & Kitchen,3802.65,4,0,15210.6,East,Credit Card,34,0,5,2,Feb,Thursday,1
ORD104347,2023-02-14 20:21:00,Clothing,1036.34,3,0,3109.01,West,Net Banking,51,0,5,2,Feb,Tuesday,1
ORD104348,2023-10-27 15:36:00,Clothing,1451.18,2,20,2321.88,South,UPI,51,0,1,10,Oct,Friday,4
ORD104349,2023-02-21 12:18:00,Electronics,8602.98,5,0,43014.92,South,UPI,46,0,2,2,Feb,Tuesday,1
ORD104350,2023-11-11 01:42:00,Beauty,1267.27,3,0,3801.8,South,Net Banking,45,0,4,11,Nov,Saturday,4
ORD104351,2023-08-30 15:11:00,Clothing,1025.45,4,10,3691.64,West,UPI,44,0,5,8,Aug,Wednesday,3
ORD104352,2023-10-06 19:26:00,Clothing,408.96,5,15,1738.07,West,Credit Card,23,0,1,10,Oct,Friday,4
ORD104353,2023-05-08 09:11:00,Books,322.95,5,10,1453.27,Central,UPI,27,0,5,5,May,Monday,2
ORD104354,2023-05-12 02:52:00,Books,386.31,1,10,347.68,West,UPI,60,0,4,5,May,Friday,2
ORD104355,2023-11-16 22:29:00,Electronics,13644.1,1,5,12961.89,East,Debit Card,48,0,4,11,Nov,Thursday,4
ORD104356,2023-06-21 17:55:00,Clothing,878.86,1,15,747.03,East,Credit Card,31,0,1,6,Jun,Wednesday,2
ORD104357,2023-01-22 11:07:00,Books,129.36,1,0,129.36,North,UPI,31,0,4,1,Jan,Sunday,1
ORD104358,2023-10-07 00:08:00,Sports,1457.07,3,5,4152.65,West,COD,41,0,3,10,Oct,Saturday,4
ORD104359,2023-05-16 04:31:00,Electronics,10922.31,1,5,10376.19,West,UPI,53,1,2,5,May,Tuesday,2
ORD104360,2023-09-18 03:16:00,Clothing,1210.78,1,5,1150.24,East,Debit Card,52,0,3,9,Sep,Monday,3
ORD104361,2023-03-01 16:48:00,Home & Kitchen,2024.94,1,5,1923.69,Central,UPI,35,0,5,3,Mar,Wednesday,1
ORD104362,2023-04-19 00:36:00,Books,229.26,1,10,206.33,West,Credit Card,29,0,4,4,Apr,Wednesday,2
ORD104363,2023-08-03 15:25:00,Electronics,4437.64,2,5,8431.51,East,Debit Card,29,0,5,8,Aug,Thursday,3
ORD104364,2023-11-07 20:44:00,Beauty,1162.55,5,15,4940.83,North,Credit Card,36,0,5,11,Nov,Tuesday,4
ORD104365,2023-09-16 17:48:00,Clothing,1398.9,3,10,3777.03,East,COD,36,0,3,9,Sep,Saturday,3
ORD104366,2023-08-21 08:55:00,Sports,3126.67,2,5,5940.67,East,Debit Card,64,0,3,8,Aug,Monday,3
ORD104367,2023-02-27 22:15:00,Books,194.32,1,5,184.61,East,Credit Card,28,0,1,2,Feb,Monday,1
ORD104368,2023-03-11 15:07:00,Home & Kitchen,1749.04,2,10,3148.26,West,UPI,37,1,2,3,Mar,Saturday,1
ORD104369,2023-01-11 20:27:00,Clothing,1253.41,2,0,2506.81,Central,COD,44,0,5,1,Jan,Wednesday,1
ORD104370,2023-02-24 12:53:00,Electronics,5550.9,2,20,8881.44,East,Debit Card,22,0,5,2,Feb,Friday,1
ORD104371,2023-04-14 09:13:00,Electronics,5309.67,2,0,10619.35,Central,Credit Card,36,0,3,4,Apr,Friday,2
ORD104372,2023-02-03 16:31:00,Sports,1205.46,1,20,964.37,South,Credit Card,54,0,5,2,Feb,Friday,1
ORD104373,2023-11-30 23:22:00,Home & Kitchen,3023.94,1,0,3023.94,Central,UPI,44,1,4,11,Nov,Thursday,4
ORD104374,2023-04-20 12:18:00,Clothing,2627.34,1,5,2495.97,West,Credit Card,30,0,5,4,Apr,Thursday,2
ORD104375,2023-02-18 07:45:00,Books,182.72,1,10,164.45,North,Credit Card,40,0,1,2,Feb,Saturday,1
ORD104376,2023-02-27 11:12:00,Sports,1703.22,3,0,5109.65,Central,Net Banking,64,0,3,2,Feb,Monday,1
ORD104377,2023-01-12 05:34:00,Home & Kitchen,1673.04,1,15,1422.08,South,UPI,22,0,5,1,Jan,Thursday,1
ORD104378,2023-05-16 05:02:00,Books,701.28,2,0,1402.55,East,UPI,33,0,3,5,May,Tuesday,2
ORD104379,2023-04-30 02:39:00,Clothing,1240.41,1,0,1240.41,North,Debit Card,27,0,3,4,Apr,Sunday,2
ORD104380,2023-08-19 14:08:00,Books,574.68,2,5,1091.9,North,UPI,55,0,4,8,Aug,Saturday,3
ORD104381,2023-02-03 00:03:00,Books,340.92,1,0,340.92,West,Debit Card,31,0,3,2,Feb,Friday,1
ORD104382,2023-05-20 03:36:00,Beauty,461.02,3,0,1383.05,South,UPI,25,0,1,5,May,Saturday,2
ORD104383,2023-05-03 17:41:00,Books,542.8,1,5,515.66,North,UPI,42,0,5,5,May,Wednesday,2
ORD104384,2023-11-12 09:06:00,Home & Kitchen,1835.88,1,20,1468.7,South,UPI,64,0,1,11,Nov,Sunday,4
ORD104385,2023-10-06 14:01:00,Books,669.65,2,0,1339.29,Central,Debit Card,25,0,5,10,Oct,Friday,4
ORD104386,2023-09-01 04:47:00,Sports,2207.32,3,5,6290.85,West,COD,26,0,4,9,Sep,Friday,3
ORD104387,2023-07-28 06:11:00,Sports,863.14,5,0,4315.68,South,UPI,46,0,4,7,Jul,Friday,3
ORD104388,2023-06-02 04:11:00,Home & Kitchen,2370.37,1,15,2014.82,East,UPI,55,0,5,6,Jun,Friday,2
ORD104389,2023-11-27 21:13:00,Beauty,1234.67,1,0,1234.67,South,Credit Card,63,0,3,11,Nov,Monday,4
ORD104390,2023-10-01 19:03:00,Electronics,17175.69,1,5,16316.9,North,UPI,40,0,4,10,Oct,Sunday,4
ORD104391,2023-09-27 13:06:00,Home & Kitchen,2669.1,1,15,2268.74,West,UPI,25,0,4,9,Sep,Wednesday,3
ORD104392,2023-01-07 04:34:00,Home & Kitchen,2194.48,1,5,2084.75,West,Credit Card,27,0,4,1,Jan,Saturday,1
ORD104393,2023-03-28 01:59:00,Beauty,1254.33,2,0,2508.66,South,Debit Card,22,1,4,3,Mar,Tuesday,1
ORD104394,2023-11-01 10:49:00,Electronics,7707.6,1,0,7707.6,South,UPI,20,0,5,11,Nov,Wednesday,4
ORD104395,2023-03-11 02:36:00,Home & Kitchen,2319.49,4,0,9277.96,East,UPI,62,0,4,3,Mar,Saturday,1
ORD104396,2023-10-26 00:00:00,Sports,1907.73,4,10,6867.83,East,Credit Card,37,0,4,10,Oct,Thursday,4
ORD104397,2023-06-10 00:03:00,Sports,2346.55,3,0,7039.65,North,Credit Card,26,0,3,6,Jun,Saturday,2
ORD104398,2023-06-20 18:00:00,Clothing,1414.89,1,10,1273.4,North,Debit Card,44,0,5,6,Jun,Tuesday,2
ORD104399,2023-11-12 14:05:00,Clothing,100.0,3,0,300.0,South,Debit Card,46,0,3,11,Nov,Sunday,4
ORD104400,2023-12-02 14:10:00,Electronics,9071.53,1,5,8617.96,South,UPI,35,0,3,12,Dec,Saturday,4
ORD104401,2023-10-04 12:36:00,Clothing,782.5,1,0,782.5,North,Debit Card,23,0,5,10,Oct,Wednesday,4
ORD104402,2023-02-08 20:24:00,Home & Kitchen,4363.1,1,10,3926.79,West,UPI,30,1,1,2,Feb,Wednesday,1
ORD104403,2023-01-13 08:20:00,Electronics,12656.67,1,15,10758.17,East,Debit Card,22,0,4,1,Jan,Friday,1
ORD104404,2023-09-11 03:36:00,Electronics,10273.96,1,10,9246.56,South,Credit Card,47,0,4,9,Sep,Monday,3
ORD104405,2023-08-31 00:29:00,Electronics,5655.63,1,5,5372.85,East,UPI,39,0,5,8,Aug,Thursday,3
ORD104406,2023-01-28 04:52:00,Home & Kitchen,2279.47,3,10,6154.56,South,Debit Card,48,0,5,1,Jan,Saturday,1
ORD104407,2023-03-09 05:23:00,Books,432.31,1,5,410.69,South,UPI,40,0,4,3,Mar,Thursday,1
ORD104408,2023-01-08 04:21:00,Home & Kitchen,2776.36,1,0,2776.36,South,UPI,40,1,5,1,Jan,Sunday,1
ORD104409,2023-05-19 02:09:00,Sports,1931.0,2,0,3862.01,North,Credit Card,24,0,5,5,May,Friday,2
ORD104410,2023-08-17 15:56:00,Books,484.13,2,5,919.84,South,UPI,18,0,4,8,Aug,Thursday,3
ORD104411,2023-04-17 21:11:00,Electronics,5748.38,1,10,5173.54,West,Debit Card,27,0,5,4,Apr,Monday,2
ORD104412,2023-06-11 03:14:00,Books,319.23,2,10,574.61,South,Credit Card,51,0,2,6,Jun,Sunday,2
ORD104413,2023-11-30 14:38:00,Electronics,12588.22,1,0,12588.22,East,Debit Card,43,0,5,11,Nov,Thursday,4
ORD104414,2023-12-13 04:17:00,Electronics,11962.49,5,20,47849.95,East,Net Banking,64,0,5,12,Dec,Wednesday,4
ORD104415,2023-10-27 17:22:00,Books,432.87,1,15,367.94,North,UPI,37,1,4,10,Oct,Friday,4
ORD104416,2023-02-24 03:36:00,Clothing,655.97,4,0,2623.87,North,UPI,42,0,1,2,Feb,Friday,1
ORD104417,2023-10-25 02:10:00,Sports,1787.54,1,0,1787.54,West,Credit Card,36,1,4,10,Oct,Wednesday,4
ORD104418,2023-12-26 09:46:00,Home & Kitchen,1687.92,5,0,8439.6,Central,Net Banking,19,0,4,12,Dec,Tuesday,4
ORD104419,2023-05-11 15:35:00,Home & Kitchen,1225.03,2,0,2450.06,West,Debit Card,59,0,4,5,May,Thursday,2
ORD104420,2023-12-12 13:08:00,Sports,2172.35,5,10,9775.59,South,Credit Card,44,0,2,12,Dec,Tuesday,4
ORD104421,2023-01-05 16:33:00,Electronics,11075.71,1,0,11075.71,East,UPI,46,0,5,1,Jan,Thursday,1
ORD104422,2023-01-13 16:47:00,Books,393.35,1,10,354.01,South,Credit Card,23,0,4,1,Jan,Friday,1
ORD104423,2023-10-13 02:36:00,Beauty,1254.96,1,0,1254.96,North,Credit Card,45,0,5,10,Oct,Friday,4
ORD104424,2023-05-30 19:54:00,Home & Kitchen,801.71,1,0,801.71,Central,UPI,47,0,5,5,May,Tuesday,2
ORD104425,2023-06-03 01:03:00,Home & Kitchen,2972.0,2,5,5646.81,West,Credit Card,18,0,4,6,Jun,Saturday,2
ORD104426,2023-09-28 06:25:00,Beauty,880.25,1,0,880.25,Central,COD,63,0,2,9,Sep,Thursday,3
ORD104427,2023-03-07 06:50:00,Beauty,1436.13,1,0,1436.13,East,COD,21,0,4,3,Mar,Tuesday,1
ORD104428,2023-10-04 08:32:00,Books,437.54,5,0,2187.7,West,UPI,21,0,3,10,Oct,Wednesday,4
ORD104429,2023-09-16 05:07:00,Electronics,5686.23,2,10,10235.22,South,Credit Card,55,0,3,9,Sep,Saturday,3
ORD104430,2023-07-30 10:17:00,Sports,456.93,1,15,388.39,West,UPI,46,0,3,7,Jul,Sunday,3
ORD104431,2023-01-05 05:04:00,Beauty,748.84,2,5,1422.79,South,UPI,42,0,4,1,Jan,Thursday,1
ORD104432,2023-09-09 21:47:00,Beauty,826.15,1,10,743.54,South,Net Banking,38,0,3,9,Sep,Saturday,3
ORD104433,2023-06-18 00:56:00,Books,383.03,1,10,344.73,South,Debit Card,26,1,5,6,Jun,Sunday,2
ORD104434,2023-02-01 00:01:00,Electronics,6484.41,1,0,6484.41,Central,Credit Card,47,0,4,2,Feb,Wednesday,1
ORD104435,2023-05-30 23:45:00,Clothing,793.22,3,10,2141.71,West,Credit Card,37,0,4,5,May,Tuesday,2
ORD104436,2023-02-26 19:00:00,Sports,806.1,1,5,765.79,North,Credit Card,22,0,4,2,Feb,Sunday,1
ORD104437,2023-10-18 02:07:00,Sports,966.5,1,5,918.18,East,UPI,49,0,4,10,Oct,Wednesday,4
ORD104438,2023-01-12 18:54:00,Electronics,6783.34,1,0,6783.34,North,UPI,19,0,4,1,Jan,Thursday,1
ORD104439,2023-11-18 04:52:00,Beauty,321.18,1,0,321.18,South,UPI,22,0,4,11,Nov,Saturday,4
ORD104440,2023-04-14 14:47:00,Home & Kitchen,2285.18,1,10,2056.66,Central,Debit Card,44,0,5,4,Apr,Friday,2
ORD104441,2023-08-24 23:45:00,Sports,1687.03,1,20,1349.63,Central,UPI,20,0,5,8,Aug,Thursday,3
ORD104442,2023-10-05 23:21:00,Electronics,2549.53,1,5,2422.06,East,Credit Card,34,0,4,10,Oct,Thursday,4
ORD104443,2023-10-08 13:30:00,Electronics,9831.67,1,5,9340.09,East,UPI,22,0,4,10,Oct,Sunday,4
ORD104444,2023-01-26 00:58:00,Electronics,9365.25,2,5,17793.97,Central,Net Banking,46,0,5,1,Jan,Thursday,1
ORD104445,2023-09-21 08:43:00,Sports,2389.71,2,10,4301.48,South,UPI,46,0,2,9,Sep,Thursday,3
ORD104446,2023-02-19 23:53:00,Electronics,8685.5,1,10,7816.95,South,COD,20,0,3,2,Feb,Sunday,1
ORD104447,2023-02-19 16:56:00,Electronics,8245.28,1,0,8245.28,North,UPI,56,0,4,2,Feb,Sunday,1
ORD104448,2023-11-06 17:41:00,Beauty,128.74,1,0,128.74,East,Debit Card,31,1,3,11,Nov,Monday,4
ORD104449,2023-09-14 04:48:00,Books,343.67,2,0,687.34,Central,COD,38,0,5,9,Sep,Thursday,3
ORD104450,2023-03-18 00:12:00,Books,583.75,4,20,1867.99,East,Net Banking,44,0,5,3,Mar,Saturday,1
ORD104451,2023-01-07 02:23:00,Beauty,602.79,1,5,572.65,South,UPI,24,1,2,1,Jan,Saturday,1
ORD104452,2023-05-23 13:26:00,Clothing,1585.6,1,0,1585.6,North,Credit Card,37,0,4,5,May,Tuesday,2
ORD104453,2023-10-22 19:38:00,Home & Kitchen,3330.7,1,5,3164.16,East,UPI,51,0,3,10,Oct,Sunday,4
ORD104454,2023-05-20 12:27:00,Beauty,733.33,5,0,3666.63,West,UPI,46,0,4,5,May,Saturday,2
ORD104455,2023-02-18 01:35:00,Electronics,7144.1,1,0,7144.1,South,UPI,58,0,4,2,Feb,Saturday,1
ORD104456,2023-01-09 04:45:00,Beauty,1186.99,1,15,1008.94,Central,COD,29,0,2,1,Jan,Monday,1
ORD104457,2023-09-17 04:58:00,Beauty,649.11,1,5,616.66,South,Debit Card,23,1,4,9,Sep,Sunday,3
ORD104458,2023-08-17 19:59:00,Sports,3089.31,1,0,3089.31,East,COD,51,0,5,8,Aug,Thursday,3
ORD104459,2023-07-20 04:02:00,Clothing,1004.62,2,0,2009.25,Central,UPI,33,0,5,7,Jul,Thursday,3
ORD104460,2023-09-12 08:44:00,Electronics,14648.52,1,5,13916.09,East,COD,57,0,2,9,Sep,Tuesday,3
ORD104461,2023-04-27 11:40:00,Home & Kitchen,2456.91,1,0,2456.91,South,Credit Card,32,0,1,4,Apr,Thursday,2
ORD104462,2023-04-24 11:29:00,Clothing,404.96,2,0,809.92,North,UPI,59,0,5,4,Apr,Monday,2
ORD104463,2023-03-23 19:06:00,Electronics,10566.74,4,0,42266.94,Central,COD,34,0,3,3,Mar,Thursday,1
ORD104464,2023-12-26 10:06:00,Sports,1545.78,1,0,1545.78,Central,UPI,54,0,4,12,Dec,Tuesday,4
ORD104465,2023-02-05 20:11:00,Home & Kitchen,2256.39,1,0,2256.39,East,UPI,27,0,4,2,Feb,Sunday,1
ORD104466,2023-05-27 21:55:00,Electronics,7867.97,1,10,7081.17,West,UPI,46,0,5,5,May,Saturday,2
ORD104467,2023-02-01 14:38:00,Electronics,9773.91,4,0,39095.66,South,UPI,36,0,4,2,Feb,Wednesday,1
ORD104468,2023-08-07 13:01:00,Books,540.84,1,0,540.84,North,UPI,36,0,2,8,Aug,Monday,3
ORD104469,2023-05-05 16:09:00,Sports,2711.36,2,0,5422.73,West,UPI,51,0,5,5,May,Friday,2
ORD104470,2023-03-31 06:57:00,Electronics,9110.84,3,0,27332.51,South,Credit Card,18,0,4,3,Mar,Friday,1
ORD104471,2023-08-07 02:22:00,Beauty,1139.31,3,10,3076.14,North,UPI,54,0,5,8,Aug,Monday,3
ORD104472,2023-05-16 17:45:00,Beauty,674.17,5,0,3370.86,East,UPI,43,0,4,5,May,Tuesday,2
ORD104473,2023-08-08 13:48:00,Beauty,1143.16,2,5,2172.0,East,UPI,22,0,4,8,Aug,Tuesday,3
ORD104474,2023-05-13 09:24:00,Beauty,1144.65,2,10,2060.37,North,COD,64,0,5,5,May,Saturday,2
ORD104475,2023-12-02 05:57:00,Books,135.18,1,10,121.66,South,COD,56,0,4,12,Dec,Saturday,4
ORD104476,2023-04-23 20:19:00,Home & Kitchen,1451.03,1,5,1378.48,West,Net Banking,46,1,4,4,Apr,Sunday,2
ORD104477,2023-02-24 19:05:00,Electronics,10682.41,5,10,48070.86,East,UPI,41,0,4,2,Feb,Friday,1
ORD104478,2023-09-13 23:47:00,Books,276.41,2,0,552.82,South,COD,39,0,4,9,Sep,Wednesday,3
ORD104479,2023-09-09 04:16:00,Books,387.15,2,0,774.31,South,UPI,26,0,5,9,Sep,Saturday,3
ORD104480,2023-02-12 15:26:00,Home & Kitchen,2681.25,3,10,7239.39,Central,UPI,21,0,2,2,Feb,Sunday,1
ORD104481,2023-02-21 23:43:00,Books,189.32,1,0,189.32,South,Net Banking,56,0,3,2,Feb,Tuesday,1
ORD104482,2023-04-04 12:28:00,Beauty,835.15,1,5,793.4,North,Credit Card,49,0,5,4,Apr,Tuesday,2
ORD104483,2023-12-27 12:59:00,Home & Kitchen,2607.51,1,10,2346.76,East,COD,37,1,5,12,Dec,Wednesday,4
ORD104484,2023-03-20 04:17:00,Home & Kitchen,1949.95,3,10,5264.86,North,COD,35,1,4,3,Mar,Monday,1
ORD104485,2023-08-15 13:54:00,Sports,1434.35,1,10,1290.91,Central,Credit Card,20,0,5,8,Aug,Tuesday,3
ORD104486,2023-11-16 09:30:00,Books,124.35,1,15,105.7,West,Net Banking,22,1,3,11,Nov,Thursday,4
ORD104487,2023-03-23 18:03:00,Beauty,422.97,2,10,761.35,South,UPI,54,0,5,3,Mar,Thursday,1
ORD104488,2023-07-31 03:51:00,Electronics,14103.88,1,20,11283.1,Central,UPI,52,0,5,7,Jul,Monday,3
ORD104489,2023-09-05 09:09:00,Sports,1210.87,1,10,1089.79,South,UPI,45,0,4,9,Sep,Tuesday,3
ORD104490,2023-04-18 09:03:00,Books,336.63,2,0,673.26,East,Debit Card,23,0,4,4,Apr,Tuesday,2
ORD104491,2023-07-13 17:09:00,Beauty,947.16,5,0,4735.78,North,UPI,34,0,4,7,Jul,Thursday,3
ORD104492,2023-11-23 13:53:00,Books,159.38,1,10,143.44,East,Credit Card,26,0,4,11,Nov,Thursday,4
ORD104493,2023-03-25 11:16:00,Books,343.96,2,15,584.73,Central,Debit Card,30,0,4,3,Mar,Saturday,1
ORD104494,2023-07-24 21:44:00,Electronics,8588.67,1,0,8588.67,East,Net Banking,40,0,5,7,Jul,Monday,3
ORD104495,2023-02-15 03:06:00,Beauty,1118.85,2,0,2237.69,Central,Credit Card,36,0,4,2,Feb,Wednesday,1
ORD104496,2023-10-07 17:05:00,Clothing,584.24,2,0,1168.49,Central,UPI,34,0,4,10,Oct,Saturday,4
ORD104497,2023-01-02 21:27:00,Clothing,1000.66,5,5,4753.13,South,UPI,48,0,2,1,Jan,Monday,1
ORD104498,2023-12-13 18:50:00,Books,358.56,2,0,717.11,East,Credit Card,33,0,4,12,Dec,Wednesday,4
ORD104499,2023-04-02 23:04:00,Sports,1642.92,2,0,3285.84,Central,Credit Card,36,0,5,4,Apr,Sunday,2
ORD104500,2023-08-03 17:01:00,Sports,2485.14,1,10,2236.62,West,Credit Card,62,0,4,8,Aug,Thursday,3
ORD104501,2023-06-27 03:52:00,Electronics,14420.81,1,0,14420.81,North,COD,21,0,4,6,Jun,Tuesday,2
ORD104502,2023-02-16 05:52:00,Clothing,1206.22,2,10,2171.19,East,UPI,42,0,4,2,Feb,Thursday,1
ORD104503,2023-05-23 02:51:00,Beauty,659.15,3,15,1680.83,South,UPI,45,0,5,5,May,Tuesday,2
ORD104504,2023-03-02 22:25:00,Electronics,8124.38,4,0,32497.52,North,UPI,50,0,3,3,Mar,Thursday,1
ORD104505,2023-09-28 13:00:00,Beauty,1056.7,2,5,2007.72,South,Credit Card,38,0,3,9,Sep,Thursday,3
ORD104506,2023-11-25 16:24:00,Electronics,7103.37,3,5,20244.61,North,COD,37,0,2,11,Nov,Saturday,4
ORD104507,2023-03-25 01:44:00,Clothing,1559.89,1,10,1403.9,South,UPI,42,0,4,3,Mar,Saturday,1
ORD104508,2023-10-09 18:39:00,Home & Kitchen,3802.02,1,0,3802.02,Central,COD,37,0,5,10,Oct,Monday,4
ORD104509,2023-02-11 02:51:00,Electronics,10995.5,1,10,9895.95,East,UPI,47,0,4,2,Feb,Saturday,1
ORD104510,2023-04-18 09:58:00,Electronics,12811.62,2,5,24342.09,West,Net Banking,24,0,1,4,Apr,Tuesday,2
ORD104511,2023-02-24 22:31:00,Clothing,1459.67,3,0,4379.0,North,Credit Card,47,0,3,2,Feb,Friday,1
ORD104512,2023-11-30 17:26:00,Home & Kitchen,3361.41,1,5,3193.34,North,Debit Card,32,0,5,11,Nov,Thursday,4
ORD104513,2023-11-19 12:56:00,Electronics,2268.34,1,0,2268.34,South,Debit Card,55,1,3,11,Nov,Sunday,4
ORD104514,2023-12-17 22:39:00,Books,629.88,2,0,1259.76,North,Debit Card,20,0,5,12,Dec,Sunday,4
ORD104515,2023-02-20 18:41:00,Books,196.14,5,0,980.7,East,Net Banking,55,0,5,2,Feb,Monday,1
ORD104516,2023-08-27 16:21:00,Beauty,815.93,1,5,775.14,East,COD,26,0,4,8,Aug,Sunday,3
ORD104517,2023-03-03 02:13:00,Beauty,1068.24,2,10,1922.82,West,UPI,43,0,4,3,Mar,Friday,1
ORD104518,2023-09-29 05:45:00,Books,577.05,2,5,1096.39,North,UPI,31,0,4,9,Sep,Friday,3
ORD104519,2023-10-13 16:43:00,Clothing,575.99,1,10,518.4,West,Credit Card,54,0,4,10,Oct,Friday,4
ORD104520,2023-08-30 04:49:00,Electronics,7286.38,1,5,6922.06,West,Credit Card,42,0,5,8,Aug,Wednesday,3
ORD104521,2023-04-27 14:07:00,Electronics,12031.16,1,5,11429.6,West,UPI,31,0,4,4,Apr,Thursday,2
ORD104522,2023-10-10 22:32:00,Electronics,7423.88,2,0,14847.76,North,Debit Card,19,0,3,10,Oct,Tuesday,4
ORD104523,2023-03-21 04:57:00,Home & Kitchen,1799.86,2,5,3419.74,South,Debit Card,56,0,5,3,Mar,Tuesday,1
ORD104524,2023-11-21 12:16:00,Sports,3140.43,1,0,3140.43,West,Credit Card,46,0,3,11,Nov,Tuesday,4
ORD104525,2023-10-02 06:31:00,Electronics,5252.68,2,10,9454.82,East,Net Banking,34,0,3,10,Oct,Monday,4
ORD104526,2023-08-18 13:35:00,Electronics,2921.14,2,0,5842.27,North,Net Banking,29,0,5,8,Aug,Friday,3
ORD104527,2023-04-04 09:35:00,Electronics,6214.05,3,15,15845.83,North,Debit Card,24,0,4,4,Apr,Tuesday,2
ORD104528,2023-10-09 11:50:00,Beauty,977.82,1,10,880.04,East,Credit Card,19,0,3,10,Oct,Monday,4
ORD104529,2023-01-17 00:10:00,Sports,2816.84,1,0,2816.84,East,Debit Card,64,0,4,1,Jan,Tuesday,1
ORD104530,2023-04-10 04:13:00,Books,313.55,2,15,533.03,West,COD,19,0,1,4,Apr,Monday,2
ORD104531,2023-03-04 12:37:00,Clothing,810.63,1,10,729.57,North,Debit Card,39,0,4,3,Mar,Saturday,1
ORD104532,2023-11-05 21:48:00,Home & Kitchen,2809.7,1,10,2528.73,West,Credit Card,37,0,3,11,Nov,Sunday,4
ORD104533,2023-05-13 12:42:00,Home & Kitchen,1558.35,1,5,1480.44,West,UPI,31,0,3,5,May,Saturday,2
ORD104534,2023-12-16 21:22:00,Home & Kitchen,2736.7,4,5,10399.46,North,Credit Card,21,0,5,12,Dec,Saturday,4
ORD104535,2023-03-02 07:36:00,Beauty,812.88,3,0,2438.64,East,Debit Card,28,0,5,3,Mar,Thursday,1
ORD104536,2023-02-15 10:03:00,Clothing,671.47,1,0,671.47,North,Net Banking,51,0,4,2,Feb,Wednesday,1
ORD104537,2023-03-16 12:04:00,Books,428.21,1,5,406.8,North,Credit Card,21,0,4,3,Mar,Thursday,1
ORD104538,2023-04-22 06:23:00,Electronics,11529.56,2,10,20753.21,North,COD,22,0,5,4,Apr,Saturday,2
ORD104539,2023-09-25 08:57:00,Beauty,1293.11,2,0,2586.23,South,UPI,58,0,4,9,Sep,Monday,3
ORD104540,2023-12-26 23:44:00,Clothing,1090.45,2,15,1853.76,North,Debit Card,59,0,5,12,Dec,Tuesday,4
ORD104541,2023-10-23 04:18:00,Clothing,1234.08,2,0,2468.17,Central,Net Banking,28,0,4,10,Oct,Monday,4
ORD104542,2023-02-03 07:01:00,Sports,1527.36,1,15,1298.25,North,UPI,22,0,4,2,Feb,Friday,1
ORD104543,2023-08-06 19:51:00,Electronics,10230.04,1,0,10230.04,North,Net Banking,46,0,3,8,Aug,Sunday,3
ORD104544,2023-04-28 01:09:00,Books,428.43,2,5,814.02,North,UPI,25,0,5,4,Apr,Friday,2
ORD104545,2023-07-13 15:46:00,Electronics,7597.29,5,0,37986.45,East,Debit Card,20,1,5,7,Jul,Thursday,3
ORD104546,2023-10-09 12:44:00,Beauty,1066.61,5,10,4799.73,East,Credit Card,18,0,2,10,Oct,Monday,4
ORD104547,2023-04-29 21:55:00,Clothing,1338.75,5,5,6359.05,Central,Net Banking,21,0,3,4,Apr,Saturday,2
ORD104548,2023-06-08 17:05:00,Clothing,662.76,4,0,2651.05,North,UPI,43,0,4,6,Jun,Thursday,2
ORD104549,2023-03-02 08:58:00,Electronics,6888.17,5,0,34440.84,West,Credit Card,26,0,4,3,Mar,Thursday,1
ORD104550,2023-09-09 16:52:00,Clothing,219.93,1,0,219.93,Central,Debit Card,50,0,2,9,Sep,Saturday,3
ORD104551,2023-06-13 15:15:00,Electronics,6915.59,1,0,6915.59,Central,UPI,58,0,5,6,Jun,Tuesday,2
ORD104552,2023-02-26 04:34:00,Beauty,718.04,2,0,1436.08,North,COD,37,0,4,2,Feb,Sunday,1
ORD104553,2023-06-18 03:08:00,Home & Kitchen,3071.16,1,0,3071.16,South,Credit Card,44,1,5,6,Jun,Sunday,2
ORD104554,2023-09-12 16:06:00,Sports,2409.91,2,0,4819.81,East,UPI,48,0,4,9,Sep,Tuesday,3
ORD104555,2023-07-12 20:02:00,Clothing,1604.05,1,0,1604.05,Central,Credit Card,35,0,3,7,Jul,Wednesday,3
ORD104556,2023-07-16 00:09:00,Clothing,1256.96,1,5,1194.11,East,Debit Card,49,1,5,7,Jul,Sunday,3
ORD104557,2023-07-09 08:27:00,Home & Kitchen,2816.59,2,15,4788.2,West,Credit Card,47,0,5,7,Jul,Sunday,3
ORD104558,2023-07-03 02:28:00,Electronics,12912.11,3,15,32925.88,North,UPI,18,0,3,7,Jul,Monday,3
ORD104559,2023-02-01 16:29:00,Clothing,1566.27,1,15,1331.33,North,UPI,35,0,3,2,Feb,Wednesday,1
ORD104560,2023-11-30 15:34:00,Books,399.93,3,10,1079.81,South,Credit Card,25,1,5,11,Nov,Thursday,4
ORD104561,2023-02-01 06:06:00,Beauty,599.32,2,15,1018.85,West,UPI,61,0,5,2,Feb,Wednesday,1
ORD104562,2023-09-29 00:49:00,Clothing,2048.45,1,0,2048.45,South,Net Banking,43,0,5,9,Sep,Friday,3
ORD104563,2023-02-07 09:32:00,Books,273.16,2,0,546.32,East,Debit Card,35,0,5,2,Feb,Tuesday,1
ORD104564,2023-04-03 12:03:00,Beauty,1257.06,1,0,1257.06,South,Credit Card,23,0,4,4,Apr,Monday,2
ORD104565,2023-05-13 12:43:00,Books,443.82,1,0,443.82,Central,Credit Card,21,0,2,5,May,Saturday,2
ORD104566,2023-08-19 05:35:00,Clothing,191.98,1,5,182.39,Central,Net Banking,47,0,4,8,Aug,Saturday,3
ORD104567,2023-08-18 13:27:00,Electronics,2363.13,1,0,2363.13,East,UPI,37,0,3,8,Aug,Friday,3
ORD104568,2023-12-01 12:43:00,Home & Kitchen,729.53,2,5,1386.1,South,UPI,48,0,5,12,Dec,Friday,4
ORD104569,2023-12-28 06:21:00,Electronics,12712.65,1,10,11441.38,South,Debit Card,32,0,3,12,Dec,Thursday,4
ORD104570,2023-09-01 13:44:00,Home & Kitchen,2306.64,1,5,2191.3,South,UPI,49,0,3,9,Sep,Friday,3
ORD104571,2023-04-22 16:27:00,Clothing,1970.73,4,10,7094.64,Central,Net Banking,40,0,4,4,Apr,Saturday,2
ORD104572,2023-01-27 13:57:00,Sports,1950.19,1,5,1852.68,North,Debit Card,34,0,5,1,Jan,Friday,1
ORD104573,2023-09-25 12:37:00,Sports,1536.12,1,5,1459.31,South,UPI,42,0,4,9,Sep,Monday,3
ORD104574,2023-06-21 11:49:00,Beauty,995.78,2,0,1991.57,South,UPI,32,0,5,6,Jun,Wednesday,2
ORD104575,2023-01-14 21:33:00,Books,429.09,1,5,407.63,Central,Debit Card,57,0,2,1,Jan,Saturday,1
ORD104576,2023-04-13 18:26:00,Home & Kitchen,2223.55,1,5,2112.37,North,COD,38,0,4,4,Apr,Thursday,2
ORD104577,2023-11-02 14:27:00,Books,683.13,1,10,614.82,East,Debit Card,55,0,4,11,Nov,Thursday,4
ORD104578,2023-04-09 21:41:00,Books,323.87,3,10,874.46,East,Credit Card,55,1,5,4,Apr,Sunday,2
ORD104579,2023-08-31 16:38:00,Electronics,9806.69,5,5,46581.79,West,Credit Card,29,0,3,8,Aug,Thursday,3
ORD104580,2023-06-26 08:10:00,Books,320.63,3,20,769.52,West,Net Banking,50,0,4,6,Jun,Monday,2
ORD104581,2023-12-27 00:15:00,Sports,1647.6,1,15,1400.46,Central,UPI,53,0,5,12,Dec,Wednesday,4
ORD104582,2023-09-02 06:55:00,Clothing,1155.28,1,0,1155.28,West,Debit Card,57,0,1,9,Sep,Saturday,3
ORD104583,2023-08-22 23:13:00,Clothing,100.0,2,0,200.0,South,UPI,39,1,3,8,Aug,Tuesday,3
ORD104584,2023-03-31 20:09:00,Clothing,1911.07,1,10,1719.96,West,UPI,21,0,2,3,Mar,Friday,1
ORD104585,2023-08-26 11:41:00,Electronics,7342.85,3,0,22028.56,West,Credit Card,47,0,4,8,Aug,Saturday,3
ORD104586,2023-09-09 03:27:00,Electronics,5334.06,1,10,4800.65,South,UPI,26,0,3,9,Sep,Saturday,3
ORD104587,2023-03-22 19:56:00,Books,141.77,1,0,141.77,Central,UPI,30,0,1,3,Mar,Wednesday,1
ORD104588,2023-05-18 17:25:00,Books,500.68,5,0,2503.38,Central,Credit Card,54,0,4,5,May,Thursday,2
ORD104589,2023-07-11 05:06:00,Electronics,5346.6,2,15,9089.23,West,COD,40,0,5,7,Jul,Tuesday,3
ORD104590,2023-04-17 18:54:00,Electronics,12189.01,1,0,12189.01,South,UPI,33,0,1,4,Apr,Monday,2
ORD104591,2023-07-31 18:50:00,Clothing,993.65,2,0,1987.3,Central,UPI,39,0,4,7,Jul,Monday,3
ORD104592,2023-04-05 21:25:00,Books,289.36,1,0,289.36,East,Credit Card,37,0,5,4,Apr,Wednesday,2
ORD104593,2023-02-01 13:34:00,Electronics,8320.28,1,0,8320.28,North,Net Banking,45,1,4,2,Feb,Wednesday,1
ORD104594,2023-08-26 00:58:00,Home & Kitchen,1727.42,1,10,1554.68,South,Net Banking,64,0,5,8,Aug,Saturday,3
ORD104595,2023-07-24 06:28:00,Electronics,13232.55,2,0,26465.1,North,Net Banking,33,0,4,7,Jul,Monday,3
ORD104596,2023-01-06 01:18:00,Beauty,459.04,2,0,918.07,Central,UPI,51,0,4,1,Jan,Friday,1
ORD104597,2023-07-31 14:11:00,Clothing,1129.92,1,15,960.43,East,COD,24,1,2,7,Jul,Monday,3
ORD104598,2023-10-23 07:54:00,Home & Kitchen,1020.93,4,5,3879.54,North,Net Banking,39,0,5,10,Oct,Monday,4
ORD104599,2023-03-23 18:17:00,Home & Kitchen,1818.13,1,0,1818.13,West,Credit Card,24,0,5,3,Mar,Thursday,1
ORD104600,2023-10-12 00:34:00,Clothing,891.36,1,0,891.36,South,COD,33,0,4,10,Oct,Thursday,4
ORD104601,2023-07-23 10:16:00,Electronics,4710.88,1,0,4710.88,North,UPI,52,0,4,7,Jul,Sunday,3
ORD104602,2023-11-12 23:39:00,Books,553.52,1,10,498.16,Central,UPI,18,0,2,11,Nov,Sunday,4
ORD104603,2023-11-06 07:47:00,Beauty,1172.18,2,0,2344.36,Central,UPI,34,0,4,11,Nov,Monday,4
ORD104604,2023-12-25 05:48:00,Home & Kitchen,2368.0,1,10,2131.2,West,UPI,55,0,5,12,Dec,Monday,4
ORD104605,2023-03-23 18:07:00,Electronics,7774.47,1,5,7385.74,West,UPI,61,0,5,3,Mar,Thursday,1
ORD104606,2023-01-25 09:49:00,Beauty,985.46,1,0,985.46,Central,Net Banking,42,0,4,1,Jan,Wednesday,1
ORD104607,2023-03-06 13:45:00,Electronics,9938.03,1,0,9938.03,West,Credit Card,50,0,4,3,Mar,Monday,1
ORD104608,2023-06-19 05:29:00,Beauty,599.59,1,5,569.61,South,Credit Card,34,0,3,6,Jun,Monday,2
ORD104609,2023-07-02 06:37:00,Books,708.87,2,15,1205.08,West,UPI,19,0,5,7,Jul,Sunday,3
ORD104610,2023-11-17 18:23:00,Beauty,615.39,4,5,2338.48,North,Credit Card,29,0,3,11,Nov,Friday,4
ORD104611,2023-09-16 17:27:00,Electronics,3433.29,1,0,3433.29,East,Net Banking,34,0,1,9,Sep,Saturday,3
ORD104612,2023-09-11 11:48:00,Home & Kitchen,2857.24,1,5,2714.38,West,Net Banking,49,0,5,9,Sep,Monday,3
ORD104613,2023-03-28 01:34:00,Electronics,2942.02,3,5,8384.75,North,Debit Card,32,0,5,3,Mar,Tuesday,1
ORD104614,2023-10-17 05:38:00,Electronics,8945.64,1,5,8498.36,North,UPI,35,0,4,10,Oct,Tuesday,4
ORD104615,2023-07-10 09:56:00,Electronics,4834.79,1,10,4351.31,South,Credit Card,53,0,3,7,Jul,Monday,3
ORD104616,2023-05-13 17:36:00,Books,263.99,2,0,527.98,North,Credit Card,22,0,2,5,May,Saturday,2
ORD104617,2023-03-22 11:12:00,Clothing,1387.34,3,0,4162.03,South,UPI,27,0,4,3,Mar,Wednesday,1
ORD104618,2023-03-27 07:22:00,Electronics,3926.92,4,0,15707.69,North,UPI,26,1,5,3,Mar,Monday,1
ORD104619,2023-11-30 10:22:00,Books,654.34,4,5,2486.5,North,UPI,22,0,3,11,Nov,Thursday,4
ORD104620,2023-04-26 10:18:00,Beauty,906.49,1,0,906.49,East,Debit Card,40,0,4,4,Apr,Wednesday,2
ORD104621,2023-01-18 07:54:00,Beauty,1344.39,2,10,2419.91,West,Credit Card,29,0,3,1,Jan,Wednesday,1
ORD104622,2023-10-14 09:44:00,Sports,2023.44,2,0,4046.88,South,Debit Card,21,0,5,10,Oct,Saturday,4
ORD104623,2023-04-09 05:18:00,Clothing,814.84,2,15,1385.23,South,UPI,51,0,4,4,Apr,Sunday,2
ORD104624,2023-10-31 13:08:00,Clothing,1504.86,3,0,4514.57,North,Net Banking,30,0,4,10,Oct,Tuesday,4
ORD104625,2023-06-27 18:47:00,Electronics,6275.57,1,0,6275.57,Central,COD,22,0,5,6,Jun,Tuesday,2
ORD104626,2023-03-04 04:53:00,Clothing,2374.01,1,15,2017.91,East,Debit Card,56,0,2,3,Mar,Saturday,1
ORD104627,2023-03-24 18:03:00,Electronics,10327.86,2,5,19622.93,West,Debit Card,18,0,3,3,Mar,Friday,1
ORD104628,2023-07-21 10:58:00,Sports,1508.64,1,5,1433.2,Central,Credit Card,24,0,4,7,Jul,Friday,3
ORD104629,2023-01-29 03:09:00,Clothing,743.44,1,0,743.44,South,COD,34,0,4,1,Jan,Sunday,1
ORD104630,2023-04-12 02:30:00,Home & Kitchen,3437.41,3,0,10312.24,West,UPI,18,0,3,4,Apr,Wednesday,2
ORD104631,2023-05-23 05:04:00,Books,502.19,3,0,1506.58,North,UPI,47,0,4,5,May,Tuesday,2
ORD104632,2023-05-18 20:05:00,Sports,1805.33,1,5,1715.07,Central,UPI,30,0,4,5,May,Thursday,2
ORD104633,2023-06-25 19:50:00,Home & Kitchen,2907.98,4,0,11631.94,North,Credit Card,37,0,5,6,Jun,Sunday,2
ORD104634,2023-07-22 14:04:00,Clothing,586.6,1,10,527.94,South,UPI,47,0,3,7,Jul,Saturday,3
ORD104635,2023-04-29 23:25:00,Books,171.24,1,5,162.68,South,COD,54,0,4,4,Apr,Saturday,2
ORD104636,2023-08-31 10:09:00,Books,433.32,2,0,866.63,Central,Debit Card,42,0,5,8,Aug,Thursday,3
ORD104637,2023-05-09 12:06:00,Home & Kitchen,2130.08,1,10,1917.07,South,Debit Card,32,0,4,5,May,Tuesday,2
ORD104638,2023-08-06 03:28:00,Sports,2779.98,1,0,2779.98,South,UPI,19,0,4,8,Aug,Sunday,3
ORD104639,2023-10-31 05:42:00,Sports,2600.75,2,5,4941.42,Central,COD,27,0,1,10,Oct,Tuesday,4
ORD104640,2023-03-12 08:03:00,Books,360.08,2,0,720.17,South,UPI,26,0,4,3,Mar,Sunday,1
ORD104641,2023-02-02 11:44:00,Electronics,4020.24,1,15,3417.21,South,Net Banking,47,1,3,2,Feb,Thursday,1
ORD104642,2023-01-06 10:06:00,Books,427.99,5,10,1925.97,East,UPI,55,0,5,1,Jan,Friday,1
ORD104643,2023-02-21 18:40:00,Clothing,100.0,5,0,500.0,North,UPI,23,0,4,2,Feb,Tuesday,1
ORD104644,2023-01-26 16:54:00,Beauty,1063.74,1,0,1063.74,West,Credit Card,61,0,3,1,Jan,Thursday,1
ORD104645,2023-08-25 20:08:00,Sports,2191.48,1,0,2191.48,East,Credit Card,43,0,2,8,Aug,Friday,3
ORD104646,2023-07-11 22:47:00,Clothing,2116.91,1,5,2011.07,East,Net Banking,20,0,4,7,Jul,Tuesday,3
ORD104647,2023-02-17 16:34:00,Clothing,1449.75,3,10,3914.33,South,Debit Card,18,0,4,2,Feb,Friday,1
ORD104648,2023-11-18 21:20:00,Books,265.45,1,5,252.17,Central,Debit Card,33,0,3,11,Nov,Saturday,4
ORD104649,2023-04-03 23:59:00,Sports,2807.11,2,0,5614.22,North,UPI,20,1,4,4,Apr,Monday,2
ORD104650,2023-09-05 15:02:00,Sports,1873.24,1,5,1779.58,West,Credit Card,48,0,4,9,Sep,Tuesday,3
ORD104651,2023-10-22 06:13:00,Home & Kitchen,3354.68,1,0,3354.68,South,Debit Card,41,0,5,10,Oct,Sunday,4
ORD104652,2023-10-29 17:27:00,Sports,802.48,2,0,1604.95,East,UPI,54,0,4,10,Oct,Sunday,4
ORD104653,2023-01-30 05:21:00,Sports,787.25,1,5,747.88,West,Debit Card,57,0,2,1,Jan,Monday,1
ORD104654,2023-05-29 13:17:00,Beauty,898.51,3,15,2291.2,North,Net Banking,24,0,3,5,May,Monday,2
ORD104655,2023-11-22 16:50:00,Books,144.7,4,5,549.87,East,Debit Card,42,0,4,11,Nov,Wednesday,4
ORD104656,2023-04-09 23:34:00,Sports,3198.79,3,0,9596.38,South,COD,45,0,3,4,Apr,Sunday,2
ORD104657,2023-12-25 13:45:00,Books,239.17,1,10,215.26,West,UPI,27,0,4,12,Dec,Monday,4
ORD104658,2023-01-10 23:32:00,Clothing,1812.64,2,0,3625.28,East,UPI,52,0,4,1,Jan,Tuesday,1
ORD104659,2023-12-04 18:49:00,Clothing,488.02,1,0,488.02,South,UPI,38,0,5,12,Dec,Monday,4
ORD104660,2023-11-23 10:47:00,Clothing,1092.61,1,0,1092.61,East,UPI,49,0,4,11,Nov,Thursday,4
ORD104661,2023-07-20 05:35:00,Sports,1752.2,1,0,1752.2,South,UPI,40,0,3,7,Jul,Thursday,3
ORD104662,2023-01-05 03:34:00,Books,273.38,2,10,492.08,South,UPI,27,0,3,1,Jan,Thursday,1
ORD104663,2023-11-22 12:10:00,Beauty,717.31,2,5,1362.89,East,Credit Card,20,0,5,11,Nov,Wednesday,4
ORD104664,2023-07-30 06:37:00,Sports,1889.33,4,10,6801.6,East,Net Banking,63,0,5,7,Jul,Sunday,3
ORD104665,2023-01-07 02:54:00,Beauty,1517.8,1,0,1517.8,South,Debit Card,22,1,4,1,Jan,Saturday,1
ORD104666,2023-05-21 02:18:00,Clothing,1016.1,2,0,2032.2,Central,Credit Card,32,0,1,5,May,Sunday,2
ORD104667,2023-01-06 00:38:00,Sports,2673.12,1,0,2673.12,West,UPI,52,0,3,1,Jan,Friday,1
ORD104668,2023-08-16 01:08:00,Beauty,1065.3,4,10,3835.09,West,UPI,39,0,2,8,Aug,Wednesday,3
ORD104669,2023-06-25 01:37:00,Books,335.52,4,5,1274.97,East,Credit Card,20,0,2,6,Jun,Sunday,2
ORD104670,2023-02-04 15:53:00,Clothing,977.06,3,15,2491.5,East,Debit Card,40,0,3,2,Feb,Saturday,1
ORD104671,2023-04-29 19:04:00,Electronics,7396.19,1,0,7396.19,North,Debit Card,58,0,1,4,Apr,Saturday,2
ORD104672,2023-10-22 07:15:00,Electronics,8248.27,3,5,23507.56,East,Debit Card,32,0,4,10,Oct,Sunday,4
ORD104673,2023-11-14 05:08:00,Sports,1778.85,1,10,1600.97,South,UPI,34,0,5,11,Nov,Tuesday,4
ORD104674,2023-02-17 02:37:00,Home & Kitchen,2144.37,1,5,2037.16,South,UPI,26,0,5,2,Feb,Friday,1
ORD104675,2023-12-22 01:26:00,Electronics,9146.42,1,0,9146.42,North,COD,46,0,5,12,Dec,Friday,4
ORD104676,2023-08-25 15:42:00,Clothing,1267.8,2,10,2282.04,North,UPI,52,0,4,8,Aug,Friday,3
ORD104677,2023-07-24 03:59:00,Books,540.77,2,0,1081.54,West,Net Banking,31,0,5,7,Jul,Monday,3
ORD104678,2023-08-31 13:55:00,Electronics,8344.67,1,5,7927.44,South,UPI,42,0,5,8,Aug,Thursday,3
ORD104679,2023-12-29 16:45:00,Clothing,849.34,3,5,2420.61,East,UPI,59,0,3,12,Dec,Friday,4
ORD104680,2023-06-16 07:29:00,Sports,1941.95,4,5,7379.43,South,UPI,50,0,1,6,Jun,Friday,2
ORD104681,2023-02-16 14:52:00,Home & Kitchen,262.87,1,10,236.58,West,Debit Card,38,0,3,2,Feb,Thursday,1
ORD104682,2023-12-11 03:13:00,Clothing,1409.21,2,15,2395.66,South,Debit Card,49,0,5,12,Dec,Monday,4
ORD104683,2023-01-07 20:59:00,Electronics,10117.53,2,0,20235.06,Central,UPI,52,0,2,1,Jan,Saturday,1
ORD104684,2023-02-17 13:19:00,Beauty,1050.11,2,5,1995.2,South,COD,23,0,5,2,Feb,Friday,1
ORD104685,2023-02-20 12:22:00,Beauty,985.21,3,10,2660.08,East,Net Banking,28,0,5,2,Feb,Monday,1
ORD104686,2023-03-01 23:12:00,Books,100.0,1,5,95.0,West,UPI,37,0,5,3,Mar,Wednesday,1
ORD104687,2023-12-04 12:33:00,Home & Kitchen,2313.37,1,10,2082.03,East,Credit Card,43,0,5,12,Dec,Monday,4
ORD104688,2023-01-17 13:54:00,Home & Kitchen,1916.54,2,10,3449.78,South,Debit Card,42,0,3,1,Jan,Tuesday,1
ORD104689,2023-05-30 05:39:00,Sports,3346.74,1,5,3179.4,North,Net Banking,44,0,3,5,May,Tuesday,2
ORD104690,2023-02-05 15:20:00,Home & Kitchen,2213.26,1,15,1881.27,East,UPI,34,0,3,2,Feb,Sunday,1
ORD104691,2023-08-14 00:05:00,Sports,1883.74,2,0,3767.47,West,Credit Card,53,1,5,8,Aug,Monday,3
ORD104692,2023-04-07 05:19:00,Sports,908.82,2,0,1817.64,South,UPI,36,0,5,4,Apr,Friday,2
ORD104693,2023-05-27 17:14:00,Clothing,1226.89,4,0,4907.57,West,UPI,28,0,2,5,May,Saturday,2
ORD104694,2023-02-09 15:10:00,Books,680.69,2,0,1361.37,South,UPI,28,0,5,2,Feb,Thursday,1
ORD104695,2023-06-21 06:32:00,Home & Kitchen,2196.04,1,10,1976.44,West,Credit Card,63,0,5,6,Jun,Wednesday,2
ORD104696,2023-10-19 00:10:00,Home & Kitchen,3507.42,1,15,2981.31,East,Net Banking,62,0,1,10,Oct,Thursday,4
ORD104697,2023-07-09 23:14:00,Sports,1590.56,3,0,4771.69,West,Net Banking,29,1,5,7,Jul,Sunday,3
ORD104698,2023-08-03 17:36:00,Clothing,1801.68,2,10,3243.03,North,UPI,41,0,5,8,Aug,Thursday,3
ORD104699,2023-03-30 06:33:00,Home & Kitchen,682.41,1,0,682.41,West,Debit Card,36,0,5,3,Mar,Thursday,1
ORD104700,2023-02-02 20:00:00,Books,527.55,1,15,448.41,North,Credit Card,60,1,3,2,Feb,Thursday,1
ORD104701,2023-09-14 10:40:00,Clothing,1576.23,1,0,1576.23,East,Credit Card,31,0,4,9,Sep,Thursday,3
ORD104702,2023-03-31 02:25:00,Books,485.68,1,0,485.68,East,UPI,58,0,3,3,Mar,Friday,1
ORD104703,2023-11-05 00:53:00,Sports,2188.31,2,10,3938.96,North,Credit Card,39,0,5,11,Nov,Sunday,4
ORD104704,2023-09-02 17:04:00,Clothing,1497.06,2,10,2694.71,East,Debit Card,27,0,4,9,Sep,Saturday,3
ORD104705,2023-06-06 15:54:00,Electronics,9179.62,1,0,9179.62,West,Debit Card,41,0,5,6,Jun,Tuesday,2
ORD104706,2023-04-24 14:32:00,Books,208.92,4,5,793.9,Central,UPI,41,0,1,4,Apr,Monday,2
ORD104707,2023-08-23 01:25:00,Clothing,1465.12,1,5,1391.86,West,UPI,50,0,4,8,Aug,Wednesday,3
ORD104708,2023-11-30 11:56:00,Home & Kitchen,1225.53,1,10,1102.98,West,UPI,47,0,5,11,Nov,Thursday,4
ORD104709,2023-08-28 04:43:00,Home & Kitchen,4537.06,1,10,4083.35,West,Debit Card,27,0,4,8,Aug,Monday,3
ORD104710,2023-10-11 02:23:00,Home & Kitchen,2308.69,1,10,2077.82,East,Net Banking,48,0,4,10,Oct,Wednesday,4
ORD104711,2023-09-23 11:52:00,Electronics,9943.5,2,10,17898.3,Central,Debit Card,56,0,4,9,Sep,Saturday,3
ORD104712,2023-01-18 01:09:00,Sports,2346.48,2,10,4223.67,West,Credit Card,22,0,5,1,Jan,Wednesday,1
ORD104713,2023-03-27 18:53:00,Beauty,1028.26,1,0,1028.26,North,UPI,21,0,5,3,Mar,Monday,1
ORD104714,2023-06-07 10:02:00,Sports,1116.65,1,0,1116.65,West,Debit Card,50,0,5,6,Jun,Wednesday,2
ORD104715,2023-07-17 00:18:00,Sports,1445.94,1,0,1445.94,South,UPI,43,0,3,7,Jul,Monday,3
ORD104716,2023-01-18 10:57:00,Home & Kitchen,2032.42,2,0,4064.83,North,UPI,62,0,5,1,Jan,Wednesday,1
ORD104717,2023-08-16 08:58:00,Clothing,1653.51,1,5,1570.83,West,Credit Card,43,0,4,8,Aug,Wednesday,3
ORD104718,2023-04-19 00:25:00,Clothing,811.0,1,15,689.35,West,Debit Card,33,0,5,4,Apr,Wednesday,2
ORD104719,2023-04-19 00:52:00,Beauty,558.21,4,10,2009.54,West,Credit Card,26,0,4,4,Apr,Wednesday,2
ORD104720,2023-10-08 04:11:00,Electronics,7188.23,4,0,28752.91,South,Credit Card,49,0,5,10,Oct,Sunday,4
ORD104721,2023-10-22 20:17:00,Home & Kitchen,4147.12,1,20,3317.69,North,Credit Card,31,0,3,10,Oct,Sunday,4
ORD104722,2023-08-20 16:41:00,Sports,2166.01,1,5,2057.71,Central,Credit Card,51,0,5,8,Aug,Sunday,3
ORD104723,2023-09-15 10:43:00,Clothing,818.95,1,5,778.0,Central,Net Banking,60,0,4,9,Sep,Friday,3
ORD104724,2023-07-18 15:48:00,Electronics,7025.95,1,0,7025.95,South,Credit Card,49,0,1,7,Jul,Tuesday,3
ORD104725,2023-06-05 21:52:00,Clothing,856.25,1,5,813.44,South,Debit Card,44,0,5,6,Jun,Monday,2
ORD104726,2023-11-13 16:48:00,Beauty,907.26,1,5,861.89,West,COD,55,0,2,11,Nov,Monday,4
ORD104727,2023-06-11 20:20:00,Electronics,11240.75,1,0,11240.75,North,Net Banking,27,0,4,6,Jun,Sunday,2
ORD104728,2023-06-04 18:08:00,Beauty,1669.59,3,15,4257.45,South,Net Banking,41,0,5,6,Jun,Sunday,2
ORD104729,2023-08-22 01:16:00,Beauty,1326.1,2,0,2652.2,Central,Credit Card,51,0,5,8,Aug,Tuesday,3
ORD104730,2023-02-09 17:55:00,Beauty,1457.98,1,0,1457.98,West,Debit Card,42,0,1,2,Feb,Thursday,1
ORD104731,2023-01-16 13:25:00,Home & Kitchen,1775.7,5,5,8434.6,South,UPI,52,0,2,1,Jan,Monday,1
ORD104732,2023-02-05 12:48:00,Electronics,5313.19,1,0,5313.19,South,Credit Card,43,0,5,2,Feb,Sunday,1
ORD104733,2023-01-08 15:12:00,Beauty,1505.25,1,15,1279.46,Central,Credit Card,29,0,4,1,Jan,Sunday,1
ORD104734,2023-11-12 02:43:00,Sports,1956.58,2,10,3521.84,Central,Net Banking,31,0,3,11,Nov,Sunday,4
ORD104735,2023-09-09 03:35:00,Clothing,1140.29,1,0,1140.29,South,Credit Card,55,0,4,9,Sep,Saturday,3
ORD104736,2023-04-15 07:29:00,Books,376.07,1,10,338.46,North,Credit Card,37,0,5,4,Apr,Saturday,2
ORD104737,2023-10-01 13:52:00,Electronics,6965.4,3,20,16716.96,East,Credit Card,43,0,2,10,Oct,Sunday,4
ORD104738,2023-07-27 18:18:00,Clothing,276.91,1,10,249.21,South,UPI,57,1,5,7,Jul,Thursday,3
ORD104739,2023-12-23 18:34:00,Beauty,379.7,2,0,759.39,South,COD,38,0,4,12,Dec,Saturday,4
ORD104740,2023-12-12 07:20:00,Electronics,11473.28,1,0,11473.28,East,Debit Card,64,0,5,12,Dec,Tuesday,4
ORD104741,2023-11-04 22:01:00,Beauty,619.19,1,10,557.27,North,UPI,28,0,3,11,Nov,Saturday,4
ORD104742,2023-11-09 13:28:00,Sports,2343.9,1,5,2226.7,North,COD,26,0,2,11,Nov,Thursday,4
ORD104743,2023-04-02 02:39:00,Sports,1435.8,1,0,1435.8,East,Net Banking,54,0,5,4,Apr,Sunday,2
ORD104744,2023-04-08 00:23:00,Home & Kitchen,1333.02,3,15,3399.2,East,COD,25,0,4,4,Apr,Saturday,2
ORD104745,2023-03-25 08:14:00,Sports,1252.19,3,15,3193.08,Central,COD,43,0,4,3,Mar,Saturday,1
ORD104746,2023-05-23 21:50:00,Beauty,1139.54,5,0,5697.68,South,Net Banking,42,0,5,5,May,Tuesday,2
ORD104747,2023-03-17 22:43:00,Beauty,1012.09,2,15,1720.55,North,Credit Card,59,0,4,3,Mar,Friday,1
ORD104748,2023-02-27 13:30:00,Sports,3058.49,3,0,9175.46,Central,Net Banking,18,0,5,2,Feb,Monday,1
ORD104749,2023-07-17 20:24:00,Electronics,13639.12,3,5,38871.49,East,Debit Card,27,0,4,7,Jul,Monday,3
ORD104750,2023-02-28 10:56:00,Beauty,1150.63,2,15,1956.07,Central,Credit Card,32,0,4,2,Feb,Tuesday,1
ORD104751,2023-02-22 12:41:00,Electronics,11473.85,1,5,10900.16,East,Net Banking,55,0,4,2,Feb,Wednesday,1
ORD104752,2023-12-03 04:57:00,Sports,2262.15,1,15,1922.83,Central,UPI,18,0,4,12,Dec,Sunday,4
ORD104753,2023-04-13 14:49:00,Electronics,7220.48,2,0,14440.97,North,UPI,63,0,3,4,Apr,Thursday,2
ORD104754,2023-11-03 04:26:00,Electronics,6997.1,1,10,6297.39,East,UPI,44,1,2,11,Nov,Friday,4
ORD104755,2023-04-15 00:32:00,Electronics,10660.69,2,0,21321.38,Central,UPI,20,0,1,4,Apr,Saturday,2
ORD104756,2023-02-03 14:10:00,Beauty,1178.5,1,15,1001.72,West,UPI,63,0,4,2,Feb,Friday,1
ORD104757,2023-11-04 13:35:00,Clothing,1287.73,1,0,1287.73,South,Debit Card,22,0,2,11,Nov,Saturday,4
ORD104758,2023-06-03 16:20:00,Books,295.02,1,0,295.02,North,Debit Card,28,0,4,6,Jun,Saturday,2
ORD104759,2023-08-23 04:33:00,Electronics,5915.01,1,0,5915.01,Central,Debit Card,48,0,5,8,Aug,Wednesday,3
ORD104760,2023-10-17 05:41:00,Books,345.17,1,10,310.66,West,Debit Card,50,0,5,10,Oct,Tuesday,4
ORD104761,2023-02-08 13:34:00,Electronics,2056.45,3,0,6169.35,North,Credit Card,45,0,2,2,Feb,Wednesday,1
ORD104762,2023-12-17 03:46:00,Sports,1985.01,1,5,1885.76,Central,Net Banking,42,0,4,12,Dec,Sunday,4
ORD104763,2023-02-26 05:51:00,Home & Kitchen,4094.71,1,0,4094.71,West,Credit Card,55,0,4,2,Feb,Sunday,1
ORD104764,2023-01-08 17:02:00,Clothing,1495.79,5,15,6357.1,Central,UPI,55,0,5,1,Jan,Sunday,1
ORD104765,2023-05-03 19:07:00,Electronics,7075.51,2,0,14151.01,West,UPI,19,0,5,5,May,Wednesday,2
ORD104766,2023-08-04 06:43:00,Clothing,1898.18,2,10,3416.72,East,UPI,31,0,5,8,Aug,Friday,3
ORD104767,2023-06-16 19:24:00,Clothing,1773.76,3,5,5055.22,South,Debit Card,32,0,5,6,Jun,Friday,2
ORD104768,2023-09-25 21:52:00,Books,188.24,1,20,150.59,West,Net Banking,64,0,4,9,Sep,Monday,3
ORD104769,2023-04-02 00:47:00,Electronics,11531.62,2,5,21910.07,East,Net Banking,29,0,5,4,Apr,Sunday,2
ORD104770,2023-03-15 09:10:00,Beauty,836.4,2,5,1589.16,East,UPI,59,0,4,3,Mar,Wednesday,1
ORD104771,2023-01-10 18:05:00,Sports,711.71,1,10,640.54,South,COD,33,0,4,1,Jan,Tuesday,1
ORD104772,2023-07-06 07:00:00,Home & Kitchen,1073.65,1,10,966.28,South,Credit Card,21,0,1,7,Jul,Thursday,3
ORD104773,2023-10-19 14:25:00,Books,447.57,2,5,850.38,North,UPI,26,0,5,10,Oct,Thursday,4
ORD104774,2023-11-29 14:00:00,Home & Kitchen,2854.81,3,0,8564.42,South,COD,37,0,5,11,Nov,Wednesday,4
ORD104775,2023-05-05 12:20:00,Books,168.77,1,0,168.77,South,Net Banking,36,0,3,5,May,Friday,2
ORD104776,2023-06-07 01:22:00,Beauty,1209.8,1,5,1149.31,East,UPI,64,0,4,6,Jun,Wednesday,2
ORD104777,2023-05-11 16:48:00,Home & Kitchen,2776.11,1,5,2637.3,North,Debit Card,60,0,3,5,May,Thursday,2
ORD104778,2023-07-08 08:43:00,Home & Kitchen,2737.21,1,0,2737.21,North,COD,52,1,4,7,Jul,Saturday,3
ORD104779,2023-12-26 08:53:00,Home & Kitchen,2127.88,5,20,8511.53,Central,Credit Card,32,0,5,12,Dec,Tuesday,4
ORD104780,2023-06-30 22:36:00,Electronics,4579.96,2,0,9159.92,West,COD,48,0,5,6,Jun,Friday,2
ORD104781,2023-09-23 11:17:00,Clothing,1447.22,2,5,2749.72,West,Credit Card,55,0,2,9,Sep,Saturday,3
ORD104782,2023-03-07 07:27:00,Clothing,1288.0,1,0,1288.0,North,UPI,43,0,3,3,Mar,Tuesday,1
ORD104783,2023-11-06 19:33:00,Home & Kitchen,2216.0,1,5,2105.2,West,UPI,41,0,4,11,Nov,Monday,4
ORD104784,2023-03-08 11:37:00,Electronics,9207.91,1,10,8287.12,East,Credit Card,19,0,4,3,Mar,Wednesday,1
ORD104785,2023-12-08 05:08:00,Home & Kitchen,2080.57,1,5,1976.54,North,COD,44,0,5,12,Dec,Friday,4
ORD104786,2023-11-06 16:24:00,Clothing,1188.17,1,10,1069.35,South,UPI,25,0,4,11,Nov,Monday,4
ORD104787,2023-10-16 19:08:00,Home & Kitchen,3202.04,2,0,6404.08,North,UPI,24,0,4,10,Oct,Monday,4
ORD104788,2023-02-07 14:59:00,Home & Kitchen,2650.46,1,15,2252.89,Central,Credit Card,55,0,4,2,Feb,Tuesday,1
ORD104789,2023-04-07 11:24:00,Clothing,2231.09,1,5,2119.53,Central,COD,40,1,3,4,Apr,Friday,2
ORD104790,2023-12-03 04:37:00,Sports,1076.26,4,0,4305.04,Central,Debit Card,53,1,4,12,Dec,Sunday,4
ORD104791,2023-10-08 07:13:00,Beauty,1135.14,2,0,2270.28,East,Debit Card,40,0,4,10,Oct,Sunday,4
ORD104792,2023-09-02 12:35:00,Beauty,1410.97,1,10,1269.88,Central,Credit Card,36,0,4,9,Sep,Saturday,3
ORD104793,2023-08-19 19:11:00,Home & Kitchen,2943.34,1,5,2796.17,East,COD,33,0,4,8,Aug,Saturday,3
ORD104794,2023-01-07 09:07:00,Home & Kitchen,2087.68,1,0,2087.68,South,UPI,45,0,4,1,Jan,Saturday,1
ORD104795,2023-01-26 16:55:00,Clothing,1191.42,2,10,2144.55,East,Net Banking,45,0,4,1,Jan,Thursday,1
ORD104796,2023-02-18 10:12:00,Clothing,1039.46,2,0,2078.93,Central,Credit Card,27,0,1,2,Feb,Saturday,1
ORD104797,2023-11-03 02:09:00,Clothing,1426.88,1,15,1212.85,South,Credit Card,37,0,4,11,Nov,Friday,4
ORD104798,2023-01-03 02:18:00,Electronics,7461.49,2,5,14176.82,East,UPI,18,0,4,1,Jan,Tuesday,1
ORD104799,2023-12-24 14:59:00,Beauty,1299.19,3,10,3507.82,West,UPI,47,0,2,12,Dec,Sunday,4
ORD104800,2023-02-04 09:47:00,Sports,3216.01,1,15,2733.61,South,Net Banking,44,0,3,2,Feb,Saturday,1
ORD104801,2023-10-16 02:13:00,Books,440.28,4,10,1585.01,East,UPI,52,0,4,10,Oct,Monday,4
ORD104802,2023-09-22 18:31:00,Clothing,1464.54,1,0,1464.54,East,UPI,32,0,3,9,Sep,Friday,3
ORD104803,2023-10-06 15:08:00,Beauty,860.73,1,5,817.7,North,Credit Card,36,0,5,10,Oct,Friday,4
ORD104804,2023-08-11 20:20:00,Sports,1170.12,1,0,1170.12,West,UPI,53,0,5,8,Aug,Friday,3
ORD104805,2023-12-08 22:08:00,Beauty,1052.59,2,0,2105.18,East,COD,61,0,4,12,Dec,Friday,4
ORD104806,2023-11-14 22:41:00,Books,410.19,1,10,369.17,South,UPI,61,0,3,11,Nov,Tuesday,4
ORD104807,2023-04-30 10:53:00,Clothing,100.0,3,5,285.0,South,UPI,54,0,5,4,Apr,Sunday,2
ORD104808,2023-08-07 13:38:00,Home & Kitchen,1169.28,1,5,1110.82,North,Debit Card,51,0,4,8,Aug,Monday,3
ORD104809,2023-10-14 19:25:00,Books,430.29,2,0,860.59,South,COD,31,0,4,10,Oct,Saturday,4
ORD104810,2023-10-07 01:41:00,Sports,1950.94,4,0,7803.75,East,Credit Card,26,0,4,10,Oct,Saturday,4
ORD104811,2023-01-03 02:30:00,Clothing,1336.61,1,0,1336.61,East,UPI,32,0,4,1,Jan,Tuesday,1
ORD104812,2023-08-18 19:26:00,Electronics,9923.17,1,10,8930.86,West,UPI,21,0,4,8,Aug,Friday,3
ORD104813,2023-08-09 18:21:00,Sports,1445.66,2,0,2891.32,West,UPI,62,0,4,8,Aug,Wednesday,3
ORD104814,2023-11-25 09:54:00,Beauty,1540.08,1,5,1463.08,North,UPI,39,0,5,11,Nov,Saturday,4
ORD104815,2023-09-09 08:07:00,Books,326.75,1,10,294.08,South,UPI,62,0,4,9,Sep,Saturday,3
ORD104816,2023-12-03 06:30:00,Electronics,6617.45,2,10,11911.4,Central,UPI,26,0,5,12,Dec,Sunday,4
ORD104817,2023-02-19 00:03:00,Home & Kitchen,2680.68,5,0,13403.42,West,Credit Card,52,0,4,2,Feb,Sunday,1
ORD104818,2023-11-25 05:04:00,Clothing,1379.89,2,5,2621.8,West,COD,64,0,2,11,Nov,Saturday,4
ORD104819,2023-02-01 07:26:00,Books,404.8,1,10,364.32,North,Debit Card,33,0,5,2,Feb,Wednesday,1
ORD104820,2023-04-02 01:09:00,Beauty,1183.41,3,0,3550.23,East,Net Banking,64,0,5,4,Apr,Sunday,2
ORD104821,2023-10-26 19:46:00,Beauty,889.01,1,10,800.11,North,Credit Card,45,0,4,10,Oct,Thursday,4
ORD104822,2023-09-05 06:13:00,Sports,1203.74,1,10,1083.36,West,UPI,42,0,5,9,Sep,Tuesday,3
ORD104823,2023-04-05 09:54:00,Books,361.91,2,10,651.45,East,UPI,53,0,4,4,Apr,Wednesday,2
ORD104824,2023-05-27 17:38:00,Home & Kitchen,1828.43,3,5,5211.01,North,Debit Card,62,0,3,5,May,Saturday,2
ORD104825,2023-08-09 00:28:00,Home & Kitchen,3456.31,1,0,3456.31,Central,Credit Card,20,0,5,8,Aug,Wednesday,3
ORD104826,2023-04-26 10:04:00,Clothing,869.63,3,0,2608.9,North,Debit Card,27,0,4,4,Apr,Wednesday,2
ORD104827,2023-07-31 10:04:00,Home & Kitchen,2738.62,1,5,2601.69,Central,UPI,33,0,4,7,Jul,Monday,3
ORD104828,2023-11-19 01:58:00,Home & Kitchen,2531.9,1,5,2405.3,Central,Net Banking,19,0,1,11,Nov,Sunday,4
ORD104829,2023-02-15 15:44:00,Books,387.44,1,10,348.7,South,COD,51,0,4,2,Feb,Wednesday,1
ORD104830,2023-10-03 18:22:00,Clothing,1275.89,1,5,1212.1,North,UPI,42,0,5,10,Oct,Tuesday,4
ORD104831,2023-04-09 08:02:00,Home & Kitchen,1168.29,1,5,1109.88,Central,Net Banking,59,0,3,4,Apr,Sunday,2
ORD104832,2023-07-01 16:00:00,Sports,1079.05,1,0,1079.05,East,UPI,39,0,4,7,Jul,Saturday,3
ORD104833,2023-02-10 23:47:00,Beauty,699.35,5,20,2797.38,North,UPI,37,0,1,2,Feb,Friday,1
ORD104834,2023-05-14 08:45:00,Home & Kitchen,2624.74,4,15,8924.1,Central,UPI,60,0,4,5,May,Sunday,2
ORD104835,2023-05-08 19:42:00,Books,678.36,2,20,1085.38,North,COD,42,0,5,5,May,Monday,2
ORD104836,2023-11-28 15:52:00,Electronics,12597.02,1,10,11337.32,West,UPI,36,0,5,11,Nov,Tuesday,4
ORD104837,2023-01-06 18:15:00,Books,222.32,4,0,889.26,North,Debit Card,46,0,5,1,Jan,Friday,1
ORD104838,2023-06-09 03:34:00,Books,144.99,2,0,289.98,East,COD,19,0,1,6,Jun,Friday,2
ORD104839,2023-11-06 22:34:00,Clothing,100.0,3,5,285.0,South,UPI,53,0,4,11,Nov,Monday,4
ORD104840,2023-01-13 21:13:00,Sports,2494.59,3,0,7483.78,Central,UPI,48,0,4,1,Jan,Friday,1
ORD104841,2023-01-21 07:32:00,Clothing,586.01,1,0,586.01,East,COD,40,0,2,1,Jan,Saturday,1
ORD104842,2023-10-11 12:43:00,Sports,858.34,1,0,858.34,East,Debit Card,59,0,5,10,Oct,Wednesday,4
ORD104843,2023-01-11 21:28:00,Beauty,1384.93,1,0,1384.93,Central,Credit Card,36,0,4,1,Jan,Wednesday,1
ORD104844,2023-07-20 10:10:00,Clothing,466.86,4,15,1587.32,Central,Debit Card,41,0,3,7,Jul,Thursday,3
ORD104845,2023-07-15 09:44:00,Electronics,14885.1,1,0,14885.1,West,Debit Card,36,0,3,7,Jul,Saturday,3
ORD104846,2023-04-15 23:15:00,Clothing,2256.6,2,10,4061.89,East,Debit Card,53,0,5,4,Apr,Saturday,2
ORD104847,2023-04-13 01:59:00,Clothing,736.75,3,10,1989.24,South,Credit Card,23,1,4,4,Apr,Thursday,2
ORD104848,2023-06-03 08:54:00,Home & Kitchen,2678.51,1,0,2678.51,North,Credit Card,42,0,5,6,Jun,Saturday,2
ORD104849,2023-01-28 13:31:00,Sports,920.08,1,10,828.08,North,Credit Card,63,1,4,1,Jan,Saturday,1
ORD104850,2023-10-13 15:02:00,Sports,2408.91,1,0,2408.91,Central,UPI,48,0,4,10,Oct,Friday,4
ORD104851,2023-03-02 19:44:00,Beauty,792.63,1,10,713.37,Central,UPI,42,0,4,3,Mar,Thursday,1
ORD104852,2023-12-21 20:56:00,Beauty,784.59,2,20,1255.34,East,Net Banking,39,0,1,12,Dec,Thursday,4
ORD104853,2023-02-17 06:43:00,Electronics,4271.1,3,10,11531.97,South,Net Banking,30,0,4,2,Feb,Friday,1
ORD104854,2023-02-21 03:21:00,Home & Kitchen,1792.06,1,15,1523.25,Central,UPI,38,1,3,2,Feb,Tuesday,1
ORD104855,2023-10-15 01:21:00,Books,115.21,2,0,230.41,South,Net Banking,19,1,2,10,Oct,Sunday,4
ORD104856,2023-04-06 21:07:00,Clothing,1551.06,1,0,1551.06,North,Credit Card,57,0,5,4,Apr,Thursday,2
ORD104857,2023-01-17 09:29:00,Home & Kitchen,1610.87,2,5,3060.66,South,UPI,23,0,1,1,Jan,Tuesday,1
ORD104858,2023-04-26 19:57:00,Books,531.01,1,10,477.91,West,Debit Card,49,0,5,4,Apr,Wednesday,2
ORD104859,2023-09-02 08:23:00,Home & Kitchen,1105.0,1,0,1105.0,East,UPI,27,1,4,9,Sep,Saturday,3
ORD104860,2023-12-24 01:55:00,Beauty,1456.35,3,0,4369.04,Central,Debit Card,26,0,4,12,Dec,Sunday,4
ORD104861,2023-03-12 20:57:00,Beauty,1285.78,1,0,1285.78,South,UPI,47,0,4,3,Mar,Sunday,1
ORD104862,2023-05-29 12:47:00,Electronics,3535.54,5,5,16793.8,North,Net Banking,32,1,5,5,May,Monday,2
ORD104863,2023-06-23 23:15:00,Sports,1939.19,5,15,8241.54,Central,UPI,51,0,3,6,Jun,Friday,2
ORD104864,2023-07-18 13:08:00,Home & Kitchen,2956.71,2,0,5913.41,West,UPI,29,0,4,7,Jul,Tuesday,3
ORD104865,2023-12-26 18:24:00,Books,381.9,1,10,343.71,North,UPI,27,0,4,12,Dec,Tuesday,4
ORD104866,2023-03-12 23:24:00,Electronics,7307.61,1,10,6576.85,North,Debit Card,21,0,4,3,Mar,Sunday,1
ORD104867,2023-01-09 04:23:00,Books,235.91,2,5,448.23,West,Net Banking,58,0,3,1,Jan,Monday,1
ORD104868,2023-01-04 06:58:00,Home & Kitchen,2257.49,2,15,3837.74,West,Credit Card,55,0,4,1,Jan,Wednesday,1
ORD104869,2023-06-19 01:25:00,Electronics,7513.09,1,0,7513.09,South,UPI,64,0,2,6,Jun,Monday,2
ORD104870,2023-05-03 13:53:00,Home & Kitchen,2330.39,2,0,4660.78,North,UPI,41,0,5,5,May,Wednesday,2
ORD104871,2023-09-29 20:05:00,Clothing,1408.97,3,10,3804.21,West,UPI,60,0,4,9,Sep,Friday,3
ORD104872,2023-11-16 17:37:00,Electronics,14974.06,1,10,13476.65,North,UPI,26,0,4,11,Nov,Thursday,4
ORD104873,2023-10-28 01:37:00,Clothing,671.19,1,20,536.95,North,COD,60,0,3,10,Oct,Saturday,4
ORD104874,2023-05-02 20:01:00,Electronics,6960.87,2,5,13225.65,South,UPI,18,0,4,5,May,Tuesday,2
ORD104875,2023-11-08 08:21:00,Electronics,10248.8,1,0,10248.8,South,Debit Card,42,0,4,11,Nov,Wednesday,4
ORD104876,2023-07-09 18:29:00,Home & Kitchen,1828.53,2,5,3474.2,Central,UPI,22,0,2,7,Jul,Sunday,3
ORD104877,2023-10-22 20:52:00,Electronics,7137.53,3,5,20341.96,South,COD,35,0,5,10,Oct,Sunday,4
ORD104878,2023-01-26 19:45:00,Electronics,6671.28,3,0,20013.83,Central,Credit Card,46,0,1,1,Jan,Thursday,1
ORD104879,2023-08-26 11:58:00,Clothing,1257.72,1,10,1131.95,West,COD,24,0,4,8,Aug,Saturday,3
ORD104880,2023-06-14 08:51:00,Beauty,960.84,2,10,1729.52,East,COD,22,0,5,6,Jun,Wednesday,2
ORD104881,2023-03-12 01:20:00,Sports,2192.67,2,10,3946.81,East,Debit Card,48,0,2,3,Mar,Sunday,1
ORD104882,2023-05-25 22:18:00,Sports,1942.47,1,5,1845.34,East,UPI,43,0,5,5,May,Thursday,2
ORD104883,2023-03-05 17:01:00,Electronics,5554.12,1,0,5554.12,Central,UPI,27,0,4,3,Mar,Sunday,1
ORD104884,2023-11-01 12:22:00,Sports,1801.14,3,5,5133.24,East,Credit Card,21,0,3,11,Nov,Wednesday,4
ORD104885,2023-05-25 10:25:00,Books,364.67,3,0,1094.0,West,UPI,20,0,2,5,May,Thursday,2
ORD104886,2023-11-02 21:23:00,Clothing,670.97,1,10,603.87,South,UPI,39,0,3,11,Nov,Thursday,4
ORD104887,2023-09-11 01:20:00,Sports,1419.24,1,5,1348.28,West,UPI,24,0,5,9,Sep,Monday,3
ORD104888,2023-07-29 03:51:00,Clothing,1750.68,5,0,8753.41,West,Net Banking,27,0,3,7,Jul,Saturday,3
ORD104889,2023-10-05 13:01:00,Books,329.82,2,0,659.64,West,UPI,36,0,4,10,Oct,Thursday,4
ORD104890,2023-11-24 04:48:00,Home & Kitchen,1394.9,1,10,1255.41,West,COD,45,0,3,11,Nov,Friday,4
ORD104891,2023-01-09 04:12:00,Home & Kitchen,904.25,1,10,813.83,East,Debit Card,41,0,4,1,Jan,Monday,1
ORD104892,2023-07-07 16:23:00,Electronics,7328.85,1,10,6595.96,North,UPI,51,0,4,7,Jul,Friday,3
ORD104893,2023-12-15 00:04:00,Clothing,546.19,2,0,1092.39,West,UPI,19,0,3,12,Dec,Friday,4
ORD104894,2023-11-22 02:27:00,Beauty,775.02,1,0,775.02,West,Net Banking,27,0,3,11,Nov,Wednesday,4
ORD104895,2023-08-05 01:22:00,Books,417.02,1,0,417.02,Central,Credit Card,41,0,5,8,Aug,Saturday,3
ORD104896,2023-07-11 04:11:00,Electronics,4982.77,1,0,4982.77,East,UPI,33,0,4,7,Jul,Tuesday,3
ORD104897,2023-05-06 18:20:00,Clothing,1127.43,2,10,2029.38,East,Credit Card,48,0,5,5,May,Saturday,2
ORD104898,2023-01-29 22:24:00,Books,393.84,1,5,374.15,East,Debit Card,32,0,4,1,Jan,Sunday,1
ORD104899,2023-04-20 03:43:00,Books,719.12,4,10,2588.85,East,Debit Card,28,0,4,4,Apr,Thursday,2
ORD104900,2023-10-26 01:20:00,Home & Kitchen,1856.58,1,0,1856.58,West,UPI,61,0,5,10,Oct,Thursday,4
ORD104901,2023-02-10 20:59:00,Beauty,1172.49,3,10,3165.73,Central,Debit Card,60,1,4,2,Feb,Friday,1
ORD104902,2023-07-23 13:47:00,Sports,846.35,1,10,761.71,East,Net Banking,49,0,4,7,Jul,Sunday,3
ORD104903,2023-10-25 06:27:00,Home & Kitchen,2233.59,1,0,2233.59,East,UPI,26,0,1,10,Oct,Wednesday,4
ORD104904,2023-10-11 07:12:00,Electronics,7445.54,3,0,22336.62,East,Debit Card,23,0,3,10,Oct,Wednesday,4
ORD104905,2023-05-16 20:42:00,Home & Kitchen,2139.78,1,10,1925.8,Central,Credit Card,19,0,4,5,May,Tuesday,2
ORD104906,2023-01-04 11:43:00,Sports,2278.66,1,5,2164.73,West,UPI,41,0,5,1,Jan,Wednesday,1
ORD104907,2023-05-05 23:44:00,Clothing,1667.35,1,0,1667.35,West,Net Banking,43,0,3,5,May,Friday,2
ORD104908,2023-02-15 17:16:00,Beauty,927.46,1,0,927.46,South,Net Banking,55,0,5,2,Feb,Wednesday,1
ORD104909,2023-02-21 18:11:00,Beauty,675.31,1,0,675.31,South,UPI,57,0,5,2,Feb,Tuesday,1
ORD104910,2023-08-10 15:15:00,Books,278.0,1,0,278.0,South,UPI,37,0,4,8,Aug,Thursday,3
ORD104911,2023-12-20 22:38:00,Clothing,346.78,1,0,346.78,West,UPI,37,0,4,12,Dec,Wednesday,4
ORD104912,2023-03-10 06:36:00,Beauty,884.97,3,0,2654.92,West,UPI,60,0,4,3,Mar,Friday,1
ORD104913,2023-04-06 17:58:00,Electronics,6614.7,1,0,6614.7,South,UPI,27,0,4,4,Apr,Thursday,2
ORD104914,2023-07-22 14:24:00,Clothing,377.41,1,15,320.8,Central,Net Banking,46,0,3,7,Jul,Saturday,3
ORD104915,2023-04-06 08:10:00,Beauty,704.88,1,0,704.88,West,Credit Card,18,0,3,4,Apr,Thursday,2
ORD104916,2023-11-15 22:10:00,Clothing,646.29,1,0,646.29,South,Debit Card,55,0,4,11,Nov,Wednesday,4
ORD104917,2023-11-30 04:02:00,Books,415.6,1,10,374.04,South,UPI,47,0,5,11,Nov,Thursday,4
ORD104918,2023-01-12 18:06:00,Clothing,751.35,3,0,2254.06,East,Debit Card,32,0,4,1,Jan,Thursday,1
ORD104919,2023-02-03 13:39:00,Electronics,7222.69,3,0,21668.07,South,UPI,45,0,4,2,Feb,Friday,1
ORD104920,2023-09-22 08:18:00,Clothing,283.1,1,10,254.79,South,UPI,21,0,5,9,Sep,Friday,3
ORD104921,2023-09-11 21:04:00,Books,366.7,1,0,366.7,Central,Credit Card,38,0,4,9,Sep,Monday,3
ORD104922,2023-11-08 00:51:00,Clothing,287.17,5,10,1292.29,West,UPI,62,0,4,11,Nov,Wednesday,4
ORD104923,2023-02-13 10:53:00,Books,339.22,1,5,322.26,East,Debit Card,27,0,1,2,Feb,Monday,1
ORD104924,2023-07-19 01:58:00,Clothing,778.17,2,5,1478.52,West,UPI,27,0,3,7,Jul,Wednesday,3
ORD104925,2023-12-20 19:39:00,Sports,818.52,1,0,818.52,North,UPI,30,0,4,12,Dec,Wednesday,4
ORD104926,2023-03-05 00:00:00,Clothing,1427.83,2,0,2855.66,West,Debit Card,22,0,2,3,Mar,Sunday,1
ORD104927,2023-04-20 21:09:00,Clothing,873.29,2,0,1746.58,South,Debit Card,53,0,5,4,Apr,Thursday,2
ORD104928,2023-11-17 23:49:00,Home & Kitchen,1806.16,1,10,1625.55,South,COD,20,0,3,11,Nov,Friday,4
ORD104929,2023-08-19 14:29:00,Home & Kitchen,2170.16,2,15,3689.28,South,UPI,42,0,5,8,Aug,Saturday,3
ORD104930,2023-08-01 23:32:00,Electronics,8175.73,2,10,14716.31,North,COD,50,0,5,8,Aug,Tuesday,3
ORD104931,2023-06-02 23:30:00,Home & Kitchen,2367.82,1,5,2249.43,North,COD,53,0,4,6,Jun,Friday,2
ORD104932,2023-01-02 06:35:00,Home & Kitchen,4115.94,2,5,7820.28,East,UPI,43,0,3,1,Jan,Monday,1
ORD104933,2023-01-18 10:39:00,Home & Kitchen,2810.61,1,15,2389.02,East,UPI,63,0,4,1,Jan,Wednesday,1
ORD104934,2023-06-05 04:40:00,Sports,1832.36,1,0,1832.36,East,UPI,40,0,5,6,Jun,Monday,2
ORD104935,2023-11-24 15:50:00,Electronics,8423.06,3,10,22742.25,East,Debit Card,49,0,4,11,Nov,Friday,4
ORD104936,2023-09-11 08:01:00,Clothing,1052.65,1,0,1052.65,West,Credit Card,44,0,3,9,Sep,Monday,3
ORD104937,2023-09-17 05:27:00,Books,262.55,2,15,446.33,West,Credit Card,50,1,1,9,Sep,Sunday,3
ORD104938,2023-10-19 00:53:00,Books,400.22,4,10,1440.78,West,Net Banking,43,0,4,10,Oct,Thursday,4
ORD104939,2023-01-21 07:45:00,Electronics,6372.09,1,5,6053.49,West,UPI,43,0,2,1,Jan,Saturday,1
ORD104940,2023-12-06 11:40:00,Sports,880.69,2,15,1497.16,West,Net Banking,20,0,4,12,Dec,Wednesday,4
ORD104941,2023-07-30 23:04:00,Books,292.59,1,0,292.59,East,Credit Card,28,0,4,7,Jul,Sunday,3
ORD104942,2023-06-11 19:31:00,Books,100.0,4,20,320.0,Central,UPI,21,0,2,6,Jun,Sunday,2
ORD104943,2023-04-22 18:44:00,Sports,1080.64,1,0,1080.64,Central,Debit Card,25,0,3,4,Apr,Saturday,2
ORD104944,2023-10-22 17:45:00,Beauty,1136.79,2,5,2159.9,East,Net Banking,58,0,4,10,Oct,Sunday,4
ORD104945,2023-02-09 08:38:00,Sports,1406.25,1,10,1265.62,Central,Credit Card,24,1,4,2,Feb,Thursday,1
ORD104946,2023-11-14 10:52:00,Sports,679.64,1,0,679.64,East,UPI,33,0,4,11,Nov,Tuesday,4
ORD104947,2023-11-02 22:51:00,Books,100.0,1,10,90.0,South,UPI,62,0,5,11,Nov,Thursday,4
ORD104948,2023-08-12 09:13:00,Home & Kitchen,1188.01,1,15,1009.8,South,UPI,19,0,3,8,Aug,Saturday,3
ORD104949,2023-10-30 08:57:00,Clothing,1187.53,3,10,3206.34,West,UPI,30,0,1,10,Oct,Monday,4
ORD104950,2023-03-22 22:35:00,Electronics,9499.66,2,5,18049.36,Central,Debit Card,40,0,5,3,Mar,Wednesday,1
ORD104951,2023-11-30 02:42:00,Sports,2952.99,1,0,2952.99,North,UPI,28,0,2,11,Nov,Thursday,4
ORD104952,2023-10-15 10:14:00,Books,100.0,1,5,95.0,East,UPI,39,0,5,10,Oct,Sunday,4
ORD104953,2023-02-07 05:43:00,Beauty,482.77,1,0,482.77,West,Credit Card,63,0,5,2,Feb,Tuesday,1
ORD104954,2023-03-25 04:58:00,Beauty,540.28,1,5,513.26,South,Net Banking,36,0,2,3,Mar,Saturday,1
ORD104955,2023-12-27 09:31:00,Sports,1603.12,2,5,3045.92,East,UPI,40,0,5,12,Dec,Wednesday,4
ORD104956,2023-03-24 10:25:00,Beauty,1103.33,1,5,1048.16,West,Debit Card,34,0,4,3,Mar,Friday,1
ORD104957,2023-09-09 02:54:00,Beauty,979.5,1,0,979.5,Central,Debit Card,35,0,3,9,Sep,Saturday,3
ORD104958,2023-03-14 04:13:00,Sports,1939.64,1,5,1842.66,West,Credit Card,19,0,2,3,Mar,Tuesday,1
ORD104959,2023-11-29 15:03:00,Sports,2189.52,3,0,6568.55,East,Debit Card,25,0,4,11,Nov,Wednesday,4
ORD104960,2023-02-04 12:33:00,Books,678.16,1,0,678.16,North,UPI,38,0,5,2,Feb,Saturday,1
ORD104961,2023-04-13 22:46:00,Electronics,3901.0,2,0,7801.99,East,Credit Card,56,0,2,4,Apr,Thursday,2
ORD104962,2023-07-25 09:29:00,Books,209.28,1,0,209.28,Central,Credit Card,37,0,5,7,Jul,Tuesday,3
ORD104963,2023-07-20 00:48:00,Books,381.71,1,5,362.62,East,Credit Card,39,0,1,7,Jul,Thursday,3
ORD104964,2023-08-16 19:17:00,Beauty,877.55,3,10,2369.39,Central,Debit Card,19,0,3,8,Aug,Wednesday,3
ORD104965,2023-04-09 21:34:00,Home & Kitchen,475.12,1,0,475.12,South,COD,37,0,4,4,Apr,Sunday,2
ORD104966,2023-08-16 04:12:00,Sports,2124.32,2,5,4036.21,West,Net Banking,32,0,4,8,Aug,Wednesday,3
ORD104967,2023-10-06 01:36:00,Electronics,9598.71,1,0,9598.71,South,Credit Card,41,0,4,10,Oct,Friday,4
ORD104968,2023-07-25 04:00:00,Home & Kitchen,2569.24,2,0,5138.47,North,Credit Card,50,0,5,7,Jul,Tuesday,3
ORD104969,2023-06-13 23:28:00,Books,505.31,1,0,505.31,Central,Credit Card,45,0,1,6,Jun,Tuesday,2
ORD104970,2023-06-19 15:42:00,Books,257.57,2,5,489.38,Central,COD,53,1,4,6,Jun,Monday,2
ORD104971,2023-06-17 11:56:00,Books,217.13,2,5,412.55,West,UPI,22,0,4,6,Jun,Saturday,2
ORD104972,2023-05-11 15:27:00,Clothing,2109.82,3,10,5696.51,East,UPI,54,0,4,5,May,Thursday,2
ORD104973,2023-07-17 16:28:00,Electronics,11223.18,3,0,33669.53,East,Credit Card,30,0,3,7,Jul,Monday,3
ORD104974,2023-09-29 04:18:00,Home & Kitchen,1755.37,1,20,1404.3,North,UPI,30,0,4,9,Sep,Friday,3
ORD104975,2023-07-15 11:16:00,Home & Kitchen,3419.44,2,5,6496.94,East,UPI,57,0,5,7,Jul,Saturday,3
ORD104976,2023-05-12 09:16:00,Clothing,1788.18,1,15,1519.95,North,Debit Card,39,0,3,5,May,Friday,2
ORD104977,2023-11-10 15:59:00,Sports,1477.96,3,0,4433.87,East,UPI,51,0,4,11,Nov,Friday,4
ORD104978,2023-04-14 16:26:00,Clothing,250.98,1,0,250.98,Central,COD,26,0,2,4,Apr,Friday,2
ORD104979,2023-09-20 07:53:00,Electronics,8718.35,2,0,17436.69,East,Net Banking,50,1,5,9,Sep,Wednesday,3
ORD104980,2023-02-02 14:01:00,Electronics,7624.26,1,0,7624.26,South,Credit Card,62,1,4,2,Feb,Thursday,1
ORD104981,2023-11-15 09:51:00,Electronics,5915.04,1,20,4732.03,East,UPI,31,0,4,11,Nov,Wednesday,4
ORD104982,2023-09-20 20:26:00,Clothing,1251.21,1,5,1188.65,North,UPI,21,0,5,9,Sep,Wednesday,3
ORD104983,2023-06-20 23:03:00,Beauty,1058.21,1,0,1058.21,Central,Credit Card,64,0,5,6,Jun,Tuesday,2
ORD104984,2023-04-25 00:38:00,Sports,3121.04,2,5,5929.97,East,Debit Card,37,0,5,4,Apr,Tuesday,2
ORD104985,2023-05-18 21:37:00,Clothing,1717.41,1,0,1717.41,North,Credit Card,50,0,4,5,May,Thursday,2
ORD104986,2023-11-23 02:52:00,Home & Kitchen,865.28,1,10,778.76,Central,Credit Card,42,0,5,11,Nov,Thursday,4
ORD104987,2023-10-22 15:08:00,Home & Kitchen,2162.8,1,5,2054.66,East,UPI,31,0,4,10,Oct,Sunday,4
ORD104988,2023-10-12 08:07:00,Clothing,2351.43,2,0,4702.86,South,UPI,19,0,4,10,Oct,Thursday,4
ORD104989,2023-05-19 16:00:00,Sports,1926.89,2,0,3853.79,East,UPI,25,0,5,5,May,Friday,2
ORD104990,2023-08-26 06:22:00,Electronics,8879.79,2,0,17759.58,West,Debit Card,54,0,4,8,Aug,Saturday,3
ORD104991,2023-06-03 16:00:00,Home & Kitchen,1601.3,2,0,3202.6,Central,UPI,62,0,5,6,Jun,Saturday,2
ORD104992,2023-11-24 07:36:00,Beauty,1058.4,5,0,5292.01,East,Debit Card,64,0,3,11,Nov,Friday,4
ORD104993,2023-10-27 20:48:00,Books,754.15,2,0,1508.3,Central,UPI,27,0,5,10,Oct,Friday,4
ORD104994,2023-08-10 00:10:00,Beauty,654.42,1,0,654.42,Central,UPI,34,0,4,8,Aug,Thursday,3
ORD104995,2023-11-30 01:51:00,Clothing,650.64,2,0,1301.28,South,COD,63,0,1,11,Nov,Thursday,4
ORD104996,2023-09-29 19:48:00,Books,371.65,2,5,706.13,South,UPI,33,0,5,9,Sep,Friday,3
ORD104997,2023-11-09 00:29:00,Books,367.95,2,0,735.91,South,Net Banking,57,1,5,11,Nov,Thursday,4
ORD104998,2023-01-21 07:06:00,Clothing,1811.63,4,0,7246.53,Central,Debit Card,54,0,4,1,Jan,Saturday,1
ORD104999,2023-08-24 15:18:00,Beauty,715.92,1,5,680.13,Central,Credit Card,42,0,3,8,Aug,Thursday,3
